{
  "pairs": 4096,
  "q": 248077,
  "beam_per_level": 1024,
  "levels": 3,
  "simultaneous_level_one_radius": 0.09301748152275426,
  "residual_max": 0.1912122666835785,
  "residual_lower_bound": 0.09819478516082424,
  "strict_energy_0.10_certified": false,
  "energy_0.05_level_one_certified": true,
  "complete_frontier_certified": false,
  "bank_size": 3072,
  "distinct_after_constant_and_conjugate_deduplication": 1437,
  "degree_histogram": {"1": 689, "2": 566, "3": 182},
  "best_by_level": [0.1912122666835785, 0.1679244339466095, 0.15656864643096924],
  "rollout_seconds_by_level": [995.526335477829, 993.4691178798676, 981.4508364200592]
}
