{
  "artifact": "/cache/qwen35_argl/spectral_eb_energy_xonly_l128_qwen5c8a1b9_p4096_l1_b109000.json",
  "model_id": "Qwen/Qwen3.5-0.8B-Base",
  "model_revision": "5c8a1b97ddef11f79b47ab9d07bf82b9117413f6",
  "target_law": "qwen_x_only_context_128_qwen_5c8a1b9",
  "q": 248077,
  "pairs": 4096,
  "frequency_bank_size": 54501,
  "stored_pair_span_in_complex_characters": 109002,
  "search_target": "argmax_raw",
  "threshold_energy": 0.1,
  "score_quantiles": [
    0.1953469216823578,
    0.20576278865337372,
    0.2159089893102646,
    0.23120807111263275,
    0.345458984375
  ],
  "empirical_bernstein_radius_quantiles": [
    0.06524073332548141,
    0.06620854139328003,
    0.06684654206037521,
    0.06770137697458267,
    0.07223774492740631
  ],
  "certified_heavy": 248077,
  "unresolved": 0,
  "certified_light": 0,
  "strict_frontier_status": "infeasible_live_width",
  "strict_frontier_width": 248077,
  "root_energy_profile": {
    "discovery_pairs": 2048,
    "confirmation_pairs": 2048,
    "confirmed_total_energy": 52328.735561326146,
    "rows": [
      {
        "k": 100000,
        "confirmed_energy_sum": 21233.271519601345,
        "confirmed_fraction_point": 0.4057669517872684,
        "confirmed_standard_error": 900.9699327773444,
        "iid_complex_gaussian_fraction": 0.7693454031843807
      },
      {
        "k": 109000,
        "confirmed_energy_sum": 23128.675896510482,
        "confirmed_fraction_point": 0.4419880520408344,
        "confirmed_standard_error": 982.10457660374,
        "iid_complex_gaussian_fraction": 0.8007217583984664
      },
      {
        "k": 131072,
        "confirmed_energy_sum": 27771.770921573043,
        "confirmed_fraction_point": 0.530717408392683,
        "confirmed_standard_error": 1181.1278460509927,
        "iid_complex_gaussian_fraction": 0.865436693904057
      }
    ],
    "warning": "selected-set sums are cross-fit; ratios and Gaussian overlays remain descriptive"
  }
}
