Downloading cpython-3.13.13-linux-x86_64-gnu (download) (33.3MiB)
 Downloaded cpython-3.13.13-linux-x86_64-gnu (download)
Installed Python 3.13.13 in 1.25s
 + cpython-3.13.13-linux-x86_64-gnu (python3.13)
warning: `/root/.local/bin` is not on your PATH. To use installed Python executables, run `export PATH="/root/.local/bin:$PATH"` or `uv python update-shell`.
Using CPython 3.13.13
Creating virtual environment at: /cache/exp14/runtime/venv
Activate with: source cache/exp14/runtime/venv/bin/activate
Using Python 3.13.13 environment at: /cache/exp14/runtime/venv
Resolved 28 packages in 566ms
Downloading networkx (2.0MiB)
Downloading setuptools (1.2MiB)
Downloading nvidia-cuda-cupti-cu12 (9.8MiB)
Downloading triton (179.6MiB)
Downloading nvidia-curand-cu12 (60.7MiB)
Downloading torch (874.4MiB)
Downloading cuda-bindings (11.4MiB)
Downloading sympy (6.0MiB)
Downloading nvidia-cufft-cu12 (184.2MiB)
Downloading nvidia-nccl-cu12 (307.4MiB)
Downloading nvidia-nvshmem-cu12 (132.7MiB)
Downloading nvidia-cuda-nvrtc-cu12 (84.0MiB)
Downloading nvidia-cusparse-cu12 (274.9MiB)
Downloading nvidia-cublas-cu12 (566.8MiB)
Downloading nvidia-cufile-cu12 (1.1MiB)
Downloading nvidia-cusolver-cu12 (255.1MiB)
Downloading nvidia-cusparselt-cu12 (273.9MiB)
Downloading nvidia-nvjitlink-cu12 (37.4MiB)
Downloading nvidia-cudnn-cu12 (674.0MiB)
 Downloaded nvidia-cufile-cu12
 Downloaded nvidia-cuda-cupti-cu12
 Downloaded cuda-bindings
 Downloaded setuptools
 Downloaded nvidia-curand-cu12
 Downloaded networkx
 Downloaded nvidia-nvjitlink-cu12
 Downloaded triton
 Downloaded nvidia-cuda-nvrtc-cu12
 Downloaded sympy
 Downloaded nvidia-cufft-cu12
 Downloaded nvidia-nvshmem-cu12
 Downloaded nvidia-nccl-cu12
 Downloaded nvidia-cusparse-cu12
 Downloaded nvidia-cusolver-cu12
 Downloaded nvidia-cusparselt-cu12
 Downloaded nvidia-cublas-cu12
 Downloaded nvidia-cudnn-cu12
 Downloaded torch
Prepared 28 packages in 38.41s
Installed 28 packages in 510ms
 + cuda-bindings==12.9.4
 + cuda-pathfinder==1.2.2
 + filelock==3.29.0
 + fsspec==2026.4.0
 + jinja2==3.1.6
 + markupsafe==3.0.3
 + mpmath==1.3.0
 + networkx==3.6.1
 + nvidia-cublas-cu12==12.8.4.1
 + nvidia-cuda-cupti-cu12==12.8.90
 + nvidia-cuda-nvrtc-cu12==12.8.93
 + nvidia-cuda-runtime-cu12==12.8.90
 + nvidia-cudnn-cu12==9.10.2.21
 + nvidia-cufft-cu12==11.3.3.83
 + nvidia-cufile-cu12==1.13.1.3
 + nvidia-curand-cu12==10.3.9.90
 + nvidia-cusolver-cu12==11.7.3.90
 + nvidia-cusparse-cu12==12.5.8.93
 + nvidia-cusparselt-cu12==0.7.1
 + nvidia-nccl-cu12==2.27.5
 + nvidia-nvjitlink-cu12==12.8.93
 + nvidia-nvshmem-cu12==3.4.5
 + nvidia-nvtx-cu12==12.8.90
 + setuptools==78.1.0
 + sympy==1.14.0
 + torch==2.10.0+cu128
 + triton==3.6.0
 + typing-extensions==4.15.0
Using Python 3.13.13 environment at: /cache/exp14/runtime/venv
Resolved 57 packages in 993ms
Downloading tokenizers (3.1MiB)
Downloading transformers (11.1MiB)
Downloading pydantic-core (2.0MiB)
Downloading hf-xet (4.3MiB)
Downloading pygments (1.2MiB)
Downloading numpy (15.9MiB)
Downloading aiohttp (1.7MiB)
Downloading pyarrow (47.8MiB)
Downloading wandb (25.3MiB)
Downloading pandas (10.4MiB)
 Downloaded pydantic-core
 Downloaded aiohttp
 Downloaded tokenizers
 Downloaded hf-xet
 Downloaded pygments
 Downloaded numpy
 Downloaded pandas
 Downloaded wandb
 Downloaded pyarrow
 Downloaded transformers
Prepared 55 packages in 2.38s
Uninstalled 1 package in 1ms
Installed 55 packages in 335ms
 + aiohappyeyeballs==2.7.1
 + aiohttp==3.14.3
 + aiosignal==1.4.0
 + annotated-doc==0.0.5
 + annotated-types==0.8.0
 + anyio==4.14.2
 + attrs==26.1.0
 + certifi==2026.7.22
 + charset-normalizer==3.4.9
 + click==8.4.2
 + datasets==4.4.0
 + dill==0.4.0
 + einops==0.8.2
 + fla-core==0.5.2
 + flash-linear-attention==0.5.2
 + frozenlist==1.8.0
 - fsspec==2026.4.0
 + fsspec==2025.10.0
 + h11==0.16.0
 + hf-xet==1.6.0
 + httpcore==1.0.9
 + httpx==0.28.1
 + huggingface-hub==1.26.0
 + idna==3.18
 + markdown-it-py==4.2.0
 + mdurl==0.1.2
 + multidict==6.7.1
 + multiprocess==0.70.18
 + numpy==2.5.1
 + packaging==26.2
 + pandas==3.0.5
 + platformdirs==4.11.0
 + propcache==0.5.2
 + protobuf==7.35.1
 + pyarrow==25.0.0
 + pydantic==2.13.4
 + pydantic-core==2.46.4
 + pygments==2.20.0
 + python-dateutil==2.9.0.post0
 + pyyaml==6.0.3
 + regex==2026.7.19
 + requests==2.34.2
 + rich==15.0.0
 + safetensors==0.8.0
 + sentry-sdk==2.66.1
 + shellingham==1.5.4
 + six==1.17.0
 + tokenizers==0.22.2
 + tqdm==4.70.0
 + transformers==5.14.1
 + typer==0.27.1
 + typing-inspection==0.4.2
 + urllib3==2.7.0
 + wandb==0.28.1
 + xxhash==3.8.1
 + yarl==1.24.5
EXP14_RUNTIME_READY 2.10.0+cu128 8
/cache/exp10/data/wikitext/manifest.json: OK
/cache/exp10/data/wikitext/train.npy: OK
/cache/exp10/data/wikitext/validation.npy: OK
/cache/exp10/data/wikitext/test.npy: OK
wandb: [wandb.login()] Using explicit session credentials for https://api.wandb.ai.
wandb: No netrc file found, creating one.
wandb: Appending key for api.wandb.ai to your netrc file: /root/.netrc
wandb: Currently logged in as: lev-tear (lev-tear-tear-labs) to https://api.wandb.ai. Use `wandb login --relogin` to force relogin
wandb: setting up run e7vf53oi
wandb: Tracking run with wandb version 0.28.1
wandb: Run data is saved locally in /wandb/run-20260804_144700-e7vf53oi
wandb: Run `wandb offline` to turn off syncing.
wandb: Syncing run exp16-router-learning-causal-use
wandb: ⭐️ View project at https://wandb.ai/lev-tear-tear-labs/exp16-router-diagnostics
wandb: 🚀 View run at https://wandb.ai/lev-tear-tear-labs/exp16-router-diagnostics/runs/e7vf53oi
WANDB_URL=https://wandb.ai/lev-tear-tear-labs/exp16-router-diagnostics/runs/e7vf53oi
wandb: updating run metadata
wandb: uploading history steps 0-7, summary
wandb: 
wandb: Run history:
wandb: screen/both_neutral_minus_normal_nll █▂▁▂▃▆▆▁
wandb:          screen/destination_gate_std █▇▁▆▃▃▃▅
wandb:              screen/router_grad_norm ▃▁█▇▅▂▁▃
wandb:               screen/source_gate_std ▁▁▁▇▆▄██
wandb:             screen/tokens_per_second ▂█▁▁▁▁▁▁
wandb:          screen/validation_block_nll ▄▁▆▅█▄▅▂
wandb: 
wandb: Run summary:
wandb:         best_bidec_minus_current_nll -9e-05
wandb:                     best_bidec_track bidec-router-10x
wandb:                 best_router_gate_std 0.12181
wandb: best_router_neutral_minus_normal_nll 1e-05
wandb: screen/both_neutral_minus_normal_nll -0.0
wandb:          screen/destination_gate_std 0.09464
wandb:              screen/router_grad_norm 0.00664
wandb:               screen/source_gate_std 0.23884
wandb:             screen/tokens_per_second 109039.44584
wandb:                         screen/track bi-router-10x
wandb:                                   +2 ...
wandb: 
wandb: 🚀 View run exp16-router-learning-causal-use at: https://wandb.ai/lev-tear-tear-labs/exp16-router-diagnostics/runs/e7vf53oi
wandb: ⭐️ View project at: https://wandb.ai/lev-tear-tear-labs/exp16-router-diagnostics
wandb: Synced 5 W&B file(s), 0 media file(s), 0 artifact file(s) and 0 other file(s)
wandb: Find logs at: 
{
  "best_bidec_minus_current_nll": -8.74251127243042e-05,
  "best_bidec_track": "bidec-router-10x",
  "best_router_gate_std": 0.12180610577118739,
  "best_router_neutral_minus_normal_nll": 1.3589859008789062e-05,
  "cloud_only_training": true,
  "final": [],
  "gpu_count": 8,
  "preflight": {
    "benchmarks": {
      "bi-router-10x": {
        "batch": 512,
        "execution_mode": "default",
        "finite_forward_backward_optimizer": true,
        "global_examples_per_step": 512,
        "global_tokens_per_step": 131072,
        "gpu_samples": 32,
        "gradient_accumulation": 1,
        "kind": "benchmark",
        "last_nll": 7.516815185546875,
        "loss_implementation": "fla-fused-linear-cross-entropy-exact",
        "median_gpu_utilization_percent": 100.0,
        "median_power_watts": 349.08000000000004,
        "model": "bi-r8",
        "optimizer_family": "adamw",
        "optimizer_routing": {
          "family": "adamw",
          "parameters": 5433664
        },
        "peak_allocated_gib": 66.42239046096802,
        "peak_nvidia_memory_mib": 70272.0,
        "peak_reserved_gib": 67.884765625,
        "status": "complete",
        "step_seconds": 1.2098934202999942,
        "tokens_per_second": 108333.50921728343,
        "warmup_seconds": 145.325662604
      },
      "bidec-router-0x": {
        "batch": 512,
        "execution_mode": "default",
        "finite_forward_backward_optimizer": true,
        "global_examples_per_step": 512,
        "global_tokens_per_step": 131072,
        "gpu_samples": 27,
        "gradient_accumulation": 1,
        "kind": "benchmark",
        "last_nll": 7.512125015258789,
        "loss_implementation": "fla-fused-linear-cross-entropy-exact",
        "median_gpu_utilization_percent": 100.0,
        "median_power_watts": 347.42,
        "model": "bi-decoupled-r8",
        "optimizer_family": "adamw",
        "optimizer_routing": {
          "family": "adamw",
          "parameters": 5433920
        },
        "peak_allocated_gib": 67.42245149612427,
        "peak_nvidia_memory_mib": 71292.0,
        "peak_reserved_gib": 68.880859375,
        "status": "complete",
        "step_seconds": 1.3322756886000036,
        "tokens_per_second": 98382.03993479346,
        "warmup_seconds": 151.183537895
      },
      "bidec-router-10x": {
        "batch": 512,
        "execution_mode": "default",
        "finite_forward_backward_optimizer": true,
        "global_examples_per_step": 512,
        "global_tokens_per_step": 131072,
        "gpu_samples": 27,
        "gradient_accumulation": 1,
        "kind": "benchmark",
        "last_nll": 7.51169490814209,
        "loss_implementation": "fla-fused-linear-cross-entropy-exact",
        "median_gpu_utilization_percent": 100.0,
        "median_power_watts": 353.6,
        "model": "bi-decoupled-r8",
        "optimizer_family": "adamw",
        "optimizer_routing": {
          "family": "adamw",
          "parameters": 5433920
        },
        "peak_allocated_gib": 67.42245149612427,
        "peak_nvidia_memory_mib": 71292.0,
        "peak_reserved_gib": 68.880859375,
        "status": "complete",
        "step_seconds": 1.3144973197000127,
        "tokens_per_second": 99712.64150611774,
        "warmup_seconds": 150.800431286
      },
      "bidec-router-1x": {
        "batch": 512,
        "execution_mode": "default",
        "finite_forward_backward_optimizer": true,
        "global_examples_per_step": 512,
        "global_tokens_per_step": 131072,
        "gpu_samples": 28,
        "gradient_accumulation": 1,
        "kind": "benchmark",
        "last_nll": 7.512196063995361,
        "loss_implementation": "fla-fused-linear-cross-entropy-exact",
        "median_gpu_utilization_percent": 100.0,
        "median_power_watts": 351.31,
        "model": "bi-decoupled-r8",
        "optimizer_family": "adamw",
        "optimizer_routing": {
          "family": "adamw",
          "parameters": 5433920
        },
        "peak_allocated_gib": 67.42245149612427,
        "peak_nvidia_memory_mib": 71292.0,
        "peak_reserved_gib": 68.880859375,
        "status": "complete",
        "step_seconds": 1.331670299700005,
        "tokens_per_second": 98426.76526579255,
        "warmup_seconds": 151.10691066
      },
      "bidec-router-30x": {
        "batch": 512,
        "execution_mode": "default",
        "finite_forward_backward_optimizer": true,
        "global_examples_per_step": 512,
        "global_tokens_per_step": 131072,
        "gpu_samples": 27,
        "gradient_accumulation": 1,
        "kind": "benchmark",
        "last_nll": 7.5118818283081055,
        "loss_implementation": "fla-fused-linear-cross-entropy-exact",
        "median_gpu_utilization_percent": 100.0,
        "median_power_watts": 357.09,
        "model": "bi-decoupled-r8",
        "optimizer_family": "adamw",
        "optimizer_routing": {
          "family": "adamw",
          "parameters": 5433920
        },
        "peak_allocated_gib": 67.42245149612427,
        "peak_nvidia_memory_mib": 71292.0,
        "peak_reserved_gib": 68.880859375,
        "status": "complete",
        "step_seconds": 1.3228743950999955,
        "tokens_per_second": 99081.21321683931,
        "warmup_seconds": 151.431795774
      },
      "bidec-router-3x": {
        "batch": 512,
        "execution_mode": "default",
        "finite_forward_backward_optimizer": true,
        "global_examples_per_step": 512,
        "global_tokens_per_step": 131072,
        "gpu_samples": 27,
        "gradient_accumulation": 1,
        "kind": "benchmark",
        "last_nll": 7.5118255615234375,
        "loss_implementation": "fla-fused-linear-cross-entropy-exact",
        "median_gpu_utilization_percent": 100.0,
        "median_power_watts": 350.88,
        "model": "bi-decoupled-r8",
        "optimizer_family": "adamw",
        "optimizer_routing": {
          "family": "adamw",
          "parameters": 5433920
        },
        "peak_allocated_gib": 67.42245149612427,
        "peak_nvidia_memory_mib": 71292.0,
        "peak_reserved_gib": 68.880859375,
        "status": "complete",
        "step_seconds": 1.3176549156999897,
        "tokens_per_second": 99473.69257175308,
        "warmup_seconds": 151.439477955
      },
      "current-router-1x": {
        "batch": 640,
        "execution_mode": "default",
        "finite_forward_backward_optimizer": true,
        "global_examples_per_step": 640,
        "global_tokens_per_step": 163840,
        "gpu_samples": 60,
        "gradient_accumulation": 1,
        "kind": "benchmark",
        "last_nll": 7.524692535400391,
        "loss_implementation": "fla-fused-linear-cross-entropy-exact",
        "median_gpu_utilization_percent": 100.0,
        "median_power_watts": 346.20000000000005,
        "model": "current-r8",
        "optimizer_family": "adamw",
        "optimizer_routing": {
          "family": "adamw",
          "parameters": 5400896
        },
        "peak_allocated_gib": 73.92277193069458,
        "peak_nvidia_memory_mib": 79486.0,
        "peak_reserved_gib": 76.8828125,
        "status": "complete",
        "step_seconds": 1.4789664187000142,
        "tokens_per_second": 110780.06770702239,
        "warmup_seconds": 136.75610014900002
      },
      "dense-router-1x": {
        "batch": 640,
        "execution_mode": "default",
        "finite_forward_backward_optimizer": true,
        "global_examples_per_step": 640,
        "global_tokens_per_step": 163840,
        "gpu_samples": 29,
        "gradient_accumulation": 1,
        "kind": "benchmark",
        "last_nll": 7.515841960906982,
        "loss_implementation": "fla-fused-linear-cross-entropy-exact",
        "median_gpu_utilization_percent": 100.0,
        "median_power_watts": 369.08,
        "model": "dense-workspace-r8",
        "optimizer_family": "adamw",
        "optimizer_routing": {
          "family": "adamw",
          "parameters": 5458240
        },
        "peak_allocated_gib": 63.92351961135864,
        "peak_nvidia_memory_mib": 69244.0,
        "peak_reserved_gib": 66.8828125,
        "status": "complete",
        "step_seconds": 0.6907300941000016,
        "tokens_per_second": 237198.2940941325,
        "warmup_seconds": 107.91734543400003
      }
    },
    "gpu_count": 8,
    "gpu_names": [
      "NVIDIA H100 80GB HBM3",
      "NVIDIA H100 80GB HBM3",
      "NVIDIA H100 80GB HBM3",
      "NVIDIA H100 80GB HBM3",
      "NVIDIA H100 80GB HBM3",
      "NVIDIA H100 80GB HBM3",
      "NVIDIA H100 80GB HBM3",
      "NVIDIA H100 80GB HBM3"
    ],
    "gradient_accumulation": 1,
    "input_pipeline": "immutable-int32-corpus-on-each-gpu_indexed-gather",
    "loss_agreement": {
      "bi-router-10x": {
        "bf16_fused_linear_nll": 10.243461608886719,
        "execution_mode": "default",
        "fp32_materialized_nll": 10.243739128112793,
        "kind": "loss-agreement",
        "maximum_relative_error": 0.02,
        "model": "bi-r8",
        "relative_error": 2.7091595256933942e-05,
        "status": "complete"
      },
      "bidec-router-0x": {
        "bf16_fused_linear_nll": 10.269298553466797,
        "execution_mode": "default",
        "fp32_materialized_nll": 10.269370079040527,
        "kind": "loss-agreement",
        "maximum_relative_error": 0.02,
        "model": "bi-decoupled-r8",
        "relative_error": 6.964942713238997e-06,
        "status": "complete"
      },
      "bidec-router-10x": {
        "bf16_fused_linear_nll": 10.269283294677734,
        "execution_mode": "default",
        "fp32_materialized_nll": 10.269370079040527,
        "kind": "loss-agreement",
        "maximum_relative_error": 0.02,
        "model": "bi-decoupled-r8",
        "relative_error": 8.450797395198606e-06,
        "status": "complete"
      },
      "bidec-router-1x": {
        "bf16_fused_linear_nll": 10.26931381225586,
        "execution_mode": "default",
        "fp32_materialized_nll": 10.269370079040527,
        "kind": "loss-agreement",
        "maximum_relative_error": 0.02,
        "model": "bi-decoupled-r8",
        "relative_error": 5.479088031279389e-06,
        "status": "complete"
      },
      "bidec-router-30x": {
        "bf16_fused_linear_nll": 10.26931095123291,
        "execution_mode": "default",
        "fp32_materialized_nll": 10.269370079040527,
        "kind": "loss-agreement",
        "maximum_relative_error": 0.02,
        "model": "bi-decoupled-r8",
        "relative_error": 5.757685812568525e-06,
        "status": "complete"
      },
      "bidec-router-3x": {
        "bf16_fused_linear_nll": 10.269299507141113,
        "execution_mode": "default",
        "fp32_materialized_nll": 10.269370079040527,
        "kind": "loss-agreement",
        "maximum_relative_error": 0.02,
        "model": "bi-decoupled-r8",
        "relative_error": 6.872076937725069e-06,
        "status": "complete"
      },
      "current-router-1x": {
        "bf16_fused_linear_nll": 10.239370346069336,
        "execution_mode": "default",
        "fp32_materialized_nll": 10.239679336547852,
        "kind": "loss-agreement",
        "maximum_relative_error": 0.02,
        "model": "current-r8",
        "relative_error": 3.0175795473041944e-05,
        "status": "complete"
      },
      "dense-router-1x": {
        "bf16_fused_linear_nll": 10.259450912475586,
        "execution_mode": "default",
        "fp32_materialized_nll": 10.259204864501953,
        "kind": "loss-agreement",
        "maximum_relative_error": 0.02,
        "model": "dense-workspace-r8",
        "relative_error": 2.3983142455108464e-05,
        "status": "complete"
      }
    },
    "minimum_utilization_percent": 85.0,
    "status": "pass"
  },
  "schema": "exp16-router-diagnostics-v1",
  "screen": [
    {
      "actual_tokens": 10158080,
      "batch": 640,
      "execution_mode": "default",
      "global_examples_per_step": 640,
      "global_tokens_per_step": 163840,
      "gradient_accumulation": 1,
      "gradient_norms": {
        "channel_factors": {
          "maximum": 0.019786687567830086,
          "mean": 0.0024463402897334377,
          "median": 4.218896719976328e-06,
          "samples": 17
        },
        "ffn": {
          "maximum": 0.11969011276960373,
          "mean": 0.044468563159599024,
          "median": 0.03398347645998001,
          "samples": 17
        },
        "other": {
          "maximum": 2.6581926345825195,
          "mean": 0.3559543979080284,
          "median": 0.0800897553563118,
          "samples": 17
        },
        "router": {
          "maximum": 0.062717504799366,
          "mean": 0.006694676451321785,
          "median": 1.1980162526015192e-05,
          "samples": 17
        },
        "token_factors": {
          "maximum": 0.021914230659604073,
          "mean": 0.0025899212515495865,
          "median": 4.106012966076378e-06,
          "samples": 17
        }
      },
      "loss_implementation": "fla-fused-linear-cross-entropy-exact",
      "model": "current-r8",
      "optimizer_routing": {
        "base_lr": 0.006,
        "body_parameter_names": [
          "vocabulary",
          "blocks.0.rank_amplitudes",
          "blocks.0.mixer_gain",
          "blocks.0.ffn_gain",
          "blocks.0.outer.raw",
          "blocks.0.workspace1.raw",
          "blocks.0.workspace2.raw",
          "blocks.0.channel1.raw",
          "blocks.0.channel2.raw",
          "blocks.0.ffn.gate_up.weight",
          "blocks.0.ffn.down.weight",
          "blocks.1.rank_amplitudes",
          "blocks.1.mixer_gain",
          "blocks.1.ffn_gain",
          "blocks.1.outer.raw",
          "blocks.1.workspace1.raw",
          "blocks.1.workspace2.raw",
          "blocks.1.channel1.raw",
          "blocks.1.channel2.raw",
          "blocks.1.ffn.gate_up.weight",
          "blocks.1.ffn.down.weight",
          "blocks.2.rank_amplitudes",
          "blocks.2.mixer_gain",
          "blocks.2.ffn_gain",
          "blocks.2.outer.raw",
          "blocks.2.workspace1.raw",
          "blocks.2.workspace2.raw",
          "blocks.2.channel1.raw",
          "blocks.2.channel2.raw",
          "blocks.2.ffn.gate_up.weight",
          "blocks.2.ffn.down.weight",
          "blocks.3.rank_amplitudes",
          "blocks.3.mixer_gain",
          "blocks.3.ffn_gain",
          "blocks.3.outer.raw",
          "blocks.3.workspace1.raw",
          "blocks.3.workspace2.raw",
          "blocks.3.channel1.raw",
          "blocks.3.channel2.raw",
          "blocks.3.ffn.gate_up.weight",
          "blocks.3.ffn.down.weight",
          "blocks.4.rank_amplitudes",
          "blocks.4.mixer_gain",
          "blocks.4.ffn_gain",
          "blocks.4.outer.raw",
          "blocks.4.workspace1.raw",
          "blocks.4.workspace2.raw",
          "blocks.4.channel1.raw",
          "blocks.4.channel2.raw",
          "blocks.4.ffn.gate_up.weight",
          "blocks.4.ffn.down.weight",
          "blocks.5.rank_amplitudes",
          "blocks.5.mixer_gain",
          "blocks.5.ffn_gain",
          "blocks.5.outer.raw",
          "blocks.5.workspace1.raw",
          "blocks.5.workspace2.raw",
          "blocks.5.channel1.raw",
          "blocks.5.channel2.raw",
          "blocks.5.ffn.gate_up.weight",
          "blocks.5.ffn.down.weight",
          "blocks.6.rank_amplitudes",
          "blocks.6.mixer_gain",
          "blocks.6.ffn_gain",
          "blocks.6.outer.raw",
          "blocks.6.workspace1.raw",
          "blocks.6.workspace2.raw",
          "blocks.6.channel1.raw",
          "blocks.6.channel2.raw",
          "blocks.6.ffn.gate_up.weight",
          "blocks.6.ffn.down.weight",
          "blocks.7.rank_amplitudes",
          "blocks.7.mixer_gain",
          "blocks.7.ffn_gain",
          "blocks.7.outer.raw",
          "blocks.7.workspace1.raw",
          "blocks.7.workspace2.raw",
          "blocks.7.channel1.raw",
          "blocks.7.channel2.raw",
          "blocks.7.ffn.gate_up.weight",
          "blocks.7.ffn.down.weight",
          "blocks.8.rank_amplitudes",
          "blocks.8.mixer_gain",
          "blocks.8.ffn_gain",
          "blocks.8.outer.raw",
          "blocks.8.workspace1.raw",
          "blocks.8.workspace2.raw",
          "blocks.8.channel1.raw",
          "blocks.8.channel2.raw",
          "blocks.8.ffn.gate_up.weight",
          "blocks.8.ffn.down.weight",
          "blocks.9.rank_amplitudes",
          "blocks.9.mixer_gain",
          "blocks.9.ffn_gain",
          "blocks.9.outer.raw",
          "blocks.9.workspace1.raw",
          "blocks.9.workspace2.raw",
          "blocks.9.channel1.raw",
          "blocks.9.channel2.raw",
          "blocks.9.ffn.gate_up.weight",
          "blocks.9.ffn.down.weight",
          "blocks.10.rank_amplitudes",
          "blocks.10.mixer_gain",
          "blocks.10.ffn_gain",
          "blocks.10.outer.raw",
          "blocks.10.workspace1.raw",
          "blocks.10.workspace2.raw",
          "blocks.10.channel1.raw",
          "blocks.10.channel2.raw",
          "blocks.10.ffn.gate_up.weight",
          "blocks.10.ffn.down.weight",
          "blocks.11.rank_amplitudes",
          "blocks.11.mixer_gain",
          "blocks.11.ffn_gain",
          "blocks.11.outer.raw",
          "blocks.11.workspace1.raw",
          "blocks.11.workspace2.raw",
          "blocks.11.channel1.raw",
          "blocks.11.channel2.raw",
          "blocks.11.ffn.gate_up.weight",
          "blocks.11.ffn.down.weight",
          "blocks.12.rank_amplitudes",
          "blocks.12.mixer_gain",
          "blocks.12.ffn_gain",
          "blocks.12.outer.raw",
          "blocks.12.workspace1.raw",
          "blocks.12.workspace2.raw",
          "blocks.12.channel1.raw",
          "blocks.12.channel2.raw",
          "blocks.12.ffn.gate_up.weight",
          "blocks.12.ffn.down.weight",
          "blocks.13.rank_amplitudes",
          "blocks.13.mixer_gain",
          "blocks.13.ffn_gain",
          "blocks.13.outer.raw",
          "blocks.13.workspace1.raw",
          "blocks.13.workspace2.raw",
          "blocks.13.channel1.raw",
          "blocks.13.channel2.raw",
          "blocks.13.ffn.gate_up.weight",
          "blocks.13.ffn.down.weight",
          "blocks.14.rank_amplitudes",
          "blocks.14.mixer_gain",
          "blocks.14.ffn_gain",
          "blocks.14.outer.raw",
          "blocks.14.workspace1.raw",
          "blocks.14.workspace2.raw",
          "blocks.14.channel1.raw",
          "blocks.14.channel2.raw",
          "blocks.14.ffn.gate_up.weight",
          "blocks.14.ffn.down.weight",
          "blocks.15.rank_amplitudes",
          "blocks.15.mixer_gain",
          "blocks.15.ffn_gain",
          "blocks.15.outer.raw",
          "blocks.15.workspace1.raw",
          "blocks.15.workspace2.raw",
          "blocks.15.channel1.raw",
          "blocks.15.channel2.raw",
          "blocks.15.ffn.gate_up.weight",
          "blocks.15.ffn.down.weight",
          "blocks.16.rank_amplitudes",
          "blocks.16.mixer_gain",
          "blocks.16.ffn_gain",
          "blocks.16.outer.raw",
          "blocks.16.workspace1.raw",
          "blocks.16.workspace2.raw",
          "blocks.16.channel1.raw",
          "blocks.16.channel2.raw",
          "blocks.16.ffn.gate_up.weight",
          "blocks.16.ffn.down.weight",
          "blocks.17.rank_amplitudes",
          "blocks.17.mixer_gain",
          "blocks.17.ffn_gain",
          "blocks.17.outer.raw",
          "blocks.17.workspace1.raw",
          "blocks.17.workspace2.raw",
          "blocks.17.channel1.raw",
          "blocks.17.channel2.raw",
          "blocks.17.ffn.gate_up.weight",
          "blocks.17.ffn.down.weight",
          "blocks.18.rank_amplitudes",
          "blocks.18.mixer_gain",
          "blocks.18.ffn_gain",
          "blocks.18.outer.raw",
          "blocks.18.workspace1.raw",
          "blocks.18.workspace2.raw",
          "blocks.18.channel1.raw",
          "blocks.18.channel2.raw",
          "blocks.18.ffn.gate_up.weight",
          "blocks.18.ffn.down.weight",
          "blocks.19.rank_amplitudes",
          "blocks.19.mixer_gain",
          "blocks.19.ffn_gain",
          "blocks.19.outer.raw",
          "blocks.19.workspace1.raw",
          "blocks.19.workspace2.raw",
          "blocks.19.channel1.raw",
          "blocks.19.channel2.raw",
          "blocks.19.ffn.gate_up.weight",
          "blocks.19.ffn.down.weight",
          "blocks.20.rank_amplitudes",
          "blocks.20.mixer_gain",
          "blocks.20.ffn_gain",
          "blocks.20.outer.raw",
          "blocks.20.workspace1.raw",
          "blocks.20.workspace2.raw",
          "blocks.20.channel1.raw",
          "blocks.20.channel2.raw",
          "blocks.20.ffn.gate_up.weight",
          "blocks.20.ffn.down.weight",
          "blocks.21.rank_amplitudes",
          "blocks.21.mixer_gain",
          "blocks.21.ffn_gain",
          "blocks.21.outer.raw",
          "blocks.21.workspace1.raw",
          "blocks.21.workspace2.raw",
          "blocks.21.channel1.raw",
          "blocks.21.channel2.raw",
          "blocks.21.ffn.gate_up.weight",
          "blocks.21.ffn.down.weight",
          "blocks.22.rank_amplitudes",
          "blocks.22.mixer_gain",
          "blocks.22.ffn_gain",
          "blocks.22.outer.raw",
          "blocks.22.workspace1.raw",
          "blocks.22.workspace2.raw",
          "blocks.22.channel1.raw",
          "blocks.22.channel2.raw",
          "blocks.22.ffn.gate_up.weight",
          "blocks.22.ffn.down.weight",
          "blocks.23.rank_amplitudes",
          "blocks.23.mixer_gain",
          "blocks.23.ffn_gain",
          "blocks.23.outer.raw",
          "blocks.23.workspace1.raw",
          "blocks.23.workspace2.raw",
          "blocks.23.channel1.raw",
          "blocks.23.channel2.raw",
          "blocks.23.ffn.gate_up.weight",
          "blocks.23.ffn.down.weight",
          "blocks.24.rank_amplitudes",
          "blocks.24.mixer_gain",
          "blocks.24.ffn_gain",
          "blocks.24.outer.raw",
          "blocks.24.workspace1.raw",
          "blocks.24.workspace2.raw",
          "blocks.24.channel1.raw",
          "blocks.24.channel2.raw",
          "blocks.24.ffn.gate_up.weight",
          "blocks.24.ffn.down.weight",
          "blocks.25.rank_amplitudes",
          "blocks.25.mixer_gain",
          "blocks.25.ffn_gain",
          "blocks.25.outer.raw",
          "blocks.25.workspace1.raw",
          "blocks.25.workspace2.raw",
          "blocks.25.channel1.raw",
          "blocks.25.channel2.raw",
          "blocks.25.ffn.gate_up.weight",
          "blocks.25.ffn.down.weight",
          "blocks.26.rank_amplitudes",
          "blocks.26.mixer_gain",
          "blocks.26.ffn_gain",
          "blocks.26.outer.raw",
          "blocks.26.workspace1.raw",
          "blocks.26.workspace2.raw",
          "blocks.26.channel1.raw",
          "blocks.26.channel2.raw",
          "blocks.26.ffn.gate_up.weight",
          "blocks.26.ffn.down.weight",
          "blocks.27.rank_amplitudes",
          "blocks.27.mixer_gain",
          "blocks.27.ffn_gain",
          "blocks.27.outer.raw",
          "blocks.27.workspace1.raw",
          "blocks.27.workspace2.raw",
          "blocks.27.channel1.raw",
          "blocks.27.channel2.raw",
          "blocks.27.ffn.gate_up.weight",
          "blocks.27.ffn.down.weight",
          "blocks.28.rank_amplitudes",
          "blocks.28.mixer_gain",
          "blocks.28.ffn_gain",
          "blocks.28.outer.raw",
          "blocks.28.workspace1.raw",
          "blocks.28.workspace2.raw",
          "blocks.28.channel1.raw",
          "blocks.28.channel2.raw",
          "blocks.28.ffn.gate_up.weight",
          "blocks.28.ffn.down.weight",
          "blocks.29.rank_amplitudes",
          "blocks.29.mixer_gain",
          "blocks.29.ffn_gain",
          "blocks.29.outer.raw",
          "blocks.29.workspace1.raw",
          "blocks.29.workspace2.raw",
          "blocks.29.channel1.raw",
          "blocks.29.channel2.raw",
          "blocks.29.ffn.gate_up.weight",
          "blocks.29.ffn.down.weight",
          "blocks.30.rank_amplitudes",
          "blocks.30.mixer_gain",
          "blocks.30.ffn_gain",
          "blocks.30.outer.raw",
          "blocks.30.workspace1.raw",
          "blocks.30.workspace2.raw",
          "blocks.30.channel1.raw",
          "blocks.30.channel2.raw",
          "blocks.30.ffn.gate_up.weight",
          "blocks.30.ffn.down.weight",
          "blocks.31.rank_amplitudes",
          "blocks.31.mixer_gain",
          "blocks.31.ffn_gain",
          "blocks.31.outer.raw",
          "blocks.31.workspace1.raw",
          "blocks.31.workspace2.raw",
          "blocks.31.channel1.raw",
          "blocks.31.channel2.raw",
          "blocks.31.ffn.gate_up.weight",
          "blocks.31.ffn.down.weight"
        ],
        "body_parameters": 5368128,
        "family": "adamw-router-multiplier",
        "router_lr_multiplier": 1.0,
        "router_parameter_names": [
          "blocks.0.destination_router.weight",
          "blocks.1.destination_router.weight",
          "blocks.2.destination_router.weight",
          "blocks.3.destination_router.weight",
          "blocks.4.destination_router.weight",
          "blocks.5.destination_router.weight",
          "blocks.6.destination_router.weight",
          "blocks.7.destination_router.weight",
          "blocks.8.destination_router.weight",
          "blocks.9.destination_router.weight",
          "blocks.10.destination_router.weight",
          "blocks.11.destination_router.weight",
          "blocks.12.destination_router.weight",
          "blocks.13.destination_router.weight",
          "blocks.14.destination_router.weight",
          "blocks.15.destination_router.weight",
          "blocks.16.destination_router.weight",
          "blocks.17.destination_router.weight",
          "blocks.18.destination_router.weight",
          "blocks.19.destination_router.weight",
          "blocks.20.destination_router.weight",
          "blocks.21.destination_router.weight",
          "blocks.22.destination_router.weight",
          "blocks.23.destination_router.weight",
          "blocks.24.destination_router.weight",
          "blocks.25.destination_router.weight",
          "blocks.26.destination_router.weight",
          "blocks.27.destination_router.weight",
          "blocks.28.destination_router.weight",
          "blocks.29.destination_router.weight",
          "blocks.30.destination_router.weight",
          "blocks.31.destination_router.weight"
        ],
        "router_parameters": 32768
      },
      "performance": {
        "body_lr": 0.005408824699282298,
        "clip_fraction": 0.11290322580645161,
        "global_grad_norm": 0.055949971079826355,
        "gpu_samples": 485,
        "median_gpu_utilization_percent": 29.0,
        "median_power_watts": 202.87,
        "peak_allocated_gib": 73.9227728843689,
        "peak_nvidia_memory_mib": 79484.0,
        "peak_reserved_gib": 76.8828125,
        "router_lr": 0.005408824699282298,
        "step": 62,
        "tokens_per_second": 110984.0675376466,
        "tokens_seen": 10158080,
        "train_block_nll": 7.390958786010742
      },
      "router_ablations": {
        "evaluations": {
          "destination_neutral": {
            "nll": 7.388232052326202,
            "position_nll": [
              7.188904411159456,
              7.22669979929924,
              7.457260376773775,
              7.474843866191804,
              7.425320187583566,
              7.501023047603667,
              7.635506180115044,
              7.752266412600875,
              7.253642884083092,
              7.355498748831451,
              7.268988471478224,
              7.422323647886515,
              7.827257629483938,
              7.639988266862929,
              7.0934393256902695,
              7.2844178741797805,
              7.337569284252822,
              7.332906955853105,
              7.678589819930494,
              7.250781384296715,
              7.433571448549628,
              7.264580495655537,
              7.482910853810608,
              7.170906372368336,
              7.208826093003154,
              7.553262152709067,
              7.324761489406228,
              7.252081789076328,
              7.296439800411463,
              7.485548092983663,
              7.088837668299675,
              7.528127755969763,
              7.374248727224767,
              7.414949867874384,
              7.283340010792017,
              7.491892823949456,
              7.225900650024414,
              7.212074440903962,
              7.306627810932696,
              7.317100951448083,
              7.455200514756143,
              7.135195228271186,
              7.379671584814787,
              7.368060660548508,
              7.3490259144455194,
              7.256555239669979,
              7.637843022122979,
              7.416324778459966,
              7.208749662153423,
              7.539078716188669,
              7.322774865664542,
              7.2483788058161736,
              7.404535850510001,
              7.171235264278948,
              7.224160918965936,
              7.2741142911836505,
              7.674569715745747,
              7.2088245041668415,
              7.180873773992062,
              7.27060005068779,
              7.037487654015422,
              7.274776465259492,
              7.393313911743462,
              7.240450016222894,
              7.64959093183279,
              7.352649327367544,
              7.470410883426666,
              7.407511284574866,
              7.332308292388916,
              7.51269215811044,
              6.997479495592415,
              7.443335220217705,
              7.309702913276851,
              7.488535683602095,
              7.361330782994628,
              7.250019203871489,
              7.3247133838012815,
              7.467871766537428,
              7.52418508194387,
              7.42966981139034,
              7.28615040704608,
              7.33712416421622,
              7.370099569670856,
              7.374272800050676,
              7.021090753376484,
              7.628287621773779,
              7.665858486667275,
              7.526317222043872,
              7.45341625995934,
              7.508034147322178,
              7.337046064436436,
              7.568849598057568,
              7.960021328181028,
              7.23060357850045,
              7.378475747071207,
              7.320467341691256,
              7.398791786283255,
              7.6439592856913805,
              7.370042243041098,
              7.167918540537357,
              7.618852443061769,
              7.301592925563455,
              6.99323199223727,
              7.7655067620798945,
              7.210744882002473,
              7.336270050145686,
              7.3114318903535604,
              7.268544626422226,
              7.394330781884491,
              7.3250548010692,
              6.996722586452961,
              7.286992760375142,
              7.038762285374105,
              7.22922920063138,
              7.479743642732501,
              7.237942298874259,
              7.5537455612793565,
              7.24433589912951,
              7.208201229572296,
              7.469743077643216,
              7.756702302955091,
              7.303096334449947,
              7.338635168038309,
              7.440319590270519,
              7.27377360034734,
              7.28027865383774,
              7.498124225065112,
              7.201987199485302,
              7.306525615043938,
              7.423482082784176,
              7.295218037441373,
              7.3421828504651785,
              7.56617449503392,
              7.4338958552107215,
              7.542364691384137,
              7.78334098495543,
              7.448141461238265,
              7.1697529051452875,
              7.113876008428633,
              7.4960884135216475,
              7.287398956716061,
              7.561695879325271,
              7.642305044457316,
              7.186467932537198,
              7.374348131939769,
              7.58792089112103,
              7.416035343892872,
              7.42892028670758,
              7.392964539118111,
              7.475156268104911,
              7.4289060505107045,
              7.490796358324587,
              7.545957162976265,
              7.256290041841567,
              7.295361457392573,
              7.41745637729764,
              7.29668265581131,
              7.236551787704229,
              7.316241214051843,
              7.558209157548845,
              7.133018270134926,
              7.292737189680338,
              7.563365736044943,
              7.431443364359438,
              7.405121060088277,
              7.424564351327717,
              7.48370009008795,
              7.179397109895945,
              7.57578588090837,
              7.385991146788001,
              7.007496010512114,
              7.327407890930772,
              7.349322638474405,
              7.313619221560657,
              7.522721028886735,
              7.379955027252436,
              7.578009132295847,
              7.590132503770292,
              7.554660735651851,
              7.301536661572754,
              7.500440682284534,
              7.564783989451826,
              7.558233441784978,
              7.146522201597691,
              7.744231117889285,
              7.369769404642284,
              7.491240382194519,
              7.593194943852723,
              7.626737120561302,
              7.489895608276129,
              7.493696287274361,
              7.6471291705966,
              7.206953074783087,
              7.309483121149242,
              7.306135875172913,
              7.445516814477742,
              7.461655999533832,
              7.43048149254173,
              7.2159918220713735,
              7.168108146637678,
              7.237888952717185,
              7.3488745568320155,
              7.44211062323302,
              7.422900516539812,
              7.368617697618902,
              7.517597881145775,
              7.489460740238428,
              7.028675097040832,
              7.495668578892946,
              7.332648356445134,
              7.4313749354332685,
              7.550132129341364,
              7.206035899929702,
              7.47444664593786,
              7.48477774951607,
              7.359765230678022,
              7.572493094950914,
              7.622130109928548,
              7.420992383733392,
              7.522786515764892,
              7.20440052356571,
              7.538525282405317,
              7.455927676521242,
              7.225683505646884,
              7.4200531942769885,
              7.373339649289846,
              7.725836382247508,
              7.502097601071,
              7.211484171450138,
              7.424210379831493,
              7.13831305783242,
              7.847521495074034,
              7.3029060093685985,
              7.336852587759495,
              7.567927065305412,
              7.485352988354862,
              7.4274605214595795,
              7.271009475924075,
              7.521491913124919,
              7.489040944725275,
              7.2785088159143925,
              7.332443117164075,
              7.3011111207306385,
              7.763753681443632,
              7.516972249373794,
              7.293108128942549,
              7.265355293639004,
              7.42614627443254,
              7.632955619134009,
              7.3218139773234725,
              7.436979464255273,
              7.030727364122868,
              7.517715782858431,
              7.170766630209982,
              7.3358799777925014,
              7.2497083796188235
            ],
            "prediction_shift_tokens": 16,
            "tokens": 65536
          },
          "normal": {
            "nll": 7.388214439153671,
            "position_nll": [
              7.18884230684489,
              7.226690302602947,
              7.4569607973098755,
              7.474854529835284,
              7.42560208030045,
              7.500919245183468,
              7.635230862535536,
              7.751974442973733,
              7.253605634905398,
              7.355572309345007,
              7.268800439313054,
              7.422415588982403,
              7.827092814259231,
              7.6399232828989625,
              7.092636964283884,
              7.283887660130858,
              7.337394698522985,
              7.332895229570568,
              7.678135079331696,
              7.250972606241703,
              7.433736890554428,
              7.264533441513777,
              7.4826822923496366,
              7.170703170821071,
              7.2087870836257935,
              7.553140496835113,
              7.323952500708401,
              7.252226600423455,
              7.296442945487797,
              7.485625986941159,
              7.089274452999234,
              7.5279107466340065,
              7.374390060082078,
              7.415105133317411,
              7.282910255715251,
              7.491805374622345,
              7.225982560776174,
              7.212143081240356,
              7.306632314808667,
              7.316964905709028,
              7.455253470689058,
              7.135050481185317,
              7.380430594086647,
              7.3686269875615835,
              7.349050868302584,
              7.256533152423799,
              7.637071922421455,
              7.416281156241894,
              7.208772951737046,
              7.539762374944985,
              7.322876514866948,
              7.248605325818062,
              7.40476527903229,
              7.17127292137593,
              7.223855034448206,
              7.273988259024918,
              7.6747920559719205,
              7.208667200058699,
              7.18135661073029,
              7.270389150828123,
              7.037731945514679,
              7.27472213562578,
              7.39459437970072,
              7.240357377566397,
              7.6496296701952815,
              7.352611972019076,
              7.470375808887184,
              7.407454686239362,
              7.3323152950033545,
              7.512747913599014,
              6.997228570282459,
              7.443425037898123,
              7.309743266552687,
              7.488590408116579,
              7.361344391480088,
              7.250031123869121,
              7.3246983317658305,
              7.467834518291056,
              7.52413506153971,
              7.42971823271364,
              7.286273623816669,
              7.33764539565891,
              7.370233750902116,
              7.374470326118171,
              7.020979275926948,
              7.628261141479015,
              7.666230181232095,
              7.5263808984309435,
              7.453428540378809,
              7.507970697246492,
              7.3369268057867885,
              7.568931636400521,
              7.95978335943073,
              7.2304552383720875,
              7.378575653769076,
              7.320593507029116,
              7.398776525631547,
              7.643445155583322,
              7.3702524453401566,
              7.16788867674768,
              7.618487890809774,
              7.301561302505434,
              6.992673925124109,
              7.765738559886813,
              7.2107894802466035,
              7.3363675735890865,
              7.311950543895364,
              7.268635422922671,
              7.39451199490577,
              7.3250252874568105,
              6.997065402567387,
              7.287128280848265,
              7.038952127099037,
              7.229328531771898,
              7.47960193734616,
              7.2378294467926025,
              7.553595795296133,
              7.244310565292835,
              7.208118648268282,
              7.469738545827568,
              7.756789070554078,
              7.3029438480734825,
              7.338381038047373,
              7.440235381014645,
              7.273853630758822,
              7.280359291471541,
              7.497857365757227,
              7.201152244582772,
              7.306572442874312,
              7.423365726135671,
              7.295157268643379,
              7.342360686510801,
              7.565891932696104,
              7.433969136327505,
              7.542240336537361,
              7.783264854922891,
              7.4483078215271235,
              7.169788187369704,
              7.113699004985392,
              7.496137599460781,
              7.287436017766595,
              7.561672474257648,
              7.642557244747877,
              7.186377509497106,
              7.374358122237027,
              7.588513823226094,
              7.415861644782126,
              7.429167415946722,
              7.393242193385959,
              7.475039334967732,
              7.428761474788189,
              7.490681800059974,
              7.5458892825990915,
              7.256309762597084,
              7.294976457953453,
              7.417605998925865,
              7.296588937751949,
              7.236590848304331,
              7.316316097043455,
              7.558186289854348,
              7.133195281028748,
              7.29305886849761,
              7.563385924324393,
              7.431326015852392,
              7.4047172563150525,
              7.424621310085058,
              7.483604620210826,
              7.179527018219233,
              7.57586876116693,
              7.386343170888722,
              7.007352792657912,
              7.327509559690952,
              7.3492827555164695,
              7.313723240047693,
              7.522698421962559,
              7.379654715768993,
              7.577933258377016,
              7.5901037603616714,
              7.554762234911323,
              7.30143257137388,
              7.500575200654566,
              7.564752950333059,
              7.5583412097766995,
              7.146429627202451,
              7.744295747950673,
              7.3697274485602975,
              7.4910768968984485,
              7.593174297362566,
              7.62672948744148,
              7.489833663217723,
              7.49354413151741,
              7.6467197416350245,
              7.2070074044167995,
              7.309450566768646,
              7.306104812771082,
              7.445490455254912,
              7.461606997065246,
              7.430557027459145,
              7.215972313657403,
              7.16813428606838,
              7.237893705256283,
              7.3486282620579,
              7.44213386811316,
              7.42289006523788,
              7.3686028607189655,
              7.517621832899749,
              7.489402363076806,
              7.028627008199692,
              7.495642585679889,
              7.332636061124504,
              7.4313153848052025,
              7.550324199721217,
              7.20608804281801,
              7.47441085986793,
              7.484695459716022,
              7.359745686873794,
              7.572559584863484,
              7.62241150252521,
              7.421021340414882,
              7.52254016045481,
              7.204403106123209,
              7.538540282286704,
              7.455720375292003,
              7.22572176810354,
              7.420121040195227,
              7.373299866914749,
              7.725826870650053,
              7.502194342203438,
              7.211506326682866,
              7.4240875924006104,
              7.138239533640444,
              7.847342980094254,
              7.3029824225232005,
              7.336748894304037,
              7.567768999375403,
              7.485540715046227,
              7.427240677177906,
              7.270867643877864,
              7.52208480797708,
              7.48926539067179,
              7.278651105239987,
              7.332378976978362,
              7.300324834883213,
              7.762954358942807,
              7.517180141992867,
              7.293011645786464,
              7.26500688213855,
              7.426096895709634,
              7.6328866789117455,
              7.321751183830202,
              7.435806660912931,
              7.031250236555934,
              7.517638826742768,
              7.1710588885471225,
              7.335505742579699,
              7.249637138098478
            ],
            "prediction_shift_tokens": 16,
            "tokens": 65536
          }
        },
        "neutral_minus_normal_nll": {
          "destination_neutral": 1.761317253112793e-05
        }
      },
      "router_telemetry": {
        "destination": {
          "maximum_layer_gate_std": 0.6248461604118347,
          "mean_gate_mean": 0.1650383948290255,
          "mean_gate_std": 0.15748975916358177,
          "mean_router_weight_rms": 0.04025177960284054,
          "mean_saturation_fraction": 0.54296875
        },
        "mean_absolute_path_cosine": 0.002376509760506451,
        "mean_mixer_update_to_state_rms": 0.1029661919856153,
        "per_layer": [
          {
            "absolute_path_cosine": 0.0027789969462901354,
            "destination_gate_max": 1.8904005289077759,
            "destination_gate_mean": 0.6768215298652649,
            "destination_gate_min": 0.057121485471725464,
            "destination_gate_saturation_fraction": 0.0,
            "destination_gate_std": 0.5116222500801086,
            "destination_router_weight_rms": 0.04380914196372032,
            "layer": 0,
            "mixer_update_to_state_rms": 2.052133798599243
          },
          {
            "destination_gate_max": 1.32344388961792,
            "destination_gate_mean": 0.395995557308197,
            "destination_gate_min": 0.11565977334976196,
            "destination_gate_saturation_fraction": 0.0,
            "destination_gate_std": 0.18936270475387573,
            "destination_router_weight_rms": 0.033542513847351074,
            "layer": 1,
            "mixer_update_to_state_rms": 0.06257028877735138
          },
          {
            "destination_gate_max": 0.9003376364707947,
            "destination_gate_mean": 0.3492632210254669,
            "destination_gate_min": 0.16013231873512268,
            "destination_gate_saturation_fraction": 0.0,
            "destination_gate_std": 0.19099341332912445,
            "destination_router_weight_rms": 0.03345737233757973,
            "layer": 2,
            "mixer_update_to_state_rms": 0.039552241563797
          },
          {
            "destination_gate_max": 1.5035300254821777,
            "destination_gate_mean": 0.6054997444152832,
            "destination_gate_min": 0.2249850183725357,
            "destination_gate_saturation_fraction": 0.0,
            "destination_gate_std": 0.42659875750541687,
            "destination_router_weight_rms": 0.0325271338224411,
            "layer": 3,
            "mixer_update_to_state_rms": 0.15249495208263397
          },
          {
            "destination_gate_max": 0.45446205139160156,
            "destination_gate_mean": 0.3371492028236389,
            "destination_gate_min": 0.14382201433181763,
            "destination_gate_saturation_fraction": 0.0,
            "destination_gate_std": 0.08814705908298492,
            "destination_router_weight_rms": 0.033127252012491226,
            "layer": 4,
            "mixer_update_to_state_rms": 0.04040202125906944
          },
          {
            "destination_gate_max": 0.8844708204269409,
            "destination_gate_mean": 0.32350659370422363,
            "destination_gate_min": 0.05305574834346771,
            "destination_gate_saturation_fraction": 0.0,
            "destination_gate_std": 0.26311635971069336,
            "destination_router_weight_rms": 0.034142859280109406,
            "layer": 5,
            "mixer_update_to_state_rms": 0.09942343831062317
          },
          {
            "destination_gate_max": 0.6336365342140198,
            "destination_gate_mean": 0.2050667703151703,
            "destination_gate_min": 0.02272835560142994,
            "destination_gate_saturation_fraction": 0.125,
            "destination_gate_std": 0.17578193545341492,
            "destination_router_weight_rms": 0.03626178577542305,
            "layer": 6,
            "mixer_update_to_state_rms": 0.05164351314306259
          },
          {
            "absolute_path_cosine": 0.002292223973199725,
            "destination_gate_max": 0.477311909198761,
            "destination_gate_mean": 0.19296810030937195,
            "destination_gate_min": 0.04182218015193939,
            "destination_gate_saturation_fraction": 0.25,
            "destination_gate_std": 0.12872214615345,
            "destination_router_weight_rms": 0.03494449704885483,
            "layer": 7,
            "mixer_update_to_state_rms": 0.025478005409240723
          },
          {
            "destination_gate_max": 1.9893461465835571,
            "destination_gate_mean": 0.33975380659103394,
            "destination_gate_min": 0.041964396834373474,
            "destination_gate_saturation_fraction": 0.375,
            "destination_gate_std": 0.6248461604118347,
            "destination_router_weight_rms": 0.037823617458343506,
            "layer": 8,
            "mixer_update_to_state_rms": 0.25389572978019714
          },
          {
            "destination_gate_max": 0.2687016725540161,
            "destination_gate_mean": 0.1591627150774002,
            "destination_gate_min": 0.0564182847738266,
            "destination_gate_saturation_fraction": 0.0,
            "destination_gate_std": 0.064008429646492,
            "destination_router_weight_rms": 0.03356647863984108,
            "layer": 9,
            "mixer_update_to_state_rms": 0.01298154890537262
          },
          {
            "destination_gate_max": 0.20643019676208496,
            "destination_gate_mean": 0.09980900585651398,
            "destination_gate_min": 0.04645603895187378,
            "destination_gate_saturation_fraction": 0.125,
            "destination_gate_std": 0.044431813061237335,
            "destination_router_weight_rms": 0.03775286301970482,
            "layer": 10,
            "mixer_update_to_state_rms": 0.01151259709149599
          },
          {
            "destination_gate_max": 0.5464372038841248,
            "destination_gate_mean": 0.24846412241458893,
            "destination_gate_min": 0.026524564251303673,
            "destination_gate_saturation_fraction": 0.25,
            "destination_gate_std": 0.19410480558872223,
            "destination_router_weight_rms": 0.03572975471615791,
            "layer": 11,
            "mixer_update_to_state_rms": 0.020144080743193626
          },
          {
            "destination_gate_max": 0.2103329747915268,
            "destination_gate_mean": 0.08626753836870193,
            "destination_gate_min": 0.0205126591026783,
            "destination_gate_saturation_fraction": 0.375,
            "destination_gate_std": 0.060089122503995895,
            "destination_router_weight_rms": 0.03781132400035858,
            "layer": 12,
            "mixer_update_to_state_rms": 0.009008482098579407
          },
          {
            "destination_gate_max": 0.1290964037179947,
            "destination_gate_mean": 0.06133214384317398,
            "destination_gate_min": 0.01641005463898182,
            "destination_gate_saturation_fraction": 0.5,
            "destination_gate_std": 0.0389600470662117,
            "destination_router_weight_rms": 0.03755863755941391,
            "layer": 13,
            "mixer_update_to_state_rms": 0.006506263744086027
          },
          {
            "destination_gate_max": 0.13868939876556396,
            "destination_gate_mean": 0.052792467176914215,
            "destination_gate_min": 0.011066078208386898,
            "destination_gate_saturation_fraction": 0.75,
            "destination_gate_std": 0.041811954230070114,
            "destination_router_weight_rms": 0.03858128935098648,
            "layer": 14,
            "mixer_update_to_state_rms": 0.00750592490658164
          },
          {
            "absolute_path_cosine": 0.002171874511986971,
            "destination_gate_max": 0.17553174495697021,
            "destination_gate_mean": 0.06525402516126633,
            "destination_gate_min": 0.010471378453075886,
            "destination_gate_saturation_fraction": 0.5,
            "destination_gate_std": 0.05341261625289917,
            "destination_router_weight_rms": 0.038148265331983566,
            "layer": 15,
            "mixer_update_to_state_rms": 0.008208992891013622
          },
          {
            "destination_gate_max": 0.33256790041923523,
            "destination_gate_mean": 0.07892190665006638,
            "destination_gate_min": 0.019312331452965736,
            "destination_gate_saturation_fraction": 0.625,
            "destination_gate_std": 0.09931027889251709,
            "destination_router_weight_rms": 0.037648819386959076,
            "layer": 16,
            "mixer_update_to_state_rms": 0.019626973196864128
          },
          {
            "destination_gate_max": 1.844713807106018,
            "destination_gate_mean": 0.25131815671920776,
            "destination_gate_min": 0.013758573681116104,
            "destination_gate_saturation_fraction": 0.875,
            "destination_gate_std": 0.6023116707801819,
            "destination_router_weight_rms": 0.04077672213315964,
            "layer": 17,
            "mixer_update_to_state_rms": 0.21547843515872955
          },
          {
            "destination_gate_max": 0.17946748435497284,
            "destination_gate_mean": 0.04412417113780975,
            "destination_gate_min": 0.007634396199136972,
            "destination_gate_saturation_fraction": 0.875,
            "destination_gate_std": 0.05130310729146004,
            "destination_router_weight_rms": 0.03910337761044502,
            "layer": 18,
            "mixer_update_to_state_rms": 0.006179435644298792
          },
          {
            "destination_gate_max": 1.8564072847366333,
            "destination_gate_mean": 0.25771474838256836,
            "destination_gate_min": 0.013933698646724224,
            "destination_gate_saturation_fraction": 0.75,
            "destination_gate_std": 0.6047542095184326,
            "destination_router_weight_rms": 0.04048343375325203,
            "layer": 19,
            "mixer_update_to_state_rms": 0.10024172812700272
          },
          {
            "destination_gate_max": 0.033908162266016006,
            "destination_gate_mean": 0.023544136434793472,
            "destination_gate_min": 0.012255060486495495,
            "destination_gate_saturation_fraction": 1.0,
            "destination_gate_std": 0.006728369742631912,
            "destination_router_weight_rms": 0.04051937162876129,
            "layer": 20,
            "mixer_update_to_state_rms": 0.001940736430697143
          },
          {
            "destination_gate_max": 0.0589858703315258,
            "destination_gate_mean": 0.02192625217139721,
            "destination_gate_min": 0.004189637955278158,
            "destination_gate_saturation_fraction": 0.875,
            "destination_gate_std": 0.01657816767692566,
            "destination_router_weight_rms": 0.04250294715166092,
            "layer": 21,
            "mixer_update_to_state_rms": 0.0011309055844321847
          },
          {
            "destination_gate_max": 1.4928092956542969,
            "destination_gate_mean": 0.20341390371322632,
            "destination_gate_min": 0.01347317360341549,
            "destination_gate_saturation_fraction": 0.875,
            "destination_gate_std": 0.487373024225235,
            "destination_router_weight_rms": 0.0408514142036438,
            "layer": 22,
            "mixer_update_to_state_rms": 0.0862824097275734
          },
          {
            "absolute_path_cosine": 0.0017058696830645204,
            "destination_gate_max": 0.05384349450469017,
            "destination_gate_mean": 0.02902020514011383,
            "destination_gate_min": 0.01580822467803955,
            "destination_gate_saturation_fraction": 0.75,
            "destination_gate_std": 0.014175118878483772,
            "destination_router_weight_rms": 0.04023931547999382,
            "layer": 23,
            "mixer_update_to_state_rms": 0.0025334167294204235
          },
          {
            "destination_gate_max": 0.053569141775369644,
            "destination_gate_mean": 0.023100633174180984,
            "destination_gate_min": 0.008798450231552124,
            "destination_gate_saturation_fraction": 0.875,
            "destination_gate_std": 0.012736041098833084,
            "destination_router_weight_rms": 0.041425012052059174,
            "layer": 24,
            "mixer_update_to_state_rms": 0.0013646065490320325
          },
          {
            "destination_gate_max": 0.020329946652054787,
            "destination_gate_mean": 0.015579530037939548,
            "destination_gate_min": 0.009761483408510685,
            "destination_gate_saturation_fraction": 1.0,
            "destination_gate_std": 0.0035857779439538717,
            "destination_router_weight_rms": 0.04380817338824272,
            "layer": 25,
            "mixer_update_to_state_rms": 0.0007874778821133077
          },
          {
            "destination_gate_max": 0.02178935892879963,
            "destination_gate_mean": 0.014910342171788216,
            "destination_gate_min": 0.010295643471181393,
            "destination_gate_saturation_fraction": 1.0,
            "destination_gate_std": 0.004200147930532694,
            "destination_router_weight_rms": 0.04417358338832855,
            "layer": 26,
            "mixer_update_to_state_rms": 0.0010408299276605248
          },
          {
            "destination_gate_max": 0.021182069554924965,
            "destination_gate_mean": 0.015120871365070343,
            "destination_gate_min": 0.011096334084868431,
            "destination_gate_saturation_fraction": 1.0,
            "destination_gate_std": 0.0034330578055232763,
            "destination_router_weight_rms": 0.0461447536945343,
            "layer": 27,
            "mixer_update_to_state_rms": 0.0009620861383154988
          },
          {
            "destination_gate_max": 0.04052000120282173,
            "destination_gate_mean": 0.017986707389354706,
            "destination_gate_min": 0.006891981698572636,
            "destination_gate_saturation_fraction": 1.0,
            "destination_gate_std": 0.009722916409373283,
            "destination_router_weight_rms": 0.046228524297475815,
            "layer": 28,
            "mixer_update_to_state_rms": 0.00100258260499686
          },
          {
            "destination_gate_max": 0.025345182046294212,
            "destination_gate_mean": 0.01784837804734707,
            "destination_gate_min": 0.010205600410699844,
            "destination_gate_saturation_fraction": 1.0,
            "destination_gate_std": 0.004862931091338396,
            "destination_router_weight_rms": 0.04914360120892525,
            "layer": 29,
            "mixer_update_to_state_rms": 0.0007162117981351912
          },
          {
            "destination_gate_max": 0.05691730976104736,
            "destination_gate_mean": 0.029557980597019196,
            "destination_gate_min": 0.022461751475930214,
            "destination_gate_saturation_fraction": 0.875,
            "destination_gate_std": 0.010769182816147804,
            "destination_router_weight_rms": 0.05503486096858978,
            "layer": 30,
            "mixer_update_to_state_rms": 0.0011131804203614593
          },
          {
            "absolute_path_cosine": 0.002933583687990904,
            "destination_gate_max": 0.06014605611562729,
            "destination_gate_mean": 0.038034167140722275,
            "destination_gate_min": 0.027098599821329117,
            "destination_gate_saturation_fraction": 0.75,
            "destination_gate_std": 0.011818716302514076,
            "destination_router_weight_rms": 0.06118825078010559,
            "layer": 31,
            "mixer_update_to_state_rms": 0.0010552483145147562
          }
        ],
        "source": {
          "maximum_layer_gate_std": 0.0,
          "mean_gate_mean": 1.0,
          "mean_gate_std": 0.0,
          "mean_router_weight_rms": 0.0,
          "mean_saturation_fraction": 0.0
        }
      },
      "schema": "exp16-router-training-cell-v1",
      "seed": 23,
      "status": "complete",
      "steps": 62,
      "target_tokens": 10000000,
      "track": {
        "batch": 640,
        "model": "current-r8",
        "name": "current-router-1x",
        "router_lr_multiplier": 1.0
      },
      "validation": {
        "nll": 7.388060659170151,
        "position_nll": [
          7.349185086321086,
          7.391970845405012,
          7.462534616235644,
          7.477975405752659,
          7.333998145535588,
          7.298914786893874,
          7.541210189461708,
          7.61725106369704,
          7.229171973653138,
          7.380040338262916,
          7.238563487306237,
          7.417240622919053,
          7.761669393163174,
          7.50283913500607,
          7.168863581027836,
          7.369554932694882,
          7.1696120500564575,
          7.307320468593389,
          7.620377115439624,
          7.395417187828571,
          7.482869854662567,
          7.395736163947731,
          7.445056003984064,
          7.347489965613931,
          7.298837284557521,
          7.409284449648112,
          7.4251702493056655,
          7.344236084725708,
          7.266711048781872,
          7.367715305648744,
          7.2182168695144355,
          7.4950087778270245,
          7.3134308024309576,
          7.3222474358044565,
          7.40645034937188,
          7.317097409628332,
          7.152437610551715,
          7.382501148618758,
          7.3460284932516515,
          7.289756876882166,
          7.533188702072948,
          7.239795372821391,
          7.465262810699642,
          7.227626474108547,
          7.4394834651611745,
          7.2058822913095355,
          7.553608627058566,
          7.400884578935802,
          7.404545392841101,
          7.46741794468835,
          7.324306165799499,
          7.340840151067823,
          7.31901264982298,
          7.344653931912035,
          7.257557626347989,
          7.381181727629155,
          7.568173386156559,
          7.279926306102425,
          7.232792459893972,
          7.208330910187215,
          7.341417724266648,
          7.254894801415503,
          7.412543963640928,
          7.381621550768614,
          7.608580850530416,
          7.391337051056325,
          7.276265907566994,
          7.474242030642927,
          7.558733643963933,
          7.38393174810335,
          6.988692429848015,
          7.361025903839618,
          7.409548614174128,
          7.365854018367827,
          7.358445706777275,
          7.329651738516986,
          7.313623322173953,
          7.370817194227129,
          7.477636181283742,
          7.356784948613495,
          7.421528581529856,
          7.449032528791577,
          7.39172752853483,
          7.289781164843589,
          7.038631421979517,
          7.5567816300317645,
          7.538507035002112,
          7.491256207693368,
          7.414251246955246,
          7.472984807100147,
          7.457536635920405,
          7.515558990184218,
          7.5850386917591095,
          7.382869882043451,
          7.329199118539691,
          7.271453112363815,
          7.375454842112958,
          7.387796397320926,
          7.323593623936176,
          7.332632734440267,
          7.587913603056222,
          7.36234778072685,
          6.990507863461971,
          7.529528844635934,
          7.377084393519908,
          7.378050490282476,
          7.344285455998033,
          7.21195627655834,
          7.3047482199035585,
          7.3862904496490955,
          7.1437837816774845,
          7.362195153720677,
          7.111561809666455,
          7.505430510267615,
          7.374377007596195,
          7.257199069019407,
          7.525419296696782,
          7.271528973709792,
          7.3393751117400825,
          7.357331795152277,
          7.592848179396242,
          7.237249273341149,
          7.1704566814005375,
          7.46312040137127,
          7.349827892147005,
          7.383155228570104,
          7.4836248299106956,
          7.324629325419664,
          7.509079078678042,
          7.469474262557924,
          7.254154437687248,
          7.518156983423978,
          7.527076566126198,
          7.383548967540264,
          7.571691798511893,
          7.638608910143375,
          7.305123345460743,
          7.364974903874099,
          7.252610063180327,
          7.3858144544065,
          7.285082401707768,
          7.48935672454536,
          7.6646374287083745,
          7.44029555702582,
          7.339102437719703,
          7.390576664824039,
          7.34611984109506,
          7.433934743516147,
          7.431728228460997,
          7.3726471536792815,
          7.449447873048484,
          7.439415608998388,
          7.417162228841335,
          7.207440055441111,
          7.393039409071207,
          7.27819769224152,
          7.421103289816529,
          7.396051515825093,
          7.348690744489431,
          7.4624272412620485,
          7.236365374643356,
          7.238806446548551,
          7.391502610873431,
          7.530212016776204,
          7.37856648536399,
          7.385387930087745,
          7.435487157665193,
          7.291714704595506,
          7.468432897236198,
          7.475247160997242,
          7.293987731449306,
          7.361370811704546,
          7.2842928185127676,
          7.394282383378595,
          7.525647500995547,
          7.32290878565982,
          7.453327182680368,
          7.559460537973791,
          7.437201927881688,
          7.199814531486481,
          7.337050375528634,
          7.4749762755818665,
          7.358710533939302,
          7.471971965860575,
          7.575761000160128,
          7.276021753437817,
          7.290313202422112,
          7.526553463190794,
          7.661766878794879,
          7.406681253109127,
          7.434651833027601,
          7.578303403221071,
          7.348037234973162,
          7.315402521751821,
          7.502152151428163,
          7.40115299122408,
          7.563943118322641,
          7.452336366754025,
          7.240438385400921,
          7.297451673075557,
          7.162874088156968,
          7.363219635561109,
          7.425372404046357,
          7.496649046428502,
          7.392144925426692,
          7.550396793987602,
          7.413595308549702,
          7.126422923058271,
          7.449729517567903,
          7.410226539243013,
          7.308953313622624,
          7.545527045149356,
          7.415455732028931,
          7.404265534132719,
          7.524946507066488,
          7.390410524792969,
          7.290461719501764,
          7.534194862935692,
          7.255623752716929,
          7.433442887850106,
          7.454782001208514,
          7.435510409064591,
          7.44650214491412,
          7.347958521917462,
          7.381435942836106,
          7.323052394203842,
          7.668411172926426,
          7.345076265744865,
          7.494293211959302,
          7.39578614057973,
          7.369131115265191,
          7.591799053363502,
          7.1923253438435495,
          7.344090001657605,
          7.543738968204707,
          7.529032567515969,
          7.552164754830301,
          7.3390468545258045,
          7.311563999392092,
          7.522346009965986,
          7.428171705454588,
          7.254464488942176,
          7.452120753470808,
          7.438098736573011,
          7.5238727875985205,
          7.300863958429545,
          7.395332854706794,
          7.421003751922399,
          7.404520157724619,
          7.400162189267576,
          7.420847395434976,
          7.095770669169724,
          7.536716199479997,
          7.251561986748129,
          7.438953337725252,
          7.313084152061492
        ],
        "prediction_shift_tokens": 16,
        "tokens": 131072
      }
    },
    {
      "actual_tokens": 10158080,
      "batch": 640,
      "execution_mode": "default",
      "global_examples_per_step": 640,
      "global_tokens_per_step": 163840,
      "gradient_accumulation": 1,
      "gradient_norms": {
        "channel_factors": {
          "maximum": 0.04426141083240509,
          "mean": 0.004348112841331814,
          "median": 7.503622327931225e-06,
          "samples": 17
        },
        "ffn": {
          "maximum": 0.11549129337072372,
          "mean": 0.04088204617009444,
          "median": 0.024942651391029358,
          "samples": 17
        },
        "other": {
          "maximum": 2.515317916870117,
          "mean": 0.35344870782950344,
          "median": 0.0883539617061615,
          "samples": 17
        },
        "router": {
          "maximum": 0.060743119567632675,
          "mean": 0.005643242432102745,
          "median": 1.259729833691381e-05,
          "samples": 17
        },
        "token_factors": {
          "maximum": 0.040292851626873016,
          "mean": 0.0038927219191276998,
          "median": 5.440719633043045e-06,
          "samples": 17
        }
      },
      "loss_implementation": "fla-fused-linear-cross-entropy-exact",
      "model": "dense-workspace-r8",
      "optimizer_routing": {
        "base_lr": 0.006,
        "body_parameter_names": [
          "vocabulary",
          "blocks.0.rank_amplitudes",
          "blocks.0.mixer_gain",
          "blocks.0.ffn_gain",
          "blocks.0.outer.raw",
          "blocks.0.workspace.raw",
          "blocks.0.channel1.raw",
          "blocks.0.channel2.raw",
          "blocks.0.ffn.gate_up.weight",
          "blocks.0.ffn.down.weight",
          "blocks.1.rank_amplitudes",
          "blocks.1.mixer_gain",
          "blocks.1.ffn_gain",
          "blocks.1.outer.raw",
          "blocks.1.workspace.raw",
          "blocks.1.channel1.raw",
          "blocks.1.channel2.raw",
          "blocks.1.ffn.gate_up.weight",
          "blocks.1.ffn.down.weight",
          "blocks.2.rank_amplitudes",
          "blocks.2.mixer_gain",
          "blocks.2.ffn_gain",
          "blocks.2.outer.raw",
          "blocks.2.workspace.raw",
          "blocks.2.channel1.raw",
          "blocks.2.channel2.raw",
          "blocks.2.ffn.gate_up.weight",
          "blocks.2.ffn.down.weight",
          "blocks.3.rank_amplitudes",
          "blocks.3.mixer_gain",
          "blocks.3.ffn_gain",
          "blocks.3.outer.raw",
          "blocks.3.workspace.raw",
          "blocks.3.channel1.raw",
          "blocks.3.channel2.raw",
          "blocks.3.ffn.gate_up.weight",
          "blocks.3.ffn.down.weight",
          "blocks.4.rank_amplitudes",
          "blocks.4.mixer_gain",
          "blocks.4.ffn_gain",
          "blocks.4.outer.raw",
          "blocks.4.workspace.raw",
          "blocks.4.channel1.raw",
          "blocks.4.channel2.raw",
          "blocks.4.ffn.gate_up.weight",
          "blocks.4.ffn.down.weight",
          "blocks.5.rank_amplitudes",
          "blocks.5.mixer_gain",
          "blocks.5.ffn_gain",
          "blocks.5.outer.raw",
          "blocks.5.workspace.raw",
          "blocks.5.channel1.raw",
          "blocks.5.channel2.raw",
          "blocks.5.ffn.gate_up.weight",
          "blocks.5.ffn.down.weight",
          "blocks.6.rank_amplitudes",
          "blocks.6.mixer_gain",
          "blocks.6.ffn_gain",
          "blocks.6.outer.raw",
          "blocks.6.workspace.raw",
          "blocks.6.channel1.raw",
          "blocks.6.channel2.raw",
          "blocks.6.ffn.gate_up.weight",
          "blocks.6.ffn.down.weight",
          "blocks.7.rank_amplitudes",
          "blocks.7.mixer_gain",
          "blocks.7.ffn_gain",
          "blocks.7.outer.raw",
          "blocks.7.workspace.raw",
          "blocks.7.channel1.raw",
          "blocks.7.channel2.raw",
          "blocks.7.ffn.gate_up.weight",
          "blocks.7.ffn.down.weight",
          "blocks.8.rank_amplitudes",
          "blocks.8.mixer_gain",
          "blocks.8.ffn_gain",
          "blocks.8.outer.raw",
          "blocks.8.workspace.raw",
          "blocks.8.channel1.raw",
          "blocks.8.channel2.raw",
          "blocks.8.ffn.gate_up.weight",
          "blocks.8.ffn.down.weight",
          "blocks.9.rank_amplitudes",
          "blocks.9.mixer_gain",
          "blocks.9.ffn_gain",
          "blocks.9.outer.raw",
          "blocks.9.workspace.raw",
          "blocks.9.channel1.raw",
          "blocks.9.channel2.raw",
          "blocks.9.ffn.gate_up.weight",
          "blocks.9.ffn.down.weight",
          "blocks.10.rank_amplitudes",
          "blocks.10.mixer_gain",
          "blocks.10.ffn_gain",
          "blocks.10.outer.raw",
          "blocks.10.workspace.raw",
          "blocks.10.channel1.raw",
          "blocks.10.channel2.raw",
          "blocks.10.ffn.gate_up.weight",
          "blocks.10.ffn.down.weight",
          "blocks.11.rank_amplitudes",
          "blocks.11.mixer_gain",
          "blocks.11.ffn_gain",
          "blocks.11.outer.raw",
          "blocks.11.workspace.raw",
          "blocks.11.channel1.raw",
          "blocks.11.channel2.raw",
          "blocks.11.ffn.gate_up.weight",
          "blocks.11.ffn.down.weight",
          "blocks.12.rank_amplitudes",
          "blocks.12.mixer_gain",
          "blocks.12.ffn_gain",
          "blocks.12.outer.raw",
          "blocks.12.workspace.raw",
          "blocks.12.channel1.raw",
          "blocks.12.channel2.raw",
          "blocks.12.ffn.gate_up.weight",
          "blocks.12.ffn.down.weight",
          "blocks.13.rank_amplitudes",
          "blocks.13.mixer_gain",
          "blocks.13.ffn_gain",
          "blocks.13.outer.raw",
          "blocks.13.workspace.raw",
          "blocks.13.channel1.raw",
          "blocks.13.channel2.raw",
          "blocks.13.ffn.gate_up.weight",
          "blocks.13.ffn.down.weight",
          "blocks.14.rank_amplitudes",
          "blocks.14.mixer_gain",
          "blocks.14.ffn_gain",
          "blocks.14.outer.raw",
          "blocks.14.workspace.raw",
          "blocks.14.channel1.raw",
          "blocks.14.channel2.raw",
          "blocks.14.ffn.gate_up.weight",
          "blocks.14.ffn.down.weight",
          "blocks.15.rank_amplitudes",
          "blocks.15.mixer_gain",
          "blocks.15.ffn_gain",
          "blocks.15.outer.raw",
          "blocks.15.workspace.raw",
          "blocks.15.channel1.raw",
          "blocks.15.channel2.raw",
          "blocks.15.ffn.gate_up.weight",
          "blocks.15.ffn.down.weight",
          "blocks.16.rank_amplitudes",
          "blocks.16.mixer_gain",
          "blocks.16.ffn_gain",
          "blocks.16.outer.raw",
          "blocks.16.workspace.raw",
          "blocks.16.channel1.raw",
          "blocks.16.channel2.raw",
          "blocks.16.ffn.gate_up.weight",
          "blocks.16.ffn.down.weight",
          "blocks.17.rank_amplitudes",
          "blocks.17.mixer_gain",
          "blocks.17.ffn_gain",
          "blocks.17.outer.raw",
          "blocks.17.workspace.raw",
          "blocks.17.channel1.raw",
          "blocks.17.channel2.raw",
          "blocks.17.ffn.gate_up.weight",
          "blocks.17.ffn.down.weight",
          "blocks.18.rank_amplitudes",
          "blocks.18.mixer_gain",
          "blocks.18.ffn_gain",
          "blocks.18.outer.raw",
          "blocks.18.workspace.raw",
          "blocks.18.channel1.raw",
          "blocks.18.channel2.raw",
          "blocks.18.ffn.gate_up.weight",
          "blocks.18.ffn.down.weight",
          "blocks.19.rank_amplitudes",
          "blocks.19.mixer_gain",
          "blocks.19.ffn_gain",
          "blocks.19.outer.raw",
          "blocks.19.workspace.raw",
          "blocks.19.channel1.raw",
          "blocks.19.channel2.raw",
          "blocks.19.ffn.gate_up.weight",
          "blocks.19.ffn.down.weight",
          "blocks.20.rank_amplitudes",
          "blocks.20.mixer_gain",
          "blocks.20.ffn_gain",
          "blocks.20.outer.raw",
          "blocks.20.workspace.raw",
          "blocks.20.channel1.raw",
          "blocks.20.channel2.raw",
          "blocks.20.ffn.gate_up.weight",
          "blocks.20.ffn.down.weight",
          "blocks.21.rank_amplitudes",
          "blocks.21.mixer_gain",
          "blocks.21.ffn_gain",
          "blocks.21.outer.raw",
          "blocks.21.workspace.raw",
          "blocks.21.channel1.raw",
          "blocks.21.channel2.raw",
          "blocks.21.ffn.gate_up.weight",
          "blocks.21.ffn.down.weight",
          "blocks.22.rank_amplitudes",
          "blocks.22.mixer_gain",
          "blocks.22.ffn_gain",
          "blocks.22.outer.raw",
          "blocks.22.workspace.raw",
          "blocks.22.channel1.raw",
          "blocks.22.channel2.raw",
          "blocks.22.ffn.gate_up.weight",
          "blocks.22.ffn.down.weight",
          "blocks.23.rank_amplitudes",
          "blocks.23.mixer_gain",
          "blocks.23.ffn_gain",
          "blocks.23.outer.raw",
          "blocks.23.workspace.raw",
          "blocks.23.channel1.raw",
          "blocks.23.channel2.raw",
          "blocks.23.ffn.gate_up.weight",
          "blocks.23.ffn.down.weight",
          "blocks.24.rank_amplitudes",
          "blocks.24.mixer_gain",
          "blocks.24.ffn_gain",
          "blocks.24.outer.raw",
          "blocks.24.workspace.raw",
          "blocks.24.channel1.raw",
          "blocks.24.channel2.raw",
          "blocks.24.ffn.gate_up.weight",
          "blocks.24.ffn.down.weight",
          "blocks.25.rank_amplitudes",
          "blocks.25.mixer_gain",
          "blocks.25.ffn_gain",
          "blocks.25.outer.raw",
          "blocks.25.workspace.raw",
          "blocks.25.channel1.raw",
          "blocks.25.channel2.raw",
          "blocks.25.ffn.gate_up.weight",
          "blocks.25.ffn.down.weight",
          "blocks.26.rank_amplitudes",
          "blocks.26.mixer_gain",
          "blocks.26.ffn_gain",
          "blocks.26.outer.raw",
          "blocks.26.workspace.raw",
          "blocks.26.channel1.raw",
          "blocks.26.channel2.raw",
          "blocks.26.ffn.gate_up.weight",
          "blocks.26.ffn.down.weight",
          "blocks.27.rank_amplitudes",
          "blocks.27.mixer_gain",
          "blocks.27.ffn_gain",
          "blocks.27.outer.raw",
          "blocks.27.workspace.raw",
          "blocks.27.channel1.raw",
          "blocks.27.channel2.raw",
          "blocks.27.ffn.gate_up.weight",
          "blocks.27.ffn.down.weight",
          "blocks.28.rank_amplitudes",
          "blocks.28.mixer_gain",
          "blocks.28.ffn_gain",
          "blocks.28.outer.raw",
          "blocks.28.workspace.raw",
          "blocks.28.channel1.raw",
          "blocks.28.channel2.raw",
          "blocks.28.ffn.gate_up.weight",
          "blocks.28.ffn.down.weight",
          "blocks.29.rank_amplitudes",
          "blocks.29.mixer_gain",
          "blocks.29.ffn_gain",
          "blocks.29.outer.raw",
          "blocks.29.workspace.raw",
          "blocks.29.channel1.raw",
          "blocks.29.channel2.raw",
          "blocks.29.ffn.gate_up.weight",
          "blocks.29.ffn.down.weight",
          "blocks.30.rank_amplitudes",
          "blocks.30.mixer_gain",
          "blocks.30.ffn_gain",
          "blocks.30.outer.raw",
          "blocks.30.workspace.raw",
          "blocks.30.channel1.raw",
          "blocks.30.channel2.raw",
          "blocks.30.ffn.gate_up.weight",
          "blocks.30.ffn.down.weight",
          "blocks.31.rank_amplitudes",
          "blocks.31.mixer_gain",
          "blocks.31.ffn_gain",
          "blocks.31.outer.raw",
          "blocks.31.workspace.raw",
          "blocks.31.channel1.raw",
          "blocks.31.channel2.raw",
          "blocks.31.ffn.gate_up.weight",
          "blocks.31.ffn.down.weight"
        ],
        "body_parameters": 5425472,
        "family": "adamw-router-multiplier",
        "router_lr_multiplier": 1.0,
        "router_parameter_names": [
          "blocks.0.destination_router.weight",
          "blocks.1.destination_router.weight",
          "blocks.2.destination_router.weight",
          "blocks.3.destination_router.weight",
          "blocks.4.destination_router.weight",
          "blocks.5.destination_router.weight",
          "blocks.6.destination_router.weight",
          "blocks.7.destination_router.weight",
          "blocks.8.destination_router.weight",
          "blocks.9.destination_router.weight",
          "blocks.10.destination_router.weight",
          "blocks.11.destination_router.weight",
          "blocks.12.destination_router.weight",
          "blocks.13.destination_router.weight",
          "blocks.14.destination_router.weight",
          "blocks.15.destination_router.weight",
          "blocks.16.destination_router.weight",
          "blocks.17.destination_router.weight",
          "blocks.18.destination_router.weight",
          "blocks.19.destination_router.weight",
          "blocks.20.destination_router.weight",
          "blocks.21.destination_router.weight",
          "blocks.22.destination_router.weight",
          "blocks.23.destination_router.weight",
          "blocks.24.destination_router.weight",
          "blocks.25.destination_router.weight",
          "blocks.26.destination_router.weight",
          "blocks.27.destination_router.weight",
          "blocks.28.destination_router.weight",
          "blocks.29.destination_router.weight",
          "blocks.30.destination_router.weight",
          "blocks.31.destination_router.weight"
        ],
        "router_parameters": 32768
      },
      "performance": {
        "body_lr": 0.005408824699282298,
        "clip_fraction": 0.11290322580645161,
        "global_grad_norm": 0.06418263912200928,
        "gpu_samples": 315,
        "median_gpu_utilization_percent": 0.0,
        "median_power_watts": 119.65,
        "peak_allocated_gib": 63.92352056503296,
        "peak_nvidia_memory_mib": 69246.0,
        "peak_reserved_gib": 66.884765625,
        "router_lr": 0.005408824699282298,
        "step": 62,
        "tokens_per_second": 235264.76202115818,
        "tokens_seen": 10158080,
        "train_block_nll": 7.391329765319824
      },
      "router_ablations": {
        "evaluations": {
          "destination_neutral": {
            "nll": 7.388467103242874,
            "position_nll": [
              7.1860352251678705,
              7.227105000987649,
              7.459583722986281,
              7.471031880937517,
              7.428774350322783,
              7.5018891133368015,
              7.6342385951429605,
              7.7568305023014545,
              7.257532371208072,
              7.35704851988703,
              7.265321644023061,
              7.424020090140402,
              7.831840654835105,
              7.64139870647341,
              7.097050091251731,
              7.281270259059966,
              7.340171079151332,
              7.331232161261141,
              7.68333865981549,
              7.253841079771519,
              7.436030399985611,
              7.265950942412019,
              7.483582395128906,
              7.171872857958078,
              7.208324846811593,
              7.5529197584837675,
              7.323047189041972,
              7.249822240322828,
              7.295600241050124,
              7.487826342694461,
              7.089109198190272,
              7.528047458268702,
              7.376881369389594,
              7.416066697798669,
              7.284966506995261,
              7.490110585466027,
              7.226342014037073,
              7.211787013337016,
              7.307034749537706,
              7.3183229342103004,
              7.456513467244804,
              7.1368103586137295,
              7.378061464987695,
              7.368000495247543,
              7.344974552281201,
              7.252739354036748,
              7.635097371414304,
              7.418590963818133,
              7.20573490485549,
              7.539302554912865,
              7.321016311645508,
              7.2511564856395125,
              7.410581256262958,
              7.1724258083850145,
              7.228190541267395,
              7.27361433301121,
              7.675815815106034,
              7.2086471170187,
              7.18776055239141,
              7.277864431962371,
              7.035403393208981,
              7.2712526973336935,
              7.396542510949075,
              7.238966852426529,
              7.648208930157125,
              7.355487308464944,
              7.471730834804475,
              7.404254243709147,
              7.328910171985626,
              7.517780095338821,
              6.999025793746114,
              7.44305972661823,
              7.3079266510903835,
              7.488160526379943,
              7.364893575198948,
              7.2503082025796175,
              7.322494342923164,
              7.471572327427566,
              7.527525515295565,
              7.429907331243157,
              7.287370911799371,
              7.3369706477969885,
              7.3723295126110315,
              7.378227587789297,
              7.023491839878261,
              7.630275194533169,
              7.667586003430188,
              7.525735038332641,
              7.4515380300581455,
              7.512251849286258,
              7.33831447083503,
              7.5679410714656115,
              7.959762986749411,
              7.22635829821229,
              7.382706278935075,
              7.32260802295059,
              7.39581061154604,
              7.639264635741711,
              7.36896338686347,
              7.167909453622997,
              7.61610892880708,
              7.300680678337812,
              6.991425767540932,
              7.7692232970148325,
              7.208656053058803,
              7.337336605414748,
              7.312395669519901,
              7.2703822189942,
              7.399409039877355,
              7.326626042835414,
              6.995803150348365,
              7.284519651904702,
              7.038949352689087,
              7.227502489462495,
              7.479029690846801,
              7.236130938865244,
              7.554755473509431,
              7.249833014793694,
              7.2069306168705225,
              7.467009405605495,
              7.7574684377759695,
              7.300865105353296,
              7.340813395567238,
              7.435918155126274,
              7.274944381788373,
              7.2860253769904375,
              7.502311890013516,
              7.200634807348251,
              7.310696276836097,
              7.424633730202913,
              7.2931348495185375,
              7.339763826690614,
              7.567334967665374,
              7.434315770864487,
              7.541681750677526,
              7.784967283718288,
              7.448798884637654,
              7.176707505248487,
              7.113166877999902,
              7.492866420187056,
              7.285112063400447,
              7.568927722983062,
              7.64323943015188,
              7.187958415597677,
              7.375789171084762,
              7.590056853368878,
              7.407211133278906,
              7.430731974542141,
              7.395550092682242,
              7.4800786124542356,
              7.422182127833366,
              7.489950998686254,
              7.547898423857987,
              7.2546679293736815,
              7.294890100136399,
              7.414271495305002,
              7.300515899434686,
              7.235145096667111,
              7.311098337173462,
              7.561910477466881,
              7.130586267448962,
              7.297792983241379,
              7.559746773913503,
              7.430214935913682,
              7.405061569996178,
              7.425876824185252,
              7.481536966748536,
              7.181751698255539,
              7.572407103143632,
              7.387612584978342,
              7.006922174245119,
              7.328020833432674,
              7.349360722117126,
              7.314533112570643,
              7.52070312295109,
              7.376155221834779,
              7.57978736795485,
              7.58653964754194,
              7.554882106371224,
              7.302737216465175,
              7.502086198888719,
              7.564518575556576,
              7.560869638808072,
              7.14863736461848,
              7.745885731652379,
              7.3685280019417405,
              7.490443020127714,
              7.592900012619793,
              7.621036891825497,
              7.491299835033715,
              7.494581460021436,
              7.647065121680498,
              7.209608624689281,
              7.309422825463116,
              7.306310296058655,
              7.444795538671315,
              7.460291285067797,
              7.428711905144155,
              7.216341545805335,
              7.169481395743787,
              7.237624084576964,
              7.345746433362365,
              7.4396838042885065,
              7.4246133817359805,
              7.37257300876081,
              7.516669020988047,
              7.490309967659414,
              7.031693276017904,
              7.4995958264917135,
              7.333912228234112,
              7.428410887718201,
              7.5526292230933905,
              7.206039080396295,
              7.473214067518711,
              7.486699087545276,
              7.361639278009534,
              7.573276263661683,
              7.618327468633652,
              7.425454684533179,
              7.521964323706925,
              7.20172833558172,
              7.534770763479173,
              7.455049281008542,
              7.2275503389537334,
              7.425027381628752,
              7.3767127469182014,
              7.728356369771063,
              7.498694272711873,
              7.209352258592844,
              7.423608868382871,
              7.134759747423232,
              7.847041379660368,
              7.304875558242202,
              7.335987693630159,
              7.572674700990319,
              7.485008092597127,
              7.425498402677476,
              7.272001967765391,
              7.520459868945181,
              7.491667848080397,
              7.277641646564007,
              7.325572351925075,
              7.300713650882244,
              7.764277479611337,
              7.511738587170839,
              7.287111798301339,
              7.2660282999277115,
              7.426112295128405,
              7.632514713332057,
              7.318253478966653,
              7.432179184630513,
              7.034986333921552,
              7.519735219888389,
              7.17129675578326,
              7.33654556889087,
              7.245055390521884
            ],
            "prediction_shift_tokens": 16,
            "tokens": 65536
          },
          "normal": {
            "nll": 7.388465344905853,
            "position_nll": [
              7.186192381195724,
              7.227114566601813,
              7.459901863709092,
              7.470838788896799,
              7.4287078427150846,
              7.5018402663990855,
              7.634000371210277,
              7.756877502426505,
              7.257160265929997,
              7.356816050596535,
              7.265799109824002,
              7.423657765612006,
              7.831558326259255,
              7.641217051073909,
              7.096919860690832,
              7.281287941150367,
              7.340096777305007,
              7.331628849729896,
              7.683134142309427,
              7.253524060361087,
              7.435973435640335,
              7.266133960336447,
              7.483442805707455,
              7.1721082758158445,
              7.208561976440251,
              7.553073579445481,
              7.323189686983824,
              7.249718000181019,
              7.295537553727627,
              7.487923036329448,
              7.089315353892744,
              7.528088299557567,
              7.376981568522751,
              7.416016777046025,
              7.285099794156849,
              7.490353238768876,
              7.226299235597253,
              7.212072534486651,
              7.307046317495406,
              7.318570054136217,
              7.456723880954087,
              7.136947721242905,
              7.378196228295565,
              7.367770621553063,
              7.345029820688069,
              7.252930442802608,
              7.635108661837876,
              7.418661055155098,
              7.2059438126161695,
              7.539564855396748,
              7.320962286554277,
              7.251025983132422,
              7.4105976996943355,
              7.172352958470583,
              7.2280789921060205,
              7.274113167077303,
              7.675468766130507,
              7.208753140643239,
              7.187536711804569,
              7.277463067322969,
              7.035571649670601,
              7.27115536108613,
              7.3966907523572445,
              7.2385895643383265,
              7.648505788296461,
              7.355071819387376,
              7.471732364967465,
              7.404576904140413,
              7.328736151568592,
              7.517637487500906,
              6.998992333188653,
              7.443209673278034,
              7.307735664770007,
              7.488400906324387,
              7.364885346964002,
              7.250400627031922,
              7.322652486152947,
              7.471565247513354,
              7.527480472810566,
              7.429699191823602,
              7.287400252185762,
              7.336978356353939,
              7.372055913321674,
              7.377682812511921,
              7.023397543467581,
              7.629938347265124,
              7.667660261504352,
              7.5251250164583325,
              7.45160657633096,
              7.512055013328791,
              7.3383603962138295,
              7.567955730482936,
              7.9597370298579335,
              7.226380261592567,
              7.382698987610638,
              7.322355942800641,
              7.395661233924329,
              7.639201841317117,
              7.369001693092287,
              7.167609762400389,
              7.616349436342716,
              7.300647205673158,
              6.991279133595526,
              7.769150489941239,
              7.208648724481463,
              7.337414026260376,
              7.312427003867924,
              7.270256868563592,
              7.399465154856443,
              7.326297977939248,
              6.995681962929666,
              7.2842703955248,
              7.039094184525311,
              7.227474748156965,
              7.479608398862183,
              7.235979042947292,
              7.554804694838822,
              7.249847580678761,
              7.207049611955881,
              7.466843196190894,
              7.757515426725149,
              7.300831934437156,
              7.3411471685394645,
              7.435799416154623,
              7.275228343904018,
              7.286171735264361,
              7.502361613325775,
              7.200635565444827,
              7.31077862624079,
              7.42454341519624,
              7.293098299764097,
              7.339623847045004,
              7.567168637178838,
              7.434446860104799,
              7.541712400503457,
              7.7850853987038136,
              7.448774756863713,
              7.176745920442045,
              7.113142888061702,
              7.492992859333754,
              7.285252180881798,
              7.5689349211752415,
              7.643281722441316,
              7.18811752460897,
              7.375758280046284,
              7.590132790617645,
              7.407044715248048,
              7.430655597709119,
              7.395506983622909,
              7.480048251338303,
              7.42212250828743,
              7.49012356530875,
              7.547957600094378,
              7.2547332886606455,
              7.295318358577788,
              7.414246269501746,
              7.30057286657393,
              7.2350943349301815,
              7.311154116876423,
              7.562038139440119,
              7.1305634044110775,
              7.297695441171527,
              7.559412041679025,
              7.43020898476243,
              7.405091335996985,
              7.425903554074466,
              7.481588711030781,
              7.181890922598541,
              7.572533301077783,
              7.38752165902406,
              7.007228673435748,
              7.3279748586937785,
              7.3492793729528785,
              7.314452083781362,
              7.520640823058784,
              7.376246233470738,
              7.579254608601332,
              7.5866808751598,
              7.55497420579195,
              7.302218168973923,
              7.501524385996163,
              7.564712846651673,
              7.560591462999582,
              7.148828087374568,
              7.745389135554433,
              7.368581403978169,
              7.4906381871551275,
              7.592920456081629,
              7.621067595668137,
              7.4912197114899755,
              7.49477650411427,
              7.647063131444156,
              7.209564082324505,
              7.3095419174060225,
              7.305993409827352,
              7.44518029037863,
              7.460378725081682,
              7.428734909743071,
              7.216423946432769,
              7.169512622989714,
              7.237489985302091,
              7.345866878516972,
              7.439206671901047,
              7.424717226065695,
              7.3725642981007695,
              7.516511481255293,
              7.490220879204571,
              7.0317479921504855,
              7.499784893356264,
              7.334147494286299,
              7.428691662847996,
              7.552592753432691,
              7.20624260045588,
              7.473197286948562,
              7.486484443768859,
              7.361531849019229,
              7.57329867221415,
              7.618442207574844,
              7.425252174958587,
              7.521897917613387,
              7.201753292232752,
              7.534402747638524,
              7.455037192441523,
              7.227547597140074,
              7.424834270961583,
              7.376705292612314,
              7.728245033882558,
              7.498811091296375,
              7.209857674315572,
              7.423693650402129,
              7.134811007417738,
              7.846641753800213,
              7.304666826501489,
              7.336257630959153,
              7.572793980129063,
              7.485063382424414,
              7.4258070923388,
              7.27229718118906,
              7.520387448370457,
              7.491537828929722,
              7.27765370439738,
              7.325626271776855,
              7.300748510286212,
              7.763832836411893,
              7.511878770776093,
              7.287055984139442,
              7.266138099133968,
              7.426283232867718,
              7.632696386426687,
              7.318260783329606,
              7.432114110328257,
              7.035121978260577,
              7.519786410965025,
              7.171389610506594,
              7.336627660319209,
              7.245231109671295
            ],
            "prediction_shift_tokens": 16,
            "tokens": 65536
          }
        },
        "neutral_minus_normal_nll": {
          "destination_neutral": 1.7583370208740234e-06
        }
      },
      "router_telemetry": {
        "destination": {
          "maximum_layer_gate_std": 0.7882787585258484,
          "mean_gate_mean": 0.1459550647123251,
          "mean_gate_std": 0.1371552747732494,
          "mean_router_weight_rms": 0.04173384723253548,
          "mean_saturation_fraction": 0.562896728515625
        },
        "mean_absolute_path_cosine": 0.004328418103978038,
        "mean_mixer_update_to_state_rms": 0.15661538995846058,
        "per_layer": [
          {
            "absolute_path_cosine": 0.007294530980288982,
            "destination_gate_max": 1.9643510580062866,
            "destination_gate_mean": 0.7507243156433105,
            "destination_gate_min": 0.04202784597873688,
            "destination_gate_saturation_fraction": 0.0126953125,
            "destination_gate_std": 0.5791979432106018,
            "destination_router_weight_rms": 0.04465414956212044,
            "layer": 0,
            "mixer_update_to_state_rms": 3.9640400409698486
          },
          {
            "destination_gate_max": 1.401928186416626,
            "destination_gate_mean": 0.45198777318000793,
            "destination_gate_min": 0.06777970492839813,
            "destination_gate_saturation_fraction": 0.0,
            "destination_gate_std": 0.2919827103614807,
            "destination_router_weight_rms": 0.03654239699244499,
            "layer": 1,
            "mixer_update_to_state_rms": 0.065296970307827
          },
          {
            "destination_gate_max": 0.8766384720802307,
            "destination_gate_mean": 0.37125229835510254,
            "destination_gate_min": 0.16696876287460327,
            "destination_gate_saturation_fraction": 0.0,
            "destination_gate_std": 0.18317805230617523,
            "destination_router_weight_rms": 0.0323420986533165,
            "layer": 2,
            "mixer_update_to_state_rms": 0.0466485433280468
          },
          {
            "destination_gate_max": 0.545957624912262,
            "destination_gate_mean": 0.20693112909793854,
            "destination_gate_min": 0.07340019941329956,
            "destination_gate_saturation_fraction": 0.0,
            "destination_gate_std": 0.1357714682817459,
            "destination_router_weight_rms": 0.03838037699460983,
            "layer": 3,
            "mixer_update_to_state_rms": 0.03475356101989746
          },
          {
            "destination_gate_max": 0.4532853662967682,
            "destination_gate_mean": 0.21368175745010376,
            "destination_gate_min": 0.03271796926856041,
            "destination_gate_saturation_fraction": 0.125,
            "destination_gate_std": 0.12499818205833435,
            "destination_router_weight_rms": 0.03759072721004486,
            "layer": 4,
            "mixer_update_to_state_rms": 0.03135141357779503
          },
          {
            "destination_gate_max": 0.35172510147094727,
            "destination_gate_mean": 0.1723615825176239,
            "destination_gate_min": 0.05183824896812439,
            "destination_gate_saturation_fraction": 0.0,
            "destination_gate_std": 0.09032408148050308,
            "destination_router_weight_rms": 0.034998904913663864,
            "layer": 5,
            "mixer_update_to_state_rms": 0.025004254654049873
          },
          {
            "destination_gate_max": 1.4508135318756104,
            "destination_gate_mean": 0.30213117599487305,
            "destination_gate_min": 0.06051110476255417,
            "destination_gate_saturation_fraction": 0.0,
            "destination_gate_std": 0.4395807385444641,
            "destination_router_weight_rms": 0.03772985562682152,
            "layer": 6,
            "mixer_update_to_state_rms": 0.13066376745700836
          },
          {
            "absolute_path_cosine": 0.0023016631603240967,
            "destination_gate_max": 1.218930721282959,
            "destination_gate_mean": 0.2783324718475342,
            "destination_gate_min": 0.05491672456264496,
            "destination_gate_saturation_fraction": 0.0,
            "destination_gate_std": 0.3615456521511078,
            "destination_router_weight_rms": 0.036167364567518234,
            "layer": 7,
            "mixer_update_to_state_rms": 0.08844296634197235
          },
          {
            "destination_gate_max": 1.9780333042144775,
            "destination_gate_mean": 0.6121290326118469,
            "destination_gate_min": 0.04934529960155487,
            "destination_gate_saturation_fraction": 0.25,
            "destination_gate_std": 0.7882787585258484,
            "destination_router_weight_rms": 0.040199533104896545,
            "layer": 8,
            "mixer_update_to_state_rms": 0.353142648935318
          },
          {
            "destination_gate_max": 0.7660611867904663,
            "destination_gate_mean": 0.17610834538936615,
            "destination_gate_min": 0.058036841452121735,
            "destination_gate_saturation_fraction": 0.0,
            "destination_gate_std": 0.22050915658473969,
            "destination_router_weight_rms": 0.03844573721289635,
            "layer": 9,
            "mixer_update_to_state_rms": 0.06760871410369873
          },
          {
            "destination_gate_max": 0.7088363766670227,
            "destination_gate_mean": 0.16241225600242615,
            "destination_gate_min": 0.025461124256253242,
            "destination_gate_saturation_fraction": 0.5,
            "destination_gate_std": 0.22510643303394318,
            "destination_router_weight_rms": 0.03915028274059296,
            "layer": 10,
            "mixer_update_to_state_rms": 0.04169657453894615
          },
          {
            "destination_gate_max": 0.6468949913978577,
            "destination_gate_mean": 0.131683811545372,
            "destination_gate_min": 0.0230714101344347,
            "destination_gate_saturation_fraction": 0.5,
            "destination_gate_std": 0.19641733169555664,
            "destination_router_weight_rms": 0.038818612694740295,
            "layer": 11,
            "mixer_update_to_state_rms": 0.046992577612400055
          },
          {
            "destination_gate_max": 0.11601117253303528,
            "destination_gate_mean": 0.06024959683418274,
            "destination_gate_min": 0.02329850010573864,
            "destination_gate_saturation_fraction": 0.375,
            "destination_gate_std": 0.03219721093773842,
            "destination_router_weight_rms": 0.039808910340070724,
            "layer": 12,
            "mixer_update_to_state_rms": 0.011226913891732693
          },
          {
            "destination_gate_max": 0.6946465969085693,
            "destination_gate_mean": 0.16244973242282867,
            "destination_gate_min": 0.01603850908577442,
            "destination_gate_saturation_fraction": 0.625,
            "destination_gate_std": 0.22084714472293854,
            "destination_router_weight_rms": 0.03926066681742668,
            "layer": 13,
            "mixer_update_to_state_rms": 0.025974061340093613
          },
          {
            "destination_gate_max": 0.22175513207912445,
            "destination_gate_mean": 0.06713119149208069,
            "destination_gate_min": 0.01763053983449936,
            "destination_gate_saturation_fraction": 0.75,
            "destination_gate_std": 0.07803589105606079,
            "destination_router_weight_rms": 0.04004902020096779,
            "layer": 14,
            "mixer_update_to_state_rms": 0.010385160334408283
          },
          {
            "absolute_path_cosine": 0.0029238432180136442,
            "destination_gate_max": 0.17765285074710846,
            "destination_gate_mean": 0.051216427236795425,
            "destination_gate_min": 0.011426622048020363,
            "destination_gate_saturation_fraction": 0.875,
            "destination_gate_std": 0.04866202548146248,
            "destination_router_weight_rms": 0.03931499645113945,
            "layer": 15,
            "mixer_update_to_state_rms": 0.005933381617069244
          },
          {
            "destination_gate_max": 0.043297503143548965,
            "destination_gate_mean": 0.02806161716580391,
            "destination_gate_min": 0.015051176771521568,
            "destination_gate_saturation_fraction": 1.0,
            "destination_gate_std": 0.011236070655286312,
            "destination_router_weight_rms": 0.03998228535056114,
            "layer": 16,
            "mixer_update_to_state_rms": 0.0024796321522444487
          },
          {
            "destination_gate_max": 0.16760919988155365,
            "destination_gate_mean": 0.0752253383398056,
            "destination_gate_min": 0.010509833693504333,
            "destination_gate_saturation_fraction": 0.5,
            "destination_gate_std": 0.055905718356370926,
            "destination_router_weight_rms": 0.03966312110424042,
            "layer": 17,
            "mixer_update_to_state_rms": 0.013867444358766079
          },
          {
            "destination_gate_max": 0.0600067675113678,
            "destination_gate_mean": 0.029944686219096184,
            "destination_gate_min": 0.009225303307175636,
            "destination_gate_saturation_fraction": 0.875,
            "destination_gate_std": 0.017817607149481773,
            "destination_router_weight_rms": 0.04108360409736633,
            "layer": 18,
            "mixer_update_to_state_rms": 0.0024045249447226524
          },
          {
            "destination_gate_max": 0.060403525829315186,
            "destination_gate_mean": 0.02662007510662079,
            "destination_gate_min": 0.009482371620833874,
            "destination_gate_saturation_fraction": 0.875,
            "destination_gate_std": 0.017248570919036865,
            "destination_router_weight_rms": 0.04051300883293152,
            "layer": 19,
            "mixer_update_to_state_rms": 0.0023479009978473186
          },
          {
            "destination_gate_max": 0.2314152866601944,
            "destination_gate_mean": 0.055742911994457245,
            "destination_gate_min": 0.013294058851897717,
            "destination_gate_saturation_fraction": 0.75,
            "destination_gate_std": 0.07036665827035904,
            "destination_router_weight_rms": 0.040345676243305206,
            "layer": 20,
            "mixer_update_to_state_rms": 0.012012706138193607
          },
          {
            "destination_gate_max": 0.08075200766324997,
            "destination_gate_mean": 0.023064572364091873,
            "destination_gate_min": 0.008829104714095592,
            "destination_gate_saturation_fraction": 0.875,
            "destination_gate_std": 0.022303663194179535,
            "destination_router_weight_rms": 0.04278554767370224,
            "layer": 21,
            "mixer_update_to_state_rms": 0.005313105881214142
          },
          {
            "destination_gate_max": 0.0771484225988388,
            "destination_gate_mean": 0.023533644154667854,
            "destination_gate_min": 0.006845727097243071,
            "destination_gate_saturation_fraction": 0.875,
            "destination_gate_std": 0.020943455398082733,
            "destination_router_weight_rms": 0.04292825236916542,
            "layer": 22,
            "mixer_update_to_state_rms": 0.0014239070005714893
          },
          {
            "absolute_path_cosine": 0.004538245499134064,
            "destination_gate_max": 0.03896694257855415,
            "destination_gate_mean": 0.017756320536136627,
            "destination_gate_min": 0.006767050828784704,
            "destination_gate_saturation_fraction": 1.0,
            "destination_gate_std": 0.010374610312283039,
            "destination_router_weight_rms": 0.043300606310367584,
            "layer": 23,
            "mixer_update_to_state_rms": 0.0015299634542316198
          },
          {
            "destination_gate_max": 0.1767941415309906,
            "destination_gate_mean": 0.03998086601495743,
            "destination_gate_min": 0.012296558357775211,
            "destination_gate_saturation_fraction": 0.75,
            "destination_gate_std": 0.05314796790480614,
            "destination_router_weight_rms": 0.04265519604086876,
            "layer": 24,
            "mixer_update_to_state_rms": 0.005917019676417112
          },
          {
            "destination_gate_max": 0.1588953584432602,
            "destination_gate_mean": 0.03903757035732269,
            "destination_gate_min": 0.008529961109161377,
            "destination_gate_saturation_fraction": 0.75,
            "destination_gate_std": 0.050666190683841705,
            "destination_router_weight_rms": 0.044047072529792786,
            "layer": 25,
            "mixer_update_to_state_rms": 0.007846103981137276
          },
          {
            "destination_gate_max": 0.03232518211007118,
            "destination_gate_mean": 0.017396006733179092,
            "destination_gate_min": 0.010179618373513222,
            "destination_gate_saturation_fraction": 1.0,
            "destination_gate_std": 0.006443010177463293,
            "destination_router_weight_rms": 0.04495358467102051,
            "layer": 26,
            "mixer_update_to_state_rms": 0.001123500056564808
          },
          {
            "destination_gate_max": 0.025679437443614006,
            "destination_gate_mean": 0.016530806198716164,
            "destination_gate_min": 0.006495782174170017,
            "destination_gate_saturation_fraction": 1.0,
            "destination_gate_std": 0.005791618488729,
            "destination_router_weight_rms": 0.04632006213068962,
            "layer": 27,
            "mixer_update_to_state_rms": 0.0014298976166173816
          },
          {
            "destination_gate_max": 0.02754826843738556,
            "destination_gate_mean": 0.014845815487205982,
            "destination_gate_min": 0.008241508156061172,
            "destination_gate_saturation_fraction": 1.0,
            "destination_gate_std": 0.005707600619643927,
            "destination_router_weight_rms": 0.04842294007539749,
            "layer": 28,
            "mixer_update_to_state_rms": 0.0007772635435685515
          },
          {
            "destination_gate_max": 0.027759451419115067,
            "destination_gate_mean": 0.018828196451067924,
            "destination_gate_min": 0.013929503038525581,
            "destination_gate_saturation_fraction": 1.0,
            "destination_gate_std": 0.004465758800506592,
            "destination_router_weight_rms": 0.05128423124551773,
            "layer": 29,
            "mixer_update_to_state_rms": 0.0008190723601728678
          },
          {
            "destination_gate_max": 0.05061200261116028,
            "destination_gate_mean": 0.03573156148195267,
            "destination_gate_min": 0.02452785335481167,
            "destination_gate_saturation_fraction": 0.875,
            "destination_gate_std": 0.008431012742221355,
            "destination_router_weight_rms": 0.05477774888277054,
            "layer": 30,
            "mixer_update_to_state_rms": 0.0014522465644404292
          },
          {
            "absolute_path_cosine": 0.004583807662129402,
            "destination_gate_max": 0.06680721789598465,
            "destination_gate_mean": 0.037479184567928314,
            "destination_gate_min": 0.027914978563785553,
            "destination_gate_saturation_fraction": 0.875,
            "destination_gate_std": 0.011486498638987541,
            "destination_router_weight_rms": 0.058966539800167084,
            "layer": 31,
            "mixer_update_to_state_rms": 0.0017866399139165878
          }
        ],
        "source": {
          "maximum_layer_gate_std": 0.0,
          "mean_gate_mean": 1.0,
          "mean_gate_std": 0.0,
          "mean_router_weight_rms": 0.0,
          "mean_saturation_fraction": 0.0
        }
      },
      "schema": "exp16-router-training-cell-v1",
      "seed": 23,
      "status": "complete",
      "steps": 62,
      "target_tokens": 10000000,
      "track": {
        "batch": 640,
        "model": "dense-workspace-r8",
        "name": "dense-router-1x",
        "router_lr_multiplier": 1.0
      },
      "validation": {
        "nll": 7.387659698724747,
        "position_nll": [
          7.347838266286999,
          7.392753588967025,
          7.46350760338828,
          7.473894794471562,
          7.3338623265735805,
          7.299702072981745,
          7.536667663604021,
          7.618865497410297,
          7.231718505267054,
          7.380955698899925,
          7.2349884351715446,
          7.416120482143015,
          7.763491300866008,
          7.50352844549343,
          7.169624728616327,
          7.367448476608843,
          7.1706444337032735,
          7.307746398728341,
          7.621884259395301,
          7.395370009820908,
          7.481324063614011,
          7.395547380670905,
          7.443994804285467,
          7.346982836723328,
          7.298365076538175,
          7.407002427615225,
          7.424112998880446,
          7.343233096878976,
          7.265795345418155,
          7.369773513171822,
          7.216910004615784,
          7.497654628008604,
          7.3135083937086165,
          7.321997611317784,
          7.4066929416731,
          7.315453626681119,
          7.152856636792421,
          7.38106797914952,
          7.347523989155889,
          7.289128969423473,
          7.5318070682697,
          7.240630382206291,
          7.464103896636516,
          7.227084676269442,
          7.438241759780794,
          7.20441565848887,
          7.548048574477434,
          7.399691861122847,
          7.403485216666013,
          7.467258246149868,
          7.324202357325703,
          7.341179862618446,
          7.320340951438993,
          7.345127389300615,
          7.258977820631117,
          7.379288699943572,
          7.565905082970858,
          7.28039834741503,
          7.235289053060114,
          7.210611547343433,
          7.339778820052743,
          7.253023108933121,
          7.416623004712164,
          7.381159648299217,
          7.609396769665182,
          7.392399967648089,
          7.275717318058014,
          7.4713587164878845,
          7.555741035845131,
          7.3866242044605315,
          6.988300478551537,
          7.360521555878222,
          7.409385007340461,
          7.366797500289977,
          7.359906709752977,
          7.331304964143783,
          7.313682404812425,
          7.371291717980057,
          7.477312184870243,
          7.35553755890578,
          7.421321656089276,
          7.448342844378203,
          7.394680151250213,
          7.291726343333721,
          7.039547060616314,
          7.556857392191887,
          7.539338081143796,
          7.488617663271725,
          7.41312814457342,
          7.475488927215338,
          7.45897434419021,
          7.516038867179304,
          7.58536609262228,
          7.380262240767479,
          7.332882864400744,
          7.2714490462094545,
          7.375739136245102,
          7.385714126750827,
          7.321585355792195,
          7.331060286611319,
          7.588065338786691,
          7.359673318918794,
          6.9915351564995944,
          7.5329928090795875,
          7.375346151180565,
          7.3760662279091775,
          7.34466632315889,
          7.212673133704811,
          7.305581197142601,
          7.386215274222195,
          7.142595441546291,
          7.357906513381749,
          7.1112337172962725,
          7.504581913352013,
          7.3738655974157155,
          7.254190624225885,
          7.527562002651393,
          7.274111978709698,
          7.339850502554327,
          7.352920011617243,
          7.591749645303935,
          7.236970575992018,
          7.171056346502155,
          7.458587609697133,
          7.348934335634112,
          7.383895230479538,
          7.4878804055042565,
          7.321967395953834,
          7.509300454519689,
          7.471152374520898,
          7.253067346289754,
          7.513867409899831,
          7.526197894010693,
          7.383540670853108,
          7.572086184285581,
          7.640114744659513,
          7.3046627514995635,
          7.367946261074394,
          7.250552678015083,
          7.383004453033209,
          7.281729300506413,
          7.4909029407426715,
          7.664848556276411,
          7.441292407456785,
          7.338597114663571,
          7.388514064252377,
          7.341470028273761,
          7.4367227968759835,
          7.43254257645458,
          7.372048599645495,
          7.446050468832254,
          7.43945271987468,
          7.417270113714039,
          7.205108659341931,
          7.393690716475248,
          7.275688728317618,
          7.4222807781770825,
          7.394177080132067,
          7.34625081717968,
          7.462679378222674,
          7.234266107901931,
          7.241704954300076,
          7.3890348970890045,
          7.53006504336372,
          7.376476598903537,
          7.387250414118171,
          7.435017934069037,
          7.291554520372301,
          7.467205838765949,
          7.475453736726195,
          7.2921809875406325,
          7.360782831441611,
          7.2836937750689685,
          7.395235906820744,
          7.523552702739835,
          7.318750161211938,
          7.45476872427389,
          7.558113204315305,
          7.437734198756516,
          7.20007135765627,
          7.334879155270755,
          7.475796166807413,
          7.359512872993946,
          7.4714881596155465,
          7.577613476198167,
          7.275689616333693,
          7.289293446578085,
          7.525297865271568,
          7.659000067971647,
          7.407839423511177,
          7.435184346977621,
          7.575048071797937,
          7.348122609313577,
          7.313660060055554,
          7.503581220284104,
          7.399855701252818,
          7.562496497295797,
          7.450350215192884,
          7.240313304122537,
          7.299345129169524,
          7.1642761984840035,
          7.3604946825653315,
          7.424424881581217,
          7.496997568756342,
          7.3927911394275725,
          7.546811671927571,
          7.412934846244752,
          7.12636325834319,
          7.451671370305121,
          7.410223780665547,
          7.307600661646575,
          7.547033766750246,
          7.415389496833086,
          7.4039638177491724,
          7.525361305568367,
          7.391252801753581,
          7.291651704814285,
          7.532740253023803,
          7.258342177141458,
          7.431695298291743,
          7.453497778158635,
          7.431477732490748,
          7.446074150502682,
          7.3485216735862195,
          7.3836438143625855,
          7.324428012594581,
          7.667284408584237,
          7.3420859281904995,
          7.493042150977999,
          7.3952651671133935,
          7.366555024404079,
          7.588777290657163,
          7.191199536435306,
          7.3441186607815325,
          7.546321019530296,
          7.525816185865551,
          7.550753653980792,
          7.340574843343347,
          7.30956478510052,
          7.523621087428182,
          7.4263590183109045,
          7.2510224799625576,
          7.451267407741398,
          7.438283532392234,
          7.521390576381236,
          7.294419324491173,
          7.395590391941369,
          7.42244085110724,
          7.406229492742568,
          7.3970068376511335,
          7.419172398280352,
          7.097179542295635,
          7.537972159683704,
          7.250237931031734,
          7.4381989049725235,
          7.313092781696469
        ],
        "prediction_shift_tokens": 16,
        "tokens": 131072
      }
    },
    {
      "actual_tokens": 10092544,
      "batch": 512,
      "execution_mode": "default",
      "global_examples_per_step": 512,
      "global_tokens_per_step": 131072,
      "gradient_accumulation": 1,
      "gradient_norms": {
        "channel_factors": {
          "maximum": 0.03565129637718201,
          "mean": 0.005061850638048782,
          "median": 4.43208100477932e-05,
          "samples": 20
        },
        "ffn": {
          "maximum": 0.12593285739421844,
          "mean": 0.046484126383438705,
          "median": 0.044028546661138535,
          "samples": 20
        },
        "other": {
          "maximum": 2.744103193283081,
          "mean": 0.367209212295711,
          "median": 0.08815918117761612,
          "samples": 20
        },
        "router": {
          "maximum": 0.08460056036710739,
          "mean": 0.010812264368996693,
          "median": 6.074313569115475e-05,
          "samples": 20
        },
        "token_factors": {
          "maximum": 0.03714603930711746,
          "mean": 0.004738373339114333,
          "median": 3.58602173946565e-05,
          "samples": 20
        }
      },
      "loss_implementation": "fla-fused-linear-cross-entropy-exact",
      "model": "bi-decoupled-r8",
      "optimizer_routing": {
        "base_lr": 0.006,
        "body_parameter_names": [
          "vocabulary",
          "blocks.0.rank_amplitudes",
          "blocks.0.channel_amplitudes",
          "blocks.0.mixer_gain",
          "blocks.0.ffn_gain",
          "blocks.0.outer.raw",
          "blocks.0.workspace1.raw",
          "blocks.0.workspace2.raw",
          "blocks.0.channel1.raw",
          "blocks.0.channel2.raw",
          "blocks.0.ffn.gate_up.weight",
          "blocks.0.ffn.down.weight",
          "blocks.1.rank_amplitudes",
          "blocks.1.channel_amplitudes",
          "blocks.1.mixer_gain",
          "blocks.1.ffn_gain",
          "blocks.1.outer.raw",
          "blocks.1.workspace1.raw",
          "blocks.1.workspace2.raw",
          "blocks.1.channel1.raw",
          "blocks.1.channel2.raw",
          "blocks.1.ffn.gate_up.weight",
          "blocks.1.ffn.down.weight",
          "blocks.2.rank_amplitudes",
          "blocks.2.channel_amplitudes",
          "blocks.2.mixer_gain",
          "blocks.2.ffn_gain",
          "blocks.2.outer.raw",
          "blocks.2.workspace1.raw",
          "blocks.2.workspace2.raw",
          "blocks.2.channel1.raw",
          "blocks.2.channel2.raw",
          "blocks.2.ffn.gate_up.weight",
          "blocks.2.ffn.down.weight",
          "blocks.3.rank_amplitudes",
          "blocks.3.channel_amplitudes",
          "blocks.3.mixer_gain",
          "blocks.3.ffn_gain",
          "blocks.3.outer.raw",
          "blocks.3.workspace1.raw",
          "blocks.3.workspace2.raw",
          "blocks.3.channel1.raw",
          "blocks.3.channel2.raw",
          "blocks.3.ffn.gate_up.weight",
          "blocks.3.ffn.down.weight",
          "blocks.4.rank_amplitudes",
          "blocks.4.channel_amplitudes",
          "blocks.4.mixer_gain",
          "blocks.4.ffn_gain",
          "blocks.4.outer.raw",
          "blocks.4.workspace1.raw",
          "blocks.4.workspace2.raw",
          "blocks.4.channel1.raw",
          "blocks.4.channel2.raw",
          "blocks.4.ffn.gate_up.weight",
          "blocks.4.ffn.down.weight",
          "blocks.5.rank_amplitudes",
          "blocks.5.channel_amplitudes",
          "blocks.5.mixer_gain",
          "blocks.5.ffn_gain",
          "blocks.5.outer.raw",
          "blocks.5.workspace1.raw",
          "blocks.5.workspace2.raw",
          "blocks.5.channel1.raw",
          "blocks.5.channel2.raw",
          "blocks.5.ffn.gate_up.weight",
          "blocks.5.ffn.down.weight",
          "blocks.6.rank_amplitudes",
          "blocks.6.channel_amplitudes",
          "blocks.6.mixer_gain",
          "blocks.6.ffn_gain",
          "blocks.6.outer.raw",
          "blocks.6.workspace1.raw",
          "blocks.6.workspace2.raw",
          "blocks.6.channel1.raw",
          "blocks.6.channel2.raw",
          "blocks.6.ffn.gate_up.weight",
          "blocks.6.ffn.down.weight",
          "blocks.7.rank_amplitudes",
          "blocks.7.channel_amplitudes",
          "blocks.7.mixer_gain",
          "blocks.7.ffn_gain",
          "blocks.7.outer.raw",
          "blocks.7.workspace1.raw",
          "blocks.7.workspace2.raw",
          "blocks.7.channel1.raw",
          "blocks.7.channel2.raw",
          "blocks.7.ffn.gate_up.weight",
          "blocks.7.ffn.down.weight",
          "blocks.8.rank_amplitudes",
          "blocks.8.channel_amplitudes",
          "blocks.8.mixer_gain",
          "blocks.8.ffn_gain",
          "blocks.8.outer.raw",
          "blocks.8.workspace1.raw",
          "blocks.8.workspace2.raw",
          "blocks.8.channel1.raw",
          "blocks.8.channel2.raw",
          "blocks.8.ffn.gate_up.weight",
          "blocks.8.ffn.down.weight",
          "blocks.9.rank_amplitudes",
          "blocks.9.channel_amplitudes",
          "blocks.9.mixer_gain",
          "blocks.9.ffn_gain",
          "blocks.9.outer.raw",
          "blocks.9.workspace1.raw",
          "blocks.9.workspace2.raw",
          "blocks.9.channel1.raw",
          "blocks.9.channel2.raw",
          "blocks.9.ffn.gate_up.weight",
          "blocks.9.ffn.down.weight",
          "blocks.10.rank_amplitudes",
          "blocks.10.channel_amplitudes",
          "blocks.10.mixer_gain",
          "blocks.10.ffn_gain",
          "blocks.10.outer.raw",
          "blocks.10.workspace1.raw",
          "blocks.10.workspace2.raw",
          "blocks.10.channel1.raw",
          "blocks.10.channel2.raw",
          "blocks.10.ffn.gate_up.weight",
          "blocks.10.ffn.down.weight",
          "blocks.11.rank_amplitudes",
          "blocks.11.channel_amplitudes",
          "blocks.11.mixer_gain",
          "blocks.11.ffn_gain",
          "blocks.11.outer.raw",
          "blocks.11.workspace1.raw",
          "blocks.11.workspace2.raw",
          "blocks.11.channel1.raw",
          "blocks.11.channel2.raw",
          "blocks.11.ffn.gate_up.weight",
          "blocks.11.ffn.down.weight",
          "blocks.12.rank_amplitudes",
          "blocks.12.channel_amplitudes",
          "blocks.12.mixer_gain",
          "blocks.12.ffn_gain",
          "blocks.12.outer.raw",
          "blocks.12.workspace1.raw",
          "blocks.12.workspace2.raw",
          "blocks.12.channel1.raw",
          "blocks.12.channel2.raw",
          "blocks.12.ffn.gate_up.weight",
          "blocks.12.ffn.down.weight",
          "blocks.13.rank_amplitudes",
          "blocks.13.channel_amplitudes",
          "blocks.13.mixer_gain",
          "blocks.13.ffn_gain",
          "blocks.13.outer.raw",
          "blocks.13.workspace1.raw",
          "blocks.13.workspace2.raw",
          "blocks.13.channel1.raw",
          "blocks.13.channel2.raw",
          "blocks.13.ffn.gate_up.weight",
          "blocks.13.ffn.down.weight",
          "blocks.14.rank_amplitudes",
          "blocks.14.channel_amplitudes",
          "blocks.14.mixer_gain",
          "blocks.14.ffn_gain",
          "blocks.14.outer.raw",
          "blocks.14.workspace1.raw",
          "blocks.14.workspace2.raw",
          "blocks.14.channel1.raw",
          "blocks.14.channel2.raw",
          "blocks.14.ffn.gate_up.weight",
          "blocks.14.ffn.down.weight",
          "blocks.15.rank_amplitudes",
          "blocks.15.channel_amplitudes",
          "blocks.15.mixer_gain",
          "blocks.15.ffn_gain",
          "blocks.15.outer.raw",
          "blocks.15.workspace1.raw",
          "blocks.15.workspace2.raw",
          "blocks.15.channel1.raw",
          "blocks.15.channel2.raw",
          "blocks.15.ffn.gate_up.weight",
          "blocks.15.ffn.down.weight",
          "blocks.16.rank_amplitudes",
          "blocks.16.channel_amplitudes",
          "blocks.16.mixer_gain",
          "blocks.16.ffn_gain",
          "blocks.16.outer.raw",
          "blocks.16.workspace1.raw",
          "blocks.16.workspace2.raw",
          "blocks.16.channel1.raw",
          "blocks.16.channel2.raw",
          "blocks.16.ffn.gate_up.weight",
          "blocks.16.ffn.down.weight",
          "blocks.17.rank_amplitudes",
          "blocks.17.channel_amplitudes",
          "blocks.17.mixer_gain",
          "blocks.17.ffn_gain",
          "blocks.17.outer.raw",
          "blocks.17.workspace1.raw",
          "blocks.17.workspace2.raw",
          "blocks.17.channel1.raw",
          "blocks.17.channel2.raw",
          "blocks.17.ffn.gate_up.weight",
          "blocks.17.ffn.down.weight",
          "blocks.18.rank_amplitudes",
          "blocks.18.channel_amplitudes",
          "blocks.18.mixer_gain",
          "blocks.18.ffn_gain",
          "blocks.18.outer.raw",
          "blocks.18.workspace1.raw",
          "blocks.18.workspace2.raw",
          "blocks.18.channel1.raw",
          "blocks.18.channel2.raw",
          "blocks.18.ffn.gate_up.weight",
          "blocks.18.ffn.down.weight",
          "blocks.19.rank_amplitudes",
          "blocks.19.channel_amplitudes",
          "blocks.19.mixer_gain",
          "blocks.19.ffn_gain",
          "blocks.19.outer.raw",
          "blocks.19.workspace1.raw",
          "blocks.19.workspace2.raw",
          "blocks.19.channel1.raw",
          "blocks.19.channel2.raw",
          "blocks.19.ffn.gate_up.weight",
          "blocks.19.ffn.down.weight",
          "blocks.20.rank_amplitudes",
          "blocks.20.channel_amplitudes",
          "blocks.20.mixer_gain",
          "blocks.20.ffn_gain",
          "blocks.20.outer.raw",
          "blocks.20.workspace1.raw",
          "blocks.20.workspace2.raw",
          "blocks.20.channel1.raw",
          "blocks.20.channel2.raw",
          "blocks.20.ffn.gate_up.weight",
          "blocks.20.ffn.down.weight",
          "blocks.21.rank_amplitudes",
          "blocks.21.channel_amplitudes",
          "blocks.21.mixer_gain",
          "blocks.21.ffn_gain",
          "blocks.21.outer.raw",
          "blocks.21.workspace1.raw",
          "blocks.21.workspace2.raw",
          "blocks.21.channel1.raw",
          "blocks.21.channel2.raw",
          "blocks.21.ffn.gate_up.weight",
          "blocks.21.ffn.down.weight",
          "blocks.22.rank_amplitudes",
          "blocks.22.channel_amplitudes",
          "blocks.22.mixer_gain",
          "blocks.22.ffn_gain",
          "blocks.22.outer.raw",
          "blocks.22.workspace1.raw",
          "blocks.22.workspace2.raw",
          "blocks.22.channel1.raw",
          "blocks.22.channel2.raw",
          "blocks.22.ffn.gate_up.weight",
          "blocks.22.ffn.down.weight",
          "blocks.23.rank_amplitudes",
          "blocks.23.channel_amplitudes",
          "blocks.23.mixer_gain",
          "blocks.23.ffn_gain",
          "blocks.23.outer.raw",
          "blocks.23.workspace1.raw",
          "blocks.23.workspace2.raw",
          "blocks.23.channel1.raw",
          "blocks.23.channel2.raw",
          "blocks.23.ffn.gate_up.weight",
          "blocks.23.ffn.down.weight",
          "blocks.24.rank_amplitudes",
          "blocks.24.channel_amplitudes",
          "blocks.24.mixer_gain",
          "blocks.24.ffn_gain",
          "blocks.24.outer.raw",
          "blocks.24.workspace1.raw",
          "blocks.24.workspace2.raw",
          "blocks.24.channel1.raw",
          "blocks.24.channel2.raw",
          "blocks.24.ffn.gate_up.weight",
          "blocks.24.ffn.down.weight",
          "blocks.25.rank_amplitudes",
          "blocks.25.channel_amplitudes",
          "blocks.25.mixer_gain",
          "blocks.25.ffn_gain",
          "blocks.25.outer.raw",
          "blocks.25.workspace1.raw",
          "blocks.25.workspace2.raw",
          "blocks.25.channel1.raw",
          "blocks.25.channel2.raw",
          "blocks.25.ffn.gate_up.weight",
          "blocks.25.ffn.down.weight",
          "blocks.26.rank_amplitudes",
          "blocks.26.channel_amplitudes",
          "blocks.26.mixer_gain",
          "blocks.26.ffn_gain",
          "blocks.26.outer.raw",
          "blocks.26.workspace1.raw",
          "blocks.26.workspace2.raw",
          "blocks.26.channel1.raw",
          "blocks.26.channel2.raw",
          "blocks.26.ffn.gate_up.weight",
          "blocks.26.ffn.down.weight",
          "blocks.27.rank_amplitudes",
          "blocks.27.channel_amplitudes",
          "blocks.27.mixer_gain",
          "blocks.27.ffn_gain",
          "blocks.27.outer.raw",
          "blocks.27.workspace1.raw",
          "blocks.27.workspace2.raw",
          "blocks.27.channel1.raw",
          "blocks.27.channel2.raw",
          "blocks.27.ffn.gate_up.weight",
          "blocks.27.ffn.down.weight",
          "blocks.28.rank_amplitudes",
          "blocks.28.channel_amplitudes",
          "blocks.28.mixer_gain",
          "blocks.28.ffn_gain",
          "blocks.28.outer.raw",
          "blocks.28.workspace1.raw",
          "blocks.28.workspace2.raw",
          "blocks.28.channel1.raw",
          "blocks.28.channel2.raw",
          "blocks.28.ffn.gate_up.weight",
          "blocks.28.ffn.down.weight",
          "blocks.29.rank_amplitudes",
          "blocks.29.channel_amplitudes",
          "blocks.29.mixer_gain",
          "blocks.29.ffn_gain",
          "blocks.29.outer.raw",
          "blocks.29.workspace1.raw",
          "blocks.29.workspace2.raw",
          "blocks.29.channel1.raw",
          "blocks.29.channel2.raw",
          "blocks.29.ffn.gate_up.weight",
          "blocks.29.ffn.down.weight",
          "blocks.30.rank_amplitudes",
          "blocks.30.channel_amplitudes",
          "blocks.30.mixer_gain",
          "blocks.30.ffn_gain",
          "blocks.30.outer.raw",
          "blocks.30.workspace1.raw",
          "blocks.30.workspace2.raw",
          "blocks.30.channel1.raw",
          "blocks.30.channel2.raw",
          "blocks.30.ffn.gate_up.weight",
          "blocks.30.ffn.down.weight",
          "blocks.31.rank_amplitudes",
          "blocks.31.channel_amplitudes",
          "blocks.31.mixer_gain",
          "blocks.31.ffn_gain",
          "blocks.31.outer.raw",
          "blocks.31.workspace1.raw",
          "blocks.31.workspace2.raw",
          "blocks.31.channel1.raw",
          "blocks.31.channel2.raw",
          "blocks.31.ffn.gate_up.weight",
          "blocks.31.ffn.down.weight"
        ],
        "body_parameters": 5368384,
        "family": "adamw-router-multiplier",
        "router_lr_multiplier": 0.0,
        "router_parameter_names": [
          "blocks.0.source_router.weight",
          "blocks.0.destination_router.weight",
          "blocks.1.source_router.weight",
          "blocks.1.destination_router.weight",
          "blocks.2.source_router.weight",
          "blocks.2.destination_router.weight",
          "blocks.3.source_router.weight",
          "blocks.3.destination_router.weight",
          "blocks.4.source_router.weight",
          "blocks.4.destination_router.weight",
          "blocks.5.source_router.weight",
          "blocks.5.destination_router.weight",
          "blocks.6.source_router.weight",
          "blocks.6.destination_router.weight",
          "blocks.7.source_router.weight",
          "blocks.7.destination_router.weight",
          "blocks.8.source_router.weight",
          "blocks.8.destination_router.weight",
          "blocks.9.source_router.weight",
          "blocks.9.destination_router.weight",
          "blocks.10.source_router.weight",
          "blocks.10.destination_router.weight",
          "blocks.11.source_router.weight",
          "blocks.11.destination_router.weight",
          "blocks.12.source_router.weight",
          "blocks.12.destination_router.weight",
          "blocks.13.source_router.weight",
          "blocks.13.destination_router.weight",
          "blocks.14.source_router.weight",
          "blocks.14.destination_router.weight",
          "blocks.15.source_router.weight",
          "blocks.15.destination_router.weight",
          "blocks.16.source_router.weight",
          "blocks.16.destination_router.weight",
          "blocks.17.source_router.weight",
          "blocks.17.destination_router.weight",
          "blocks.18.source_router.weight",
          "blocks.18.destination_router.weight",
          "blocks.19.source_router.weight",
          "blocks.19.destination_router.weight",
          "blocks.20.source_router.weight",
          "blocks.20.destination_router.weight",
          "blocks.21.source_router.weight",
          "blocks.21.destination_router.weight",
          "blocks.22.source_router.weight",
          "blocks.22.destination_router.weight",
          "blocks.23.source_router.weight",
          "blocks.23.destination_router.weight",
          "blocks.24.source_router.weight",
          "blocks.24.destination_router.weight",
          "blocks.25.source_router.weight",
          "blocks.25.destination_router.weight",
          "blocks.26.source_router.weight",
          "blocks.26.destination_router.weight",
          "blocks.27.source_router.weight",
          "blocks.27.destination_router.weight",
          "blocks.28.source_router.weight",
          "blocks.28.destination_router.weight",
          "blocks.29.source_router.weight",
          "blocks.29.destination_router.weight",
          "blocks.30.source_router.weight",
          "blocks.30.destination_router.weight",
          "blocks.31.source_router.weight",
          "blocks.31.destination_router.weight"
        ],
        "router_parameters": 65536
      },
      "performance": {
        "body_lr": 0.005417929022812525,
        "clip_fraction": 0.1038961038961039,
        "global_grad_norm": 0.06503444164991379,
        "gpu_samples": 571,
        "median_gpu_utilization_percent": 54.0,
        "median_power_watts": 313.87,
        "peak_allocated_gib": 67.42245244979858,
        "peak_nvidia_memory_mib": 71272.0,
        "peak_reserved_gib": 68.861328125,
        "router_lr": 0.0,
        "step": 77,
        "tokens_per_second": 100076.78818854535,
        "tokens_seen": 10092544,
        "train_block_nll": 7.404136657714844
      },
      "router_ablations": {
        "evaluations": {
          "both_neutral": {
            "nll": 7.38839316368103,
            "position_nll": [
              7.182935104705393,
              7.242320127785206,
              7.453644495457411,
              7.467696293257177,
              7.417715514078736,
              7.500393986701965,
              7.633124050684273,
              7.745682839304209,
              7.252582523971796,
              7.349198981188238,
              7.270920674316585,
              7.443509852513671,
              7.815141381695867,
              7.640526250936091,
              7.096639351919293,
              7.285496634431183,
              7.3454283913597465,
              7.333842399530113,
              7.672745581716299,
              7.248392925597727,
              7.428479244932532,
              7.262863378971815,
              7.489584694616497,
              7.167232415638864,
              7.211936576291919,
              7.558472877368331,
              7.316577360033989,
              7.253952976316214,
              7.296699997037649,
              7.483054542914033,
              7.095733658410609,
              7.536256744526327,
              7.3650682382285595,
              7.417683094739914,
              7.276540005579591,
              7.483800921589136,
              7.228243866935372,
              7.212284540757537,
              7.302794369868934,
              7.312535238452256,
              7.463539032265544,
              7.152951553463936,
              7.376332764513791,
              7.37396889179945,
              7.352657879702747,
              7.253154570236802,
              7.632587080821395,
              7.409892560914159,
              7.214837499894202,
              7.544544410891831,
              7.314775307662785,
              7.251034514978528,
              7.4098675744608045,
              7.173836226575077,
              7.2331274608150125,
              7.274131467565894,
              7.6809426276013255,
              7.215884194709361,
              7.1860677460208535,
              7.277263956144452,
              7.039030428044498,
              7.266584852710366,
              7.401863744482398,
              7.251226746477187,
              7.645379495806992,
              7.352806307375431,
              7.47590128146112,
              7.422194273211062,
              7.322736115194857,
              7.500419436022639,
              6.999039830639958,
              7.435825455933809,
              7.309076806530356,
              7.492211299017072,
              7.352692360989749,
              7.2535742446780205,
              7.322387638501823,
              7.468423610553145,
              7.509215481579304,
              7.438509135507047,
              7.288502777926624,
              7.333027851767838,
              7.364288181066513,
              7.3762273183092475,
              7.027539876289666,
              7.632234036922455,
              7.668811292387545,
              7.519669853150845,
              7.450790595263243,
              7.508584801107645,
              7.334169847890735,
              7.558276295661926,
              7.946848601102829,
              7.227645845152438,
              7.365850277245045,
              7.32221195846796,
              7.402670635841787,
              7.63909263536334,
              7.378552921116352,
              7.177913100458682,
              7.615487940609455,
              7.305202015675604,
              7.006146810948849,
              7.760965369641781,
              7.220327191054821,
              7.331005930900574,
              7.304169834591448,
              7.264630017802119,
              7.391077077947557,
              7.324132272973657,
              6.998994695022702,
              7.289895837195218,
              7.055581273511052,
              7.231402166187763,
              7.481576826423407,
              7.247242158278823,
              7.549850773066282,
              7.247467410750687,
              7.2130595007911325,
              7.464241257868707,
              7.765206823125482,
              7.29533945210278,
              7.339198947884142,
              7.441655199043453,
              7.270193601958454,
              7.280001920647919,
              7.494569661095738,
              7.2041362430900335,
              7.314513233490288,
              7.427481377497315,
              7.298718247562647,
              7.348086137324572,
              7.567293802276254,
              7.430761831812561,
              7.544461376033723,
              7.780138723552227,
              7.449910458177328,
              7.172274004667997,
              7.122525210492313,
              7.502797391265631,
              7.281951748766005,
              7.5582857904955745,
              7.6340363044291735,
              7.200082244351506,
              7.379189342260361,
              7.591055787168443,
              7.414280445314944,
              7.435351872816682,
              7.398802455514669,
              7.465339154936373,
              7.443139838054776,
              7.5018410654738545,
              7.544332445599139,
              7.247999669983983,
              7.290192350745201,
              7.412162823602557,
              7.29610875248909,
              7.252139146439731,
              7.331663120537996,
              7.561938505619764,
              7.129270086064935,
              7.299781359732151,
              7.559984466060996,
              7.4286612858995795,
              7.406920263543725,
              7.41234228014946,
              7.48444199282676,
              7.185695608146489,
              7.5700808595865965,
              7.397835653275251,
              7.013229308649898,
              7.320030005648732,
              7.344762400723994,
              7.310956177301705,
              7.5205165054649115,
              7.3877923265099525,
              7.577724351547658,
              7.585398501716554,
              7.54863454028964,
              7.307433968409896,
              7.494188633747399,
              7.557679504156113,
              7.554269748739898,
              7.159296767786145,
              7.74094326607883,
              7.368220283649862,
              7.485619415529072,
              7.593460159376264,
              7.623423980548978,
              7.4939076425507665,
              7.489165800623596,
              7.63951004203409,
              7.221207589842379,
              7.299506173469126,
              7.311980848200619,
              7.448605873622,
              7.464598047547042,
              7.426353211514652,
              7.213790242560208,
              7.159051707945764,
              7.240796733647585,
              7.344259975478053,
              7.4444693345576525,
              7.421470604836941,
              7.364420617930591,
              7.51608247961849,
              7.4854362877085805,
              7.034092401154339,
              7.500299568288028,
              7.342700919136405,
              7.434835731983185,
              7.538945986889303,
              7.209248846396804,
              7.474781023338437,
              7.486279151402414,
              7.357316067442298,
              7.562545018270612,
              7.617398937232792,
              7.410213864408433,
              7.5172658152878284,
              7.216984677128494,
              7.5315174432471395,
              7.4518583277240396,
              7.226255856454372,
              7.435636730864644,
              7.37785913143307,
              7.717768432572484,
              7.500605377368629,
              7.21042797062546,
              7.426351832225919,
              7.146668215282261,
              7.843169069848955,
              7.30873004719615,
              7.341694031842053,
              7.565417880192399,
              7.49005195684731,
              7.425294902175665,
              7.278177713043988,
              7.516612767241895,
              7.490024381317198,
              7.279031579382718,
              7.322214117273688,
              7.298002815805376,
              7.752529756166041,
              7.513358849100769,
              7.29075672943145,
              7.268404187634587,
              7.422716163098812,
              7.620055887848139,
              7.323646334931254,
              7.421680619940162,
              7.028852516785264,
              7.523285140283406,
              7.176352022215724,
              7.3387442249804735,
              7.246036154218018
            ],
            "prediction_shift_tokens": 16,
            "tokens": 65536
          },
          "destination_neutral": {
            "nll": 7.3883931040763855,
            "position_nll": [
              7.182935104705393,
              7.242320127785206,
              7.453644495457411,
              7.467696293257177,
              7.417715514078736,
              7.500393986701965,
              7.633124050684273,
              7.745682839304209,
              7.252582523971796,
              7.349198981188238,
              7.270920674316585,
              7.443509852513671,
              7.815141381695867,
              7.640526250936091,
              7.096639351919293,
              7.285496634431183,
              7.3454283913597465,
              7.333842399530113,
              7.672745581716299,
              7.248392925597727,
              7.428479244932532,
              7.262863378971815,
              7.489584694616497,
              7.167232415638864,
              7.211936576291919,
              7.558472877368331,
              7.316577360033989,
              7.253952976316214,
              7.296699997037649,
              7.483054542914033,
              7.095733658410609,
              7.536256744526327,
              7.3650682382285595,
              7.417683094739914,
              7.276540005579591,
              7.483800921589136,
              7.228243866935372,
              7.212284540757537,
              7.302794369868934,
              7.312535238452256,
              7.463539032265544,
              7.152951553463936,
              7.376332764513791,
              7.37396889179945,
              7.352657879702747,
              7.253154570236802,
              7.632587080821395,
              7.409892560914159,
              7.2148375157266855,
              7.544544422999024,
              7.314775312319398,
              7.251034519635141,
              7.409867524169385,
              7.173836211673915,
              7.233127478510141,
              7.274131483398378,
              7.6809426182881,
              7.215884176082909,
              7.18606773391366,
              7.2772639617323875,
              7.039030419662595,
              7.266584867611527,
              7.4018637500703335,
              7.25122675858438,
              7.645379493013024,
              7.352806291542947,
              7.475901272147894,
              7.422194256447256,
              7.32273611612618,
              7.500419448129833,
              6.9990398241207,
              7.43582546710968,
              7.309076807461679,
              7.492211293429136,
              7.352692353539169,
              7.2535742381587625,
              7.322387648746371,
              7.468423609621823,
              7.5092154843732715,
              7.43850913643837,
              7.2885028049349785,
              7.333027869462967,
              7.364288206212223,
              7.376227327622473,
              7.027539901435375,
              7.632234048098326,
              7.668811264447868,
              7.519669900648296,
              7.450790589675307,
              7.508584815077484,
              7.334169845096767,
              7.558276291936636,
              7.946848571300507,
              7.227645861916244,
              7.365850229747593,
              7.322211974300444,
              7.402670627459884,
              7.639092626050115,
              7.378552909940481,
              7.177913076244295,
              7.615487974137068,
              7.305202002637088,
              7.006146816536784,
              7.760965374298394,
              7.220327219925821,
              7.33100598026067,
              7.304169859737158,
              7.264629986137152,
              7.391077095642686,
              7.324132283218205,
              6.998994683846831,
              7.289895862340927,
              7.055581264197826,
              7.2314021633937955,
              7.481576827354729,
              7.247242161072791,
              7.549850793555379,
              7.247467420063913,
              7.213059506379068,
              7.46424122620374,
              7.7652068035677075,
              7.295339421369135,
              7.339198963716626,
              7.441655233502388,
              7.270193590782583,
              7.280001958832145,
              7.494569640606642,
              7.204136242158711,
              7.314513210207224,
              7.427481358870864,
              7.298718236386776,
              7.348086163401604,
              7.567293751984835,
              7.430761833675206,
              7.544461355544627,
              7.780138712376356,
              7.449910453520715,
              7.172273973934352,
              7.122525206767023,
              7.502797403372824,
              7.281951719895005,
              7.558285768143833,
              7.634036300703883,
              7.200082288123667,
              7.379189366474748,
              7.591055801138282,
              7.414280476048589,
              7.435351907275617,
              7.398802452720702,
              7.4653391959145665,
              7.443139814771712,
              7.501841091550887,
              7.54433249682188,
              7.247999667190015,
              7.290192360058427,
              7.412162807770073,
              7.296108745969832,
              7.252139161340892,
              7.331663089804351,
              7.561938501894474,
              7.129270048812032,
              7.2997813345864415,
              7.55998448189348,
              7.428661301732063,
              7.406920260749757,
              7.4123422699049115,
              7.484441937878728,
              7.185695589520037,
              7.570080882869661,
              7.397835656069219,
              7.013229263946414,
              7.320030019618571,
              7.344762398861349,
              7.310956173576415,
              7.520516528747976,
              7.38779235444963,
              7.577724321745336,
              7.585398455150425,
              7.548634523525834,
              7.307433919049799,
              7.4941886300221086,
              7.557679477147758,
              7.554269749671221,
              7.159296744503081,
              7.740943224169314,
              7.368220320902765,
              7.48561947606504,
              7.593460174277425,
              7.623423934914172,
              7.493907647207379,
              7.489165782928467,
              7.6395100532099605,
              7.221207591705024,
              7.299506213515997,
              7.31198083050549,
              7.448605875484645,
              7.464598030783236,
              7.4263531770557165,
              7.213790273293853,
              7.1590517004951835,
              7.240796729922295,
              7.344259982928634,
              7.444469375535846,
              7.4214706076309085,
              7.364420672878623,
              7.516082530841231,
              7.485436311922967,
              7.034092370420694,
              7.500299585983157,
              7.342700952664018,
              7.4348357217386365,
              7.538945991545916,
              7.209248843602836,
              7.474781005643308,
              7.48627910669893,
              7.357316063717008,
              7.562545056454837,
              7.617398928850889,
              7.4102138774469495,
              7.517265809699893,
              7.216984668746591,
              7.531517465598881,
              7.4518583277240396,
              7.2262558322399855,
              7.435636746697128,
              7.377859132364392,
              7.717768404632807,
              7.500605368055403,
              7.210428014397621,
              7.4263518108054996,
              7.146668214350939,
              7.843169090338051,
              7.3087300676852465,
              7.341694021597505,
              7.565417938865721,
              7.4900519428774714,
              7.425294840708375,
              7.278177703730762,
              7.516612753272057,
              7.4900243720039725,
              7.279031589627266,
              7.3222141256555915,
              7.2980028269812465,
              7.752529762685299,
              7.5133588230237365,
              7.290756705217063,
              7.268404210917652,
              7.422716138884425,
              7.620055881328881,
              7.3236463302746415,
              7.421680632047355,
              7.028852545656264,
              7.52328513097018,
              7.176352027803659,
              7.338744232431054,
              7.2460361290723085
            ],
            "prediction_shift_tokens": 16,
            "tokens": 65536
          },
          "normal": {
            "nll": 7.38839316368103,
            "position_nll": [
              7.182935104705393,
              7.242320127785206,
              7.453644495457411,
              7.467696293257177,
              7.417715514078736,
              7.500393986701965,
              7.633124050684273,
              7.745682839304209,
              7.252582523971796,
              7.349198981188238,
              7.270920674316585,
              7.443509852513671,
              7.815141381695867,
              7.640526250936091,
              7.096639351919293,
              7.285496634431183,
              7.3454283913597465,
              7.333842399530113,
              7.672745581716299,
              7.248392925597727,
              7.428479244932532,
              7.262863378971815,
              7.489584694616497,
              7.167232415638864,
              7.211936576291919,
              7.558472877368331,
              7.316577360033989,
              7.253952976316214,
              7.296699997037649,
              7.483054542914033,
              7.095733658410609,
              7.536256744526327,
              7.3650682382285595,
              7.417683094739914,
              7.276540005579591,
              7.483800921589136,
              7.228243866935372,
              7.212284540757537,
              7.302794369868934,
              7.312535238452256,
              7.463539032265544,
              7.152951553463936,
              7.376332764513791,
              7.37396889179945,
              7.352657879702747,
              7.253154570236802,
              7.632587080821395,
              7.409892560914159,
              7.214837538078427,
              7.544544415548444,
              7.314775307662785,
              7.251034516841173,
              7.4098675809800625,
              7.173836201429367,
              7.233127445913851,
              7.27413148060441,
              7.680942644365132,
              7.215884189121425,
              7.186067722737789,
              7.277263971045613,
              7.039030427113175,
              7.266584844328463,
              7.4018637500703335,
              7.25122675858438,
              7.645379505120218,
              7.352806308306754,
              7.475901289843023,
              7.422194269485772,
              7.3227360947057605,
              7.500419434159994,
              6.999039830639958,
              7.435825450345874,
              7.309076784178615,
              7.492211293429136,
              7.35269236844033,
              7.253574253991246,
              7.322387645021081,
              7.468423604033887,
              7.509215489029884,
              7.438509118743241,
              7.288502783514559,
              7.333027875050902,
              7.36428814008832,
              7.37622734811157,
              7.027539876289666,
              7.632234014570713,
              7.668811287730932,
              7.519669869914651,
              7.450790589675307,
              7.508584789931774,
              7.334169862791896,
              7.558276289142668,
              7.946848609484732,
              7.227645885199308,
              7.365850261412561,
              7.322211972437799,
              7.4026706125587225,
              7.639092626050115,
              7.37855289503932,
              7.177913065068424,
              7.615487968549132,
              7.305202008225024,
              7.00614682212472,
              7.7609653333202,
              7.220327190123498,
              7.331005917862058,
              7.304169839248061,
              7.264629965648055,
              7.391077101230621,
              7.324132261797786,
              6.998994691297412,
              7.289895867928863,
              7.055581306107342,
              7.231402141973376,
              7.481576852500439,
              7.2472421592101455,
              7.549850761890411,
              7.247467380017042,
              7.213059497065842,
              7.4642412681132555,
              7.7652068473398685,
              7.2953394539654255,
              7.339198978617787,
              7.441655195318162,
              7.270193592645228,
              7.280001926235855,
              7.494569671340287,
              7.204136219806969,
              7.3145132483914495,
              7.42748136818409,
              7.298718239180744,
              7.3480861354619265,
              7.567293746396899,
              7.430761859752238,
              7.544461342506111,
              7.780138726346195,
              7.449910469353199,
              7.172273981384933,
              7.122525223530829,
              7.50279738008976,
              7.281951759941876,
              7.558285780251026,
              7.634036268107593,
              7.200082276016474,
              7.379189330153167,
              7.591055808588862,
              7.4142804723232985,
              7.435351896099746,
              7.398802483454347,
              7.4653391893953085,
              7.443139822222292,
              7.501841079443693,
              7.5443324111402035,
              7.2479997063055634,
              7.290192363783717,
              7.4121627900749445,
              7.2961087841540575,
              7.252139143645763,
              7.331663114950061,
              7.561938489787281,
              7.129270046018064,
              7.29978134483099,
              7.559984459541738,
              7.4286612486466765,
              7.406920263543725,
              7.412342291325331,
              7.484441966749728,
              7.185695581138134,
              7.570080905221403,
              7.3978356486186385,
              7.013229247182608,
              7.320029987953603,
              7.3447624165564775,
              7.31095617543906,
              7.520516521297395,
              7.387792331166565,
              7.577724346891046,
              7.5853984747081995,
              7.548634541220963,
              7.307433957234025,
              7.4941886607557535,
              7.557679455727339,
              7.554269712418318,
              7.1592967649921775,
              7.740943248383701,
              7.368220335803926,
              7.485619475133717,
              7.5934602012857795,
              7.6234239879995584,
              7.493907646276057,
              7.4891658537089825,
              7.63951007463038,
              7.221207596361637,
              7.299506203271449,
              7.311980834230781,
              7.448605874553323,
              7.464598041027784,
              7.426353234797716,
              7.213790277950466,
              7.159051697701216,
              7.240796722471714,
              7.344259980134666,
              7.444469344802201,
              7.421470613218844,
              7.3644206412136555,
              7.5160825392231345,
              7.485436308197677,
              7.0340924030169845,
              7.500299576669931,
              7.342700919136405,
              7.434835743159056,
              7.538946003653109,
              7.209248874336481,
              7.474780998192728,
              7.486279123462737,
              7.357316073961556,
              7.562545055523515,
              7.617398914881051,
              7.410213854163885,
              7.517265777103603,
              7.216984680853784,
              7.53151745442301,
              7.451858333311975,
              7.226255850866437,
              7.435636734589934,
              7.37785916775465,
              7.717768424190581,
              7.500605391338468,
              7.210428006015718,
              7.426351805217564,
              7.146668275818229,
              7.843169083818793,
              7.308730096556246,
              7.34169402718544,
              7.565417909994721,
              7.4900519559159875,
              7.425294819287956,
              7.278177688829601,
              7.516612803563476,
              7.490024406462908,
              7.279031596146524,
              7.322214129380882,
              7.298002807423472,
              7.752529779449105,
              7.513358826749027,
              7.2907567182555795,
              7.268404198810458,
              7.422716110013425,
              7.620055904611945,
              7.3236463172361255,
              7.421680639497936,
              7.028852501884103,
              7.523285164497793,
              7.176352032460272,
              7.338744226843119,
              7.246036186814308
            ],
            "prediction_shift_tokens": 16,
            "tokens": 65536
          },
          "source_neutral": {
            "nll": 7.388393133878708,
            "position_nll": [
              7.182935104705393,
              7.242320127785206,
              7.453644495457411,
              7.467696293257177,
              7.417715514078736,
              7.500393986701965,
              7.633124050684273,
              7.745682839304209,
              7.252582523971796,
              7.349198981188238,
              7.270920674316585,
              7.443509852513671,
              7.815141381695867,
              7.640526250936091,
              7.096639351919293,
              7.285496634431183,
              7.3454283913597465,
              7.333842399530113,
              7.672745581716299,
              7.248392925597727,
              7.428479244932532,
              7.262863378971815,
              7.489584694616497,
              7.167232415638864,
              7.211936576291919,
              7.558472877368331,
              7.316577360033989,
              7.253952976316214,
              7.296699997037649,
              7.483054542914033,
              7.095733658410609,
              7.536256744526327,
              7.3650682382285595,
              7.417683094739914,
              7.276540005579591,
              7.483800921589136,
              7.228243866935372,
              7.212284540757537,
              7.302794369868934,
              7.312535238452256,
              7.463539032265544,
              7.152951553463936,
              7.376332764513791,
              7.37396889179945,
              7.352657879702747,
              7.253154570236802,
              7.632587080821395,
              7.409892560914159,
              7.214837508276105,
              7.544544406235218,
              7.3147753067314625,
              7.251034506596625,
              7.409867571666837,
              7.173836226575077,
              7.233127470128238,
              7.274131474085152,
              7.680942633189261,
              7.215884204953909,
              7.186067755334079,
              7.277263971045613,
              7.0390304289758205,
              7.266584853641689,
              7.401863746345043,
              7.251226752996445,
              7.645379499532282,
              7.352806307375431,
              7.47590128518641,
              7.422194262035191,
              7.322736098431051,
              7.5004194267094135,
              6.999039837159216,
              7.435825452208519,
              7.309076800942421,
              7.492211294360459,
              7.35269236471504,
              7.2535742511972785,
              7.322387634776533,
              7.468423609621823,
              7.509215486235917,
              7.438509122468531,
              7.288502789102495,
              7.333027835935354,
              7.364288182929158,
              7.37622732296586,
              7.027539886534214,
              7.632234028540552,
              7.668811281211674,
              7.519669882021844,
              7.45079059060663,
              7.508584785275161,
              7.3341698525473475,
              7.558276304975152,
              7.946848585270345,
              7.2276458432897925,
              7.365850236266851,
              7.322211969643831,
              7.402670655399561,
              7.639092658646405,
              7.378552879206836,
              7.177913040854037,
              7.615487977862358,
              7.305202019400895,
              7.006146788597107,
              7.760965374298394,
              7.22032717615366,
              7.3310059336945415,
              7.304169868119061,
              7.264630003832281,
              7.391077085398138,
              7.324132259935141,
              6.998994707129896,
              7.289895851165056,
              7.055581301450729,
              7.231402147561312,
              7.481576869264245,
              7.247242164798081,
              7.549850758165121,
              7.247467381879687,
              7.2130594700574875,
              7.464241228997707,
              7.765206860378385,
              7.295339453034103,
              7.339198955334723,
              7.441655242815614,
              7.270193601958454,
              7.280001956038177,
              7.494569652713835,
              7.204136201180518,
              7.314513231627643,
              7.427481374703348,
              7.298718225210905,
              7.348086162470281,
              7.56729375384748,
              7.430761840194464,
              7.544461316429079,
              7.780138720758259,
              7.449910442344844,
              7.172273991629481,
              7.122525210492313,
              7.502797390334308,
              7.281951755285263,
              7.558285779319704,
              7.6340362802147865,
              7.200082267634571,
              7.379189369268715,
              7.591055799275637,
              7.414280503988266,
              7.435351878404617,
              7.398802478797734,
              7.465339137241244,
              7.4431398417800665,
              7.501841085962951,
              7.544332440011203,
              7.247999673709273,
              7.290192414075136,
              7.412162819877267,
              7.296108776703477,
              7.252139151096344,
              7.331663101911545,
              7.561938486993313,
              7.129270073957741,
              7.299781337380409,
              7.559984475374222,
              7.428661233745515,
              7.406920215114951,
              7.412342279218137,
              7.484441949985921,
              7.18569553270936,
              7.570080905221403,
              7.397835622541606,
              7.013229263015091,
              7.320030001923442,
              7.3447624165564775,
              7.310956174507737,
              7.520516543649137,
              7.387792333960533,
              7.577724330127239,
              7.585398450493813,
              7.548634537495673,
              7.307433952577412,
              7.494188643991947,
              7.557679492980242,
              7.554269731976092,
              7.159296759404242,
              7.740943229757249,
              7.368220300413668,
              7.48561945464462,
              7.593460191041231,
              7.623423962853849,
              7.493907639756799,
              7.489165812730789,
              7.639510017819703,
              7.221207590773702,
              7.29950618930161,
              7.311980853788555,
              7.448605888523161,
              7.464598065242171,
              7.426353262737393,
              7.213790281675756,
              7.159051680006087,
              7.240796729922295,
              7.344259965233505,
              7.444469327107072,
              7.421470592729747,
              7.364420637488365,
              7.516082492657006,
              7.4854363007470965,
              7.034092396497726,
              7.500299556180835,
              7.342700952664018,
              7.434835764579475,
              7.538946026004851,
              7.20924885571003,
              7.47478099912405,
              7.486279142089188,
              7.35731606092304,
              7.562545038759708,
              7.617398938164115,
              7.4102138709276915,
              7.5172658152878284,
              7.216984682716429,
              7.531517470255494,
              7.451858333311975,
              7.226255841553211,
              7.435636737383902,
              7.3778591603040695,
              7.717768424190581,
              7.500605355016887,
              7.210428042337298,
              7.4263517912477255,
              7.1466682106256485,
              7.843169073574245,
              7.308730063028634,
              7.34169402718544,
              7.565417900681496,
              7.490051951259375,
              7.425294853746891,
              7.278177695348859,
              7.516612776555121,
              7.490024372935295,
              7.279031596146524,
              7.322214116342366,
              7.29800280649215,
              7.752529734745622,
              7.513358843512833,
              7.290756710804999,
              7.268404211848974,
              7.422716139815748,
              7.620055878534913,
              7.323646334931254,
              7.421680627390742,
              7.028852510266006,
              7.523285203613341,
              7.176352029666305,
              7.3387442249804735,
              7.246036183089018
            ],
            "prediction_shift_tokens": 16,
            "tokens": 65536
          }
        },
        "neutral_minus_normal_nll": {
          "both_neutral": 0.0,
          "destination_neutral": -5.960464477539063e-08,
          "source_neutral": -2.9802322387695312e-08
        }
      },
      "router_telemetry": {
        "destination": {
          "maximum_layer_gate_std": 0.0,
          "mean_gate_mean": 1.0,
          "mean_gate_std": 0.0,
          "mean_router_weight_rms": 0.0,
          "mean_saturation_fraction": 0.0
        },
        "mean_absolute_path_cosine": 0.038630546629428865,
        "mean_mixer_update_to_state_rms": 0.21348115199361928,
        "per_layer": [
          {
            "absolute_path_cosine": 0.027902502566576004,
            "destination_gate_max": 1.0,
            "destination_gate_mean": 1.0,
            "destination_gate_min": 1.0,
            "destination_gate_saturation_fraction": 0.0,
            "destination_gate_std": 0.0,
            "destination_router_weight_rms": 0.0,
            "layer": 0,
            "mixer_update_to_state_rms": 4.044522762298584,
            "source_gate_max": 1.0,
            "source_gate_mean": 1.0,
            "source_gate_min": 1.0,
            "source_gate_saturation_fraction": 0.0,
            "source_gate_std": 0.0,
            "source_router_weight_rms": 0.0
          },
          {
            "destination_gate_max": 1.0,
            "destination_gate_mean": 1.0,
            "destination_gate_min": 1.0,
            "destination_gate_saturation_fraction": 0.0,
            "destination_gate_std": 0.0,
            "destination_router_weight_rms": 0.0,
            "layer": 1,
            "mixer_update_to_state_rms": 0.10388161987066269,
            "source_gate_max": 1.0,
            "source_gate_mean": 1.0,
            "source_gate_min": 1.0,
            "source_gate_saturation_fraction": 0.0,
            "source_gate_std": 0.0,
            "source_router_weight_rms": 0.0
          },
          {
            "destination_gate_max": 1.0,
            "destination_gate_mean": 1.0,
            "destination_gate_min": 1.0,
            "destination_gate_saturation_fraction": 0.0,
            "destination_gate_std": 0.0,
            "destination_router_weight_rms": 0.0,
            "layer": 2,
            "mixer_update_to_state_rms": 0.09424202889204025,
            "source_gate_max": 1.0,
            "source_gate_mean": 1.0,
            "source_gate_min": 1.0,
            "source_gate_saturation_fraction": 0.0,
            "source_gate_std": 0.0,
            "source_router_weight_rms": 0.0
          },
          {
            "destination_gate_max": 1.0,
            "destination_gate_mean": 1.0,
            "destination_gate_min": 1.0,
            "destination_gate_saturation_fraction": 0.0,
            "destination_gate_std": 0.0,
            "destination_router_weight_rms": 0.0,
            "layer": 3,
            "mixer_update_to_state_rms": 0.12111373245716095,
            "source_gate_max": 1.0,
            "source_gate_mean": 1.0,
            "source_gate_min": 1.0,
            "source_gate_saturation_fraction": 0.0,
            "source_gate_std": 0.0,
            "source_router_weight_rms": 0.0
          },
          {
            "destination_gate_max": 1.0,
            "destination_gate_mean": 1.0,
            "destination_gate_min": 1.0,
            "destination_gate_saturation_fraction": 0.0,
            "destination_gate_std": 0.0,
            "destination_router_weight_rms": 0.0,
            "layer": 4,
            "mixer_update_to_state_rms": 0.14756308495998383,
            "source_gate_max": 1.0,
            "source_gate_mean": 1.0,
            "source_gate_min": 1.0,
            "source_gate_saturation_fraction": 0.0,
            "source_gate_std": 0.0,
            "source_router_weight_rms": 0.0
          },
          {
            "destination_gate_max": 1.0,
            "destination_gate_mean": 1.0,
            "destination_gate_min": 1.0,
            "destination_gate_saturation_fraction": 0.0,
            "destination_gate_std": 0.0,
            "destination_router_weight_rms": 0.0,
            "layer": 5,
            "mixer_update_to_state_rms": 0.16339953243732452,
            "source_gate_max": 1.0,
            "source_gate_mean": 1.0,
            "source_gate_min": 1.0,
            "source_gate_saturation_fraction": 0.0,
            "source_gate_std": 0.0,
            "source_router_weight_rms": 0.0
          },
          {
            "destination_gate_max": 1.0,
            "destination_gate_mean": 1.0,
            "destination_gate_min": 1.0,
            "destination_gate_saturation_fraction": 0.0,
            "destination_gate_std": 0.0,
            "destination_router_weight_rms": 0.0,
            "layer": 6,
            "mixer_update_to_state_rms": 0.1210317611694336,
            "source_gate_max": 1.0,
            "source_gate_mean": 1.0,
            "source_gate_min": 1.0,
            "source_gate_saturation_fraction": 0.0,
            "source_gate_std": 0.0,
            "source_router_weight_rms": 0.0
          },
          {
            "absolute_path_cosine": 0.03921905905008316,
            "destination_gate_max": 1.0,
            "destination_gate_mean": 1.0,
            "destination_gate_min": 1.0,
            "destination_gate_saturation_fraction": 0.0,
            "destination_gate_std": 0.0,
            "destination_router_weight_rms": 0.0,
            "layer": 7,
            "mixer_update_to_state_rms": 0.09353620558977127,
            "source_gate_max": 1.0,
            "source_gate_mean": 1.0,
            "source_gate_min": 1.0,
            "source_gate_saturation_fraction": 0.0,
            "source_gate_std": 0.0,
            "source_router_weight_rms": 0.0
          },
          {
            "destination_gate_max": 1.0,
            "destination_gate_mean": 1.0,
            "destination_gate_min": 1.0,
            "destination_gate_saturation_fraction": 0.0,
            "destination_gate_std": 0.0,
            "destination_router_weight_rms": 0.0,
            "layer": 8,
            "mixer_update_to_state_rms": 0.08193106949329376,
            "source_gate_max": 1.0,
            "source_gate_mean": 1.0,
            "source_gate_min": 1.0,
            "source_gate_saturation_fraction": 0.0,
            "source_gate_std": 0.0,
            "source_router_weight_rms": 0.0
          },
          {
            "destination_gate_max": 1.0,
            "destination_gate_mean": 1.0,
            "destination_gate_min": 1.0,
            "destination_gate_saturation_fraction": 0.0,
            "destination_gate_std": 0.0,
            "destination_router_weight_rms": 0.0,
            "layer": 9,
            "mixer_update_to_state_rms": 0.14030711352825165,
            "source_gate_max": 1.0,
            "source_gate_mean": 1.0,
            "source_gate_min": 1.0,
            "source_gate_saturation_fraction": 0.0,
            "source_gate_std": 0.0,
            "source_router_weight_rms": 0.0
          },
          {
            "destination_gate_max": 1.0,
            "destination_gate_mean": 1.0,
            "destination_gate_min": 1.0,
            "destination_gate_saturation_fraction": 0.0,
            "destination_gate_std": 0.0,
            "destination_router_weight_rms": 0.0,
            "layer": 10,
            "mixer_update_to_state_rms": 0.10472732782363892,
            "source_gate_max": 1.0,
            "source_gate_mean": 1.0,
            "source_gate_min": 1.0,
            "source_gate_saturation_fraction": 0.0,
            "source_gate_std": 0.0,
            "source_router_weight_rms": 0.0
          },
          {
            "destination_gate_max": 1.0,
            "destination_gate_mean": 1.0,
            "destination_gate_min": 1.0,
            "destination_gate_saturation_fraction": 0.0,
            "destination_gate_std": 0.0,
            "destination_router_weight_rms": 0.0,
            "layer": 11,
            "mixer_update_to_state_rms": 0.13906842470169067,
            "source_gate_max": 1.0,
            "source_gate_mean": 1.0,
            "source_gate_min": 1.0,
            "source_gate_saturation_fraction": 0.0,
            "source_gate_std": 0.0,
            "source_router_weight_rms": 0.0
          },
          {
            "destination_gate_max": 1.0,
            "destination_gate_mean": 1.0,
            "destination_gate_min": 1.0,
            "destination_gate_saturation_fraction": 0.0,
            "destination_gate_std": 0.0,
            "destination_router_weight_rms": 0.0,
            "layer": 12,
            "mixer_update_to_state_rms": 0.2876967489719391,
            "source_gate_max": 1.0,
            "source_gate_mean": 1.0,
            "source_gate_min": 1.0,
            "source_gate_saturation_fraction": 0.0,
            "source_gate_std": 0.0,
            "source_router_weight_rms": 0.0
          },
          {
            "destination_gate_max": 1.0,
            "destination_gate_mean": 1.0,
            "destination_gate_min": 1.0,
            "destination_gate_saturation_fraction": 0.0,
            "destination_gate_std": 0.0,
            "destination_router_weight_rms": 0.0,
            "layer": 13,
            "mixer_update_to_state_rms": 0.07941550761461258,
            "source_gate_max": 1.0,
            "source_gate_mean": 1.0,
            "source_gate_min": 1.0,
            "source_gate_saturation_fraction": 0.0,
            "source_gate_std": 0.0,
            "source_router_weight_rms": 0.0
          },
          {
            "destination_gate_max": 1.0,
            "destination_gate_mean": 1.0,
            "destination_gate_min": 1.0,
            "destination_gate_saturation_fraction": 0.0,
            "destination_gate_std": 0.0,
            "destination_router_weight_rms": 0.0,
            "layer": 14,
            "mixer_update_to_state_rms": 0.0940234512090683,
            "source_gate_max": 1.0,
            "source_gate_mean": 1.0,
            "source_gate_min": 1.0,
            "source_gate_saturation_fraction": 0.0,
            "source_gate_std": 0.0,
            "source_router_weight_rms": 0.0
          },
          {
            "absolute_path_cosine": 0.04190278425812721,
            "destination_gate_max": 1.0,
            "destination_gate_mean": 1.0,
            "destination_gate_min": 1.0,
            "destination_gate_saturation_fraction": 0.0,
            "destination_gate_std": 0.0,
            "destination_router_weight_rms": 0.0,
            "layer": 15,
            "mixer_update_to_state_rms": 0.06961806863546371,
            "source_gate_max": 1.0,
            "source_gate_mean": 1.0,
            "source_gate_min": 1.0,
            "source_gate_saturation_fraction": 0.0,
            "source_gate_std": 0.0,
            "source_router_weight_rms": 0.0
          },
          {
            "destination_gate_max": 1.0,
            "destination_gate_mean": 1.0,
            "destination_gate_min": 1.0,
            "destination_gate_saturation_fraction": 0.0,
            "destination_gate_std": 0.0,
            "destination_router_weight_rms": 0.0,
            "layer": 16,
            "mixer_update_to_state_rms": 0.09972270578145981,
            "source_gate_max": 1.0,
            "source_gate_mean": 1.0,
            "source_gate_min": 1.0,
            "source_gate_saturation_fraction": 0.0,
            "source_gate_std": 0.0,
            "source_router_weight_rms": 0.0
          },
          {
            "destination_gate_max": 1.0,
            "destination_gate_mean": 1.0,
            "destination_gate_min": 1.0,
            "destination_gate_saturation_fraction": 0.0,
            "destination_gate_std": 0.0,
            "destination_router_weight_rms": 0.0,
            "layer": 17,
            "mixer_update_to_state_rms": 0.10763934999704361,
            "source_gate_max": 1.0,
            "source_gate_mean": 1.0,
            "source_gate_min": 1.0,
            "source_gate_saturation_fraction": 0.0,
            "source_gate_std": 0.0,
            "source_router_weight_rms": 0.0
          },
          {
            "destination_gate_max": 1.0,
            "destination_gate_mean": 1.0,
            "destination_gate_min": 1.0,
            "destination_gate_saturation_fraction": 0.0,
            "destination_gate_std": 0.0,
            "destination_router_weight_rms": 0.0,
            "layer": 18,
            "mixer_update_to_state_rms": 0.10306394100189209,
            "source_gate_max": 1.0,
            "source_gate_mean": 1.0,
            "source_gate_min": 1.0,
            "source_gate_saturation_fraction": 0.0,
            "source_gate_std": 0.0,
            "source_router_weight_rms": 0.0
          },
          {
            "destination_gate_max": 1.0,
            "destination_gate_mean": 1.0,
            "destination_gate_min": 1.0,
            "destination_gate_saturation_fraction": 0.0,
            "destination_gate_std": 0.0,
            "destination_router_weight_rms": 0.0,
            "layer": 19,
            "mixer_update_to_state_rms": 0.08030107617378235,
            "source_gate_max": 1.0,
            "source_gate_mean": 1.0,
            "source_gate_min": 1.0,
            "source_gate_saturation_fraction": 0.0,
            "source_gate_std": 0.0,
            "source_router_weight_rms": 0.0
          },
          {
            "destination_gate_max": 1.0,
            "destination_gate_mean": 1.0,
            "destination_gate_min": 1.0,
            "destination_gate_saturation_fraction": 0.0,
            "destination_gate_std": 0.0,
            "destination_router_weight_rms": 0.0,
            "layer": 20,
            "mixer_update_to_state_rms": 0.05156178027391434,
            "source_gate_max": 1.0,
            "source_gate_mean": 1.0,
            "source_gate_min": 1.0,
            "source_gate_saturation_fraction": 0.0,
            "source_gate_std": 0.0,
            "source_router_weight_rms": 0.0
          },
          {
            "destination_gate_max": 1.0,
            "destination_gate_mean": 1.0,
            "destination_gate_min": 1.0,
            "destination_gate_saturation_fraction": 0.0,
            "destination_gate_std": 0.0,
            "destination_router_weight_rms": 0.0,
            "layer": 21,
            "mixer_update_to_state_rms": 0.046694815158843994,
            "source_gate_max": 1.0,
            "source_gate_mean": 1.0,
            "source_gate_min": 1.0,
            "source_gate_saturation_fraction": 0.0,
            "source_gate_std": 0.0,
            "source_router_weight_rms": 0.0
          },
          {
            "destination_gate_max": 1.0,
            "destination_gate_mean": 1.0,
            "destination_gate_min": 1.0,
            "destination_gate_saturation_fraction": 0.0,
            "destination_gate_std": 0.0,
            "destination_router_weight_rms": 0.0,
            "layer": 22,
            "mixer_update_to_state_rms": 0.03556051477789879,
            "source_gate_max": 1.0,
            "source_gate_mean": 1.0,
            "source_gate_min": 1.0,
            "source_gate_saturation_fraction": 0.0,
            "source_gate_std": 0.0,
            "source_router_weight_rms": 0.0
          },
          {
            "absolute_path_cosine": 0.032446712255477905,
            "destination_gate_max": 1.0,
            "destination_gate_mean": 1.0,
            "destination_gate_min": 1.0,
            "destination_gate_saturation_fraction": 0.0,
            "destination_gate_std": 0.0,
            "destination_router_weight_rms": 0.0,
            "layer": 23,
            "mixer_update_to_state_rms": 0.12167003005743027,
            "source_gate_max": 1.0,
            "source_gate_mean": 1.0,
            "source_gate_min": 1.0,
            "source_gate_saturation_fraction": 0.0,
            "source_gate_std": 0.0,
            "source_router_weight_rms": 0.0
          },
          {
            "destination_gate_max": 1.0,
            "destination_gate_mean": 1.0,
            "destination_gate_min": 1.0,
            "destination_gate_saturation_fraction": 0.0,
            "destination_gate_std": 0.0,
            "destination_router_weight_rms": 0.0,
            "layer": 24,
            "mixer_update_to_state_rms": 0.061631567776203156,
            "source_gate_max": 1.0,
            "source_gate_mean": 1.0,
            "source_gate_min": 1.0,
            "source_gate_saturation_fraction": 0.0,
            "source_gate_std": 0.0,
            "source_router_weight_rms": 0.0
          },
          {
            "destination_gate_max": 1.0,
            "destination_gate_mean": 1.0,
            "destination_gate_min": 1.0,
            "destination_gate_saturation_fraction": 0.0,
            "destination_gate_std": 0.0,
            "destination_router_weight_rms": 0.0,
            "layer": 25,
            "mixer_update_to_state_rms": 0.05606234818696976,
            "source_gate_max": 1.0,
            "source_gate_mean": 1.0,
            "source_gate_min": 1.0,
            "source_gate_saturation_fraction": 0.0,
            "source_gate_std": 0.0,
            "source_router_weight_rms": 0.0
          },
          {
            "destination_gate_max": 1.0,
            "destination_gate_mean": 1.0,
            "destination_gate_min": 1.0,
            "destination_gate_saturation_fraction": 0.0,
            "destination_gate_std": 0.0,
            "destination_router_weight_rms": 0.0,
            "layer": 26,
            "mixer_update_to_state_rms": 0.03834352269768715,
            "source_gate_max": 1.0,
            "source_gate_mean": 1.0,
            "source_gate_min": 1.0,
            "source_gate_saturation_fraction": 0.0,
            "source_gate_std": 0.0,
            "source_router_weight_rms": 0.0
          },
          {
            "destination_gate_max": 1.0,
            "destination_gate_mean": 1.0,
            "destination_gate_min": 1.0,
            "destination_gate_saturation_fraction": 0.0,
            "destination_gate_std": 0.0,
            "destination_router_weight_rms": 0.0,
            "layer": 27,
            "mixer_update_to_state_rms": 0.03317490965127945,
            "source_gate_max": 1.0,
            "source_gate_mean": 1.0,
            "source_gate_min": 1.0,
            "source_gate_saturation_fraction": 0.0,
            "source_gate_std": 0.0,
            "source_router_weight_rms": 0.0
          },
          {
            "destination_gate_max": 1.0,
            "destination_gate_mean": 1.0,
            "destination_gate_min": 1.0,
            "destination_gate_saturation_fraction": 0.0,
            "destination_gate_std": 0.0,
            "destination_router_weight_rms": 0.0,
            "layer": 28,
            "mixer_update_to_state_rms": 0.02636016719043255,
            "source_gate_max": 1.0,
            "source_gate_mean": 1.0,
            "source_gate_min": 1.0,
            "source_gate_saturation_fraction": 0.0,
            "source_gate_std": 0.0,
            "source_router_weight_rms": 0.0
          },
          {
            "destination_gate_max": 1.0,
            "destination_gate_mean": 1.0,
            "destination_gate_min": 1.0,
            "destination_gate_saturation_fraction": 0.0,
            "destination_gate_std": 0.0,
            "destination_router_weight_rms": 0.0,
            "layer": 29,
            "mixer_update_to_state_rms": 0.03178174048662186,
            "source_gate_max": 1.0,
            "source_gate_mean": 1.0,
            "source_gate_min": 1.0,
            "source_gate_saturation_fraction": 0.0,
            "source_gate_std": 0.0,
            "source_router_weight_rms": 0.0
          },
          {
            "destination_gate_max": 1.0,
            "destination_gate_mean": 1.0,
            "destination_gate_min": 1.0,
            "destination_gate_saturation_fraction": 0.0,
            "destination_gate_std": 0.0,
            "destination_router_weight_rms": 0.0,
            "layer": 30,
            "mixer_update_to_state_rms": 0.036375004798173904,
            "source_gate_max": 1.0,
            "source_gate_mean": 1.0,
            "source_gate_min": 1.0,
            "source_gate_saturation_fraction": 0.0,
            "source_gate_std": 0.0,
            "source_router_weight_rms": 0.0
          },
          {
            "absolute_path_cosine": 0.051681675016880035,
            "destination_gate_max": 1.0,
            "destination_gate_mean": 1.0,
            "destination_gate_min": 1.0,
            "destination_gate_saturation_fraction": 0.0,
            "destination_gate_std": 0.0,
            "destination_router_weight_rms": 0.0,
            "layer": 31,
            "mixer_update_to_state_rms": 0.015374950133264065,
            "source_gate_max": 1.0,
            "source_gate_mean": 1.0,
            "source_gate_min": 1.0,
            "source_gate_saturation_fraction": 0.0,
            "source_gate_std": 0.0,
            "source_router_weight_rms": 0.0
          }
        ],
        "source": {
          "maximum_layer_gate_std": 0.0,
          "mean_gate_mean": 1.0,
          "mean_gate_std": 0.0,
          "mean_router_weight_rms": 0.0,
          "mean_saturation_fraction": 0.0
        }
      },
      "schema": "exp16-router-training-cell-v1",
      "seed": 23,
      "status": "complete",
      "steps": 77,
      "target_tokens": 10000000,
      "track": {
        "batch": 512,
        "model": "bi-decoupled-r8",
        "name": "bidec-router-0x",
        "router_lr_multiplier": 0.0
      },
      "validation": {
        "nll": 7.388212561607361,
        "position_nll": [
          7.348811599891633,
          7.397814872208983,
          7.466749812476337,
          7.470395017880946,
          7.330517023336142,
          7.2977095246315,
          7.539787639863789,
          7.6151480306871235,
          7.236001110635698,
          7.377504055853933,
          7.237946126144379,
          7.430674095172435,
          7.759692881256342,
          7.5019412552937865,
          7.171745513565838,
          7.372344081290066,
          7.177373349200934,
          7.316112662199885,
          7.612812794279307,
          7.391703950706869,
          7.4788817670196295,
          7.398209946230054,
          7.455506885424256,
          7.345331459771842,
          7.298864347394556,
          7.4111432414501905,
          7.420374005101621,
          7.345395297277719,
          7.266672873869538,
          7.365966427139938,
          7.221063784323633,
          7.496932885609567,
          7.303832001052797,
          7.319992132019252,
          7.401881268713623,
          7.322449633385986,
          7.149164026137441,
          7.382882872596383,
          7.342087827157229,
          7.286586841568351,
          7.530414197593927,
          7.249228635337204,
          7.455879802815616,
          7.235118554905057,
          7.439558995887637,
          7.2060660175047815,
          7.545747855678201,
          7.401096244808286,
          7.41058860020712,
          7.469290403649211,
          7.323179193772376,
          7.351001359522343,
          7.325798491947353,
          7.347592835780233,
          7.255323696881533,
          7.383691706229001,
          7.568547756411135,
          7.279805578291416,
          7.241712370421737,
          7.2086222297511995,
          7.337986919097602,
          7.247189263813198,
          7.413062296807766,
          7.385699773207307,
          7.610554369166493,
          7.392251219134778,
          7.278791324235499,
          7.487077125813812,
          7.548349721357226,
          7.376734708901495,
          6.989262444898486,
          7.354000739753246,
          7.408574340399355,
          7.367624849546701,
          7.351732530165464,
          7.3279174393974245,
          7.313121323939413,
          7.372777968645096,
          7.474101988133043,
          7.363517435733229,
          7.418209018651396,
          7.444934433791786,
          7.394291307311505,
          7.290685920510441,
          7.042594386264682,
          7.562306085135788,
          7.537473998498172,
          7.4857689826749265,
          7.418068528175354,
          7.469453965779394,
          7.459308609366417,
          7.5114489225670695,
          7.578671637922525,
          7.385645798873156,
          7.321647551376373,
          7.269671342801303,
          7.378729181364179,
          7.385191683657467,
          7.325106507632881,
          7.333747338503599,
          7.581455898005515,
          7.366353339981288,
          6.996689742431045,
          7.528997404500842,
          7.3818634445779026,
          7.377163937315345,
          7.340663622133434,
          7.210525834467262,
          7.305807943455875,
          7.387922081165016,
          7.1447498756460845,
          7.361562350299209,
          7.1201118803583086,
          7.506355387158692,
          7.376923811621964,
          7.261248771566898,
          7.524286922533065,
          7.26725570904091,
          7.3392037018202245,
          7.354782457929105,
          7.602655580732971,
          7.238257065415382,
          7.173859569709748,
          7.46714846463874,
          7.350105531979352,
          7.37655091797933,
          7.479385670274496,
          7.3209412870928645,
          7.513696361333132,
          7.475076562259346,
          7.260589969344437,
          7.518451052252203,
          7.522888509556651,
          7.382851947564632,
          7.570389526896179,
          7.6437681070528924,
          7.305398799479008,
          7.365942546632141,
          7.255224336404353,
          7.390279418323189,
          7.285511552821845,
          7.485350896138698,
          7.663087255787104,
          7.448190747294575,
          7.346482678316534,
          7.393344342708588,
          7.344139582011849,
          7.4383773393929005,
          7.430308899842203,
          7.363122576382011,
          7.456304296851158,
          7.448246264830232,
          7.412934207357466,
          7.197969624772668,
          7.390387394931167,
          7.270062478259206,
          7.417424593120813,
          7.4054982657544315,
          7.354889331851155,
          7.456768529489636,
          7.234474902506918,
          7.242472751997411,
          7.394111956935376,
          7.526267919223756,
          7.384717027656734,
          7.384774221107364,
          7.436928099486977,
          7.294853788800538,
          7.469319189433008,
          7.4833015273325145,
          7.3024169956333935,
          7.355846590362489,
          7.2865581242367625,
          7.391270423308015,
          7.527873227838427,
          7.32450253656134,
          7.454374768771231,
          7.559251829516143,
          7.4334142515435815,
          7.200305945239961,
          7.335340952966362,
          7.47166506620124,
          7.355334342923015,
          7.4812675807625055,
          7.573298995383084,
          7.272812889423221,
          7.292880402877927,
          7.5220312350429595,
          7.6578553840518,
          7.4061678615398705,
          7.439844325650483,
          7.569779830053449,
          7.351234375499189,
          7.310818073805422,
          7.502743389457464,
          7.4026408032514155,
          7.559686292428523,
          7.453358589205891,
          7.2416812987066805,
          7.29627545690164,
          7.164415310602635,
          7.359572088811547,
          7.426161560229957,
          7.493668334092945,
          7.391550737898797,
          7.545165440067649,
          7.410588517319411,
          7.134716277010739,
          7.458241672255099,
          7.420448808930814,
          7.316632869653404,
          7.5383151457645,
          7.416518143378198,
          7.404945688787848,
          7.522966193035245,
          7.387215853668749,
          7.285387809854001,
          7.530649271328002,
          7.249080392997712,
          7.431461331900209,
          7.462071651127189,
          7.438174707815051,
          7.441679556854069,
          7.353060925845057,
          7.3872454110533,
          7.3256550203077495,
          7.656828181818128,
          7.345124660991132,
          7.488267653621733,
          7.400945743080229,
          7.364011546131223,
          7.5901486608199775,
          7.194112059194595,
          7.346630346029997,
          7.545608657877892,
          7.527220793068409,
          7.55062940903008,
          7.347626985050738,
          7.308819737751037,
          7.520411430392414,
          7.428246378432959,
          7.251093495637178,
          7.449321053922176,
          7.43339334288612,
          7.523064102977514,
          7.302965694572777,
          7.395317484624684,
          7.4217265718616545,
          7.398322387598455,
          7.393191573675722,
          7.412880691699684,
          7.100286427885294,
          7.53827069979161,
          7.255144695285708,
          7.43990403553471,
          7.3102222313173115
        ],
        "prediction_shift_tokens": 16,
        "tokens": 131072
      }
    },
    {
      "actual_tokens": 10092544,
      "batch": 512,
      "execution_mode": "default",
      "global_examples_per_step": 512,
      "global_tokens_per_step": 131072,
      "gradient_accumulation": 1,
      "gradient_norms": {
        "channel_factors": {
          "maximum": 0.03526351600885391,
          "mean": 0.00477439883993469,
          "median": 7.875865719597641e-07,
          "samples": 20
        },
        "ffn": {
          "maximum": 0.11653245240449905,
          "mean": 0.044090225268155335,
          "median": 0.030835731886327267,
          "samples": 20
        },
        "other": {
          "maximum": 2.7441248893737793,
          "mean": 0.3565368141978979,
          "median": 0.08483895286917686,
          "samples": 20
        },
        "router": {
          "maximum": 0.08460895717144012,
          "mean": 0.009983403008172331,
          "median": 2.6036403824036825e-06,
          "samples": 20
        },
        "token_factors": {
          "maximum": 0.03112081065773964,
          "mean": 0.004252813499147123,
          "median": 6.569715083060146e-07,
          "samples": 20
        }
      },
      "loss_implementation": "fla-fused-linear-cross-entropy-exact",
      "model": "bi-decoupled-r8",
      "optimizer_routing": {
        "base_lr": 0.006,
        "body_parameter_names": [
          "vocabulary",
          "blocks.0.rank_amplitudes",
          "blocks.0.channel_amplitudes",
          "blocks.0.mixer_gain",
          "blocks.0.ffn_gain",
          "blocks.0.outer.raw",
          "blocks.0.workspace1.raw",
          "blocks.0.workspace2.raw",
          "blocks.0.channel1.raw",
          "blocks.0.channel2.raw",
          "blocks.0.ffn.gate_up.weight",
          "blocks.0.ffn.down.weight",
          "blocks.1.rank_amplitudes",
          "blocks.1.channel_amplitudes",
          "blocks.1.mixer_gain",
          "blocks.1.ffn_gain",
          "blocks.1.outer.raw",
          "blocks.1.workspace1.raw",
          "blocks.1.workspace2.raw",
          "blocks.1.channel1.raw",
          "blocks.1.channel2.raw",
          "blocks.1.ffn.gate_up.weight",
          "blocks.1.ffn.down.weight",
          "blocks.2.rank_amplitudes",
          "blocks.2.channel_amplitudes",
          "blocks.2.mixer_gain",
          "blocks.2.ffn_gain",
          "blocks.2.outer.raw",
          "blocks.2.workspace1.raw",
          "blocks.2.workspace2.raw",
          "blocks.2.channel1.raw",
          "blocks.2.channel2.raw",
          "blocks.2.ffn.gate_up.weight",
          "blocks.2.ffn.down.weight",
          "blocks.3.rank_amplitudes",
          "blocks.3.channel_amplitudes",
          "blocks.3.mixer_gain",
          "blocks.3.ffn_gain",
          "blocks.3.outer.raw",
          "blocks.3.workspace1.raw",
          "blocks.3.workspace2.raw",
          "blocks.3.channel1.raw",
          "blocks.3.channel2.raw",
          "blocks.3.ffn.gate_up.weight",
          "blocks.3.ffn.down.weight",
          "blocks.4.rank_amplitudes",
          "blocks.4.channel_amplitudes",
          "blocks.4.mixer_gain",
          "blocks.4.ffn_gain",
          "blocks.4.outer.raw",
          "blocks.4.workspace1.raw",
          "blocks.4.workspace2.raw",
          "blocks.4.channel1.raw",
          "blocks.4.channel2.raw",
          "blocks.4.ffn.gate_up.weight",
          "blocks.4.ffn.down.weight",
          "blocks.5.rank_amplitudes",
          "blocks.5.channel_amplitudes",
          "blocks.5.mixer_gain",
          "blocks.5.ffn_gain",
          "blocks.5.outer.raw",
          "blocks.5.workspace1.raw",
          "blocks.5.workspace2.raw",
          "blocks.5.channel1.raw",
          "blocks.5.channel2.raw",
          "blocks.5.ffn.gate_up.weight",
          "blocks.5.ffn.down.weight",
          "blocks.6.rank_amplitudes",
          "blocks.6.channel_amplitudes",
          "blocks.6.mixer_gain",
          "blocks.6.ffn_gain",
          "blocks.6.outer.raw",
          "blocks.6.workspace1.raw",
          "blocks.6.workspace2.raw",
          "blocks.6.channel1.raw",
          "blocks.6.channel2.raw",
          "blocks.6.ffn.gate_up.weight",
          "blocks.6.ffn.down.weight",
          "blocks.7.rank_amplitudes",
          "blocks.7.channel_amplitudes",
          "blocks.7.mixer_gain",
          "blocks.7.ffn_gain",
          "blocks.7.outer.raw",
          "blocks.7.workspace1.raw",
          "blocks.7.workspace2.raw",
          "blocks.7.channel1.raw",
          "blocks.7.channel2.raw",
          "blocks.7.ffn.gate_up.weight",
          "blocks.7.ffn.down.weight",
          "blocks.8.rank_amplitudes",
          "blocks.8.channel_amplitudes",
          "blocks.8.mixer_gain",
          "blocks.8.ffn_gain",
          "blocks.8.outer.raw",
          "blocks.8.workspace1.raw",
          "blocks.8.workspace2.raw",
          "blocks.8.channel1.raw",
          "blocks.8.channel2.raw",
          "blocks.8.ffn.gate_up.weight",
          "blocks.8.ffn.down.weight",
          "blocks.9.rank_amplitudes",
          "blocks.9.channel_amplitudes",
          "blocks.9.mixer_gain",
          "blocks.9.ffn_gain",
          "blocks.9.outer.raw",
          "blocks.9.workspace1.raw",
          "blocks.9.workspace2.raw",
          "blocks.9.channel1.raw",
          "blocks.9.channel2.raw",
          "blocks.9.ffn.gate_up.weight",
          "blocks.9.ffn.down.weight",
          "blocks.10.rank_amplitudes",
          "blocks.10.channel_amplitudes",
          "blocks.10.mixer_gain",
          "blocks.10.ffn_gain",
          "blocks.10.outer.raw",
          "blocks.10.workspace1.raw",
          "blocks.10.workspace2.raw",
          "blocks.10.channel1.raw",
          "blocks.10.channel2.raw",
          "blocks.10.ffn.gate_up.weight",
          "blocks.10.ffn.down.weight",
          "blocks.11.rank_amplitudes",
          "blocks.11.channel_amplitudes",
          "blocks.11.mixer_gain",
          "blocks.11.ffn_gain",
          "blocks.11.outer.raw",
          "blocks.11.workspace1.raw",
          "blocks.11.workspace2.raw",
          "blocks.11.channel1.raw",
          "blocks.11.channel2.raw",
          "blocks.11.ffn.gate_up.weight",
          "blocks.11.ffn.down.weight",
          "blocks.12.rank_amplitudes",
          "blocks.12.channel_amplitudes",
          "blocks.12.mixer_gain",
          "blocks.12.ffn_gain",
          "blocks.12.outer.raw",
          "blocks.12.workspace1.raw",
          "blocks.12.workspace2.raw",
          "blocks.12.channel1.raw",
          "blocks.12.channel2.raw",
          "blocks.12.ffn.gate_up.weight",
          "blocks.12.ffn.down.weight",
          "blocks.13.rank_amplitudes",
          "blocks.13.channel_amplitudes",
          "blocks.13.mixer_gain",
          "blocks.13.ffn_gain",
          "blocks.13.outer.raw",
          "blocks.13.workspace1.raw",
          "blocks.13.workspace2.raw",
          "blocks.13.channel1.raw",
          "blocks.13.channel2.raw",
          "blocks.13.ffn.gate_up.weight",
          "blocks.13.ffn.down.weight",
          "blocks.14.rank_amplitudes",
          "blocks.14.channel_amplitudes",
          "blocks.14.mixer_gain",
          "blocks.14.ffn_gain",
          "blocks.14.outer.raw",
          "blocks.14.workspace1.raw",
          "blocks.14.workspace2.raw",
          "blocks.14.channel1.raw",
          "blocks.14.channel2.raw",
          "blocks.14.ffn.gate_up.weight",
          "blocks.14.ffn.down.weight",
          "blocks.15.rank_amplitudes",
          "blocks.15.channel_amplitudes",
          "blocks.15.mixer_gain",
          "blocks.15.ffn_gain",
          "blocks.15.outer.raw",
          "blocks.15.workspace1.raw",
          "blocks.15.workspace2.raw",
          "blocks.15.channel1.raw",
          "blocks.15.channel2.raw",
          "blocks.15.ffn.gate_up.weight",
          "blocks.15.ffn.down.weight",
          "blocks.16.rank_amplitudes",
          "blocks.16.channel_amplitudes",
          "blocks.16.mixer_gain",
          "blocks.16.ffn_gain",
          "blocks.16.outer.raw",
          "blocks.16.workspace1.raw",
          "blocks.16.workspace2.raw",
          "blocks.16.channel1.raw",
          "blocks.16.channel2.raw",
          "blocks.16.ffn.gate_up.weight",
          "blocks.16.ffn.down.weight",
          "blocks.17.rank_amplitudes",
          "blocks.17.channel_amplitudes",
          "blocks.17.mixer_gain",
          "blocks.17.ffn_gain",
          "blocks.17.outer.raw",
          "blocks.17.workspace1.raw",
          "blocks.17.workspace2.raw",
          "blocks.17.channel1.raw",
          "blocks.17.channel2.raw",
          "blocks.17.ffn.gate_up.weight",
          "blocks.17.ffn.down.weight",
          "blocks.18.rank_amplitudes",
          "blocks.18.channel_amplitudes",
          "blocks.18.mixer_gain",
          "blocks.18.ffn_gain",
          "blocks.18.outer.raw",
          "blocks.18.workspace1.raw",
          "blocks.18.workspace2.raw",
          "blocks.18.channel1.raw",
          "blocks.18.channel2.raw",
          "blocks.18.ffn.gate_up.weight",
          "blocks.18.ffn.down.weight",
          "blocks.19.rank_amplitudes",
          "blocks.19.channel_amplitudes",
          "blocks.19.mixer_gain",
          "blocks.19.ffn_gain",
          "blocks.19.outer.raw",
          "blocks.19.workspace1.raw",
          "blocks.19.workspace2.raw",
          "blocks.19.channel1.raw",
          "blocks.19.channel2.raw",
          "blocks.19.ffn.gate_up.weight",
          "blocks.19.ffn.down.weight",
          "blocks.20.rank_amplitudes",
          "blocks.20.channel_amplitudes",
          "blocks.20.mixer_gain",
          "blocks.20.ffn_gain",
          "blocks.20.outer.raw",
          "blocks.20.workspace1.raw",
          "blocks.20.workspace2.raw",
          "blocks.20.channel1.raw",
          "blocks.20.channel2.raw",
          "blocks.20.ffn.gate_up.weight",
          "blocks.20.ffn.down.weight",
          "blocks.21.rank_amplitudes",
          "blocks.21.channel_amplitudes",
          "blocks.21.mixer_gain",
          "blocks.21.ffn_gain",
          "blocks.21.outer.raw",
          "blocks.21.workspace1.raw",
          "blocks.21.workspace2.raw",
          "blocks.21.channel1.raw",
          "blocks.21.channel2.raw",
          "blocks.21.ffn.gate_up.weight",
          "blocks.21.ffn.down.weight",
          "blocks.22.rank_amplitudes",
          "blocks.22.channel_amplitudes",
          "blocks.22.mixer_gain",
          "blocks.22.ffn_gain",
          "blocks.22.outer.raw",
          "blocks.22.workspace1.raw",
          "blocks.22.workspace2.raw",
          "blocks.22.channel1.raw",
          "blocks.22.channel2.raw",
          "blocks.22.ffn.gate_up.weight",
          "blocks.22.ffn.down.weight",
          "blocks.23.rank_amplitudes",
          "blocks.23.channel_amplitudes",
          "blocks.23.mixer_gain",
          "blocks.23.ffn_gain",
          "blocks.23.outer.raw",
          "blocks.23.workspace1.raw",
          "blocks.23.workspace2.raw",
          "blocks.23.channel1.raw",
          "blocks.23.channel2.raw",
          "blocks.23.ffn.gate_up.weight",
          "blocks.23.ffn.down.weight",
          "blocks.24.rank_amplitudes",
          "blocks.24.channel_amplitudes",
          "blocks.24.mixer_gain",
          "blocks.24.ffn_gain",
          "blocks.24.outer.raw",
          "blocks.24.workspace1.raw",
          "blocks.24.workspace2.raw",
          "blocks.24.channel1.raw",
          "blocks.24.channel2.raw",
          "blocks.24.ffn.gate_up.weight",
          "blocks.24.ffn.down.weight",
          "blocks.25.rank_amplitudes",
          "blocks.25.channel_amplitudes",
          "blocks.25.mixer_gain",
          "blocks.25.ffn_gain",
          "blocks.25.outer.raw",
          "blocks.25.workspace1.raw",
          "blocks.25.workspace2.raw",
          "blocks.25.channel1.raw",
          "blocks.25.channel2.raw",
          "blocks.25.ffn.gate_up.weight",
          "blocks.25.ffn.down.weight",
          "blocks.26.rank_amplitudes",
          "blocks.26.channel_amplitudes",
          "blocks.26.mixer_gain",
          "blocks.26.ffn_gain",
          "blocks.26.outer.raw",
          "blocks.26.workspace1.raw",
          "blocks.26.workspace2.raw",
          "blocks.26.channel1.raw",
          "blocks.26.channel2.raw",
          "blocks.26.ffn.gate_up.weight",
          "blocks.26.ffn.down.weight",
          "blocks.27.rank_amplitudes",
          "blocks.27.channel_amplitudes",
          "blocks.27.mixer_gain",
          "blocks.27.ffn_gain",
          "blocks.27.outer.raw",
          "blocks.27.workspace1.raw",
          "blocks.27.workspace2.raw",
          "blocks.27.channel1.raw",
          "blocks.27.channel2.raw",
          "blocks.27.ffn.gate_up.weight",
          "blocks.27.ffn.down.weight",
          "blocks.28.rank_amplitudes",
          "blocks.28.channel_amplitudes",
          "blocks.28.mixer_gain",
          "blocks.28.ffn_gain",
          "blocks.28.outer.raw",
          "blocks.28.workspace1.raw",
          "blocks.28.workspace2.raw",
          "blocks.28.channel1.raw",
          "blocks.28.channel2.raw",
          "blocks.28.ffn.gate_up.weight",
          "blocks.28.ffn.down.weight",
          "blocks.29.rank_amplitudes",
          "blocks.29.channel_amplitudes",
          "blocks.29.mixer_gain",
          "blocks.29.ffn_gain",
          "blocks.29.outer.raw",
          "blocks.29.workspace1.raw",
          "blocks.29.workspace2.raw",
          "blocks.29.channel1.raw",
          "blocks.29.channel2.raw",
          "blocks.29.ffn.gate_up.weight",
          "blocks.29.ffn.down.weight",
          "blocks.30.rank_amplitudes",
          "blocks.30.channel_amplitudes",
          "blocks.30.mixer_gain",
          "blocks.30.ffn_gain",
          "blocks.30.outer.raw",
          "blocks.30.workspace1.raw",
          "blocks.30.workspace2.raw",
          "blocks.30.channel1.raw",
          "blocks.30.channel2.raw",
          "blocks.30.ffn.gate_up.weight",
          "blocks.30.ffn.down.weight",
          "blocks.31.rank_amplitudes",
          "blocks.31.channel_amplitudes",
          "blocks.31.mixer_gain",
          "blocks.31.ffn_gain",
          "blocks.31.outer.raw",
          "blocks.31.workspace1.raw",
          "blocks.31.workspace2.raw",
          "blocks.31.channel1.raw",
          "blocks.31.channel2.raw",
          "blocks.31.ffn.gate_up.weight",
          "blocks.31.ffn.down.weight"
        ],
        "body_parameters": 5368384,
        "family": "adamw-router-multiplier",
        "router_lr_multiplier": 1.0,
        "router_parameter_names": [
          "blocks.0.source_router.weight",
          "blocks.0.destination_router.weight",
          "blocks.1.source_router.weight",
          "blocks.1.destination_router.weight",
          "blocks.2.source_router.weight",
          "blocks.2.destination_router.weight",
          "blocks.3.source_router.weight",
          "blocks.3.destination_router.weight",
          "blocks.4.source_router.weight",
          "blocks.4.destination_router.weight",
          "blocks.5.source_router.weight",
          "blocks.5.destination_router.weight",
          "blocks.6.source_router.weight",
          "blocks.6.destination_router.weight",
          "blocks.7.source_router.weight",
          "blocks.7.destination_router.weight",
          "blocks.8.source_router.weight",
          "blocks.8.destination_router.weight",
          "blocks.9.source_router.weight",
          "blocks.9.destination_router.weight",
          "blocks.10.source_router.weight",
          "blocks.10.destination_router.weight",
          "blocks.11.source_router.weight",
          "blocks.11.destination_router.weight",
          "blocks.12.source_router.weight",
          "blocks.12.destination_router.weight",
          "blocks.13.source_router.weight",
          "blocks.13.destination_router.weight",
          "blocks.14.source_router.weight",
          "blocks.14.destination_router.weight",
          "blocks.15.source_router.weight",
          "blocks.15.destination_router.weight",
          "blocks.16.source_router.weight",
          "blocks.16.destination_router.weight",
          "blocks.17.source_router.weight",
          "blocks.17.destination_router.weight",
          "blocks.18.source_router.weight",
          "blocks.18.destination_router.weight",
          "blocks.19.source_router.weight",
          "blocks.19.destination_router.weight",
          "blocks.20.source_router.weight",
          "blocks.20.destination_router.weight",
          "blocks.21.source_router.weight",
          "blocks.21.destination_router.weight",
          "blocks.22.source_router.weight",
          "blocks.22.destination_router.weight",
          "blocks.23.source_router.weight",
          "blocks.23.destination_router.weight",
          "blocks.24.source_router.weight",
          "blocks.24.destination_router.weight",
          "blocks.25.source_router.weight",
          "blocks.25.destination_router.weight",
          "blocks.26.source_router.weight",
          "blocks.26.destination_router.weight",
          "blocks.27.source_router.weight",
          "blocks.27.destination_router.weight",
          "blocks.28.source_router.weight",
          "blocks.28.destination_router.weight",
          "blocks.29.source_router.weight",
          "blocks.29.destination_router.weight",
          "blocks.30.source_router.weight",
          "blocks.30.destination_router.weight",
          "blocks.31.source_router.weight",
          "blocks.31.destination_router.weight"
        ],
        "router_parameters": 65536
      },
      "performance": {
        "body_lr": 0.005417929022812525,
        "clip_fraction": 0.1038961038961039,
        "global_grad_norm": 0.10173960775136948,
        "gpu_samples": 244,
        "median_gpu_utilization_percent": 100.0,
        "median_power_watts": 351.81,
        "peak_allocated_gib": 67.42245244979858,
        "peak_nvidia_memory_mib": 71270.0,
        "peak_reserved_gib": 68.861328125,
        "router_lr": 0.005417929022812525,
        "step": 77,
        "tokens_per_second": 99613.67864258848,
        "tokens_seen": 10092544,
        "train_block_nll": 7.4047956466674805
      },
      "router_ablations": {
        "evaluations": {
          "both_neutral": {
            "nll": 7.3882155418396,
            "position_nll": [
              7.182141027413309,
              7.241523732431233,
              7.453095993958414,
              7.467769361101091,
              7.417958308011293,
              7.500952918082476,
              7.6336733577772975,
              7.7443467900156975,
              7.251821540296078,
              7.3505257200449705,
              7.2713252222165465,
              7.443646122701466,
              7.813850178383291,
              7.640488838776946,
              7.096058315597475,
              7.286155014298856,
              7.34435111284256,
              7.334546245634556,
              7.67098297085613,
              7.248908340930939,
              7.428545451723039,
              7.263568252325058,
              7.489658494479954,
              7.166533441282809,
              7.211581828072667,
              7.559724913910031,
              7.31754545122385,
              7.254826911725104,
              7.29633878543973,
              7.482566783204675,
              7.095645264722407,
              7.536650979891419,
              7.364979763515294,
              7.4164366237819195,
              7.276276376098394,
              7.483283134177327,
              7.228136049583554,
              7.213032649829984,
              7.303800577297807,
              7.313223749399185,
              7.463360697031021,
              7.153898266144097,
              7.376466657035053,
              7.374713888391852,
              7.3532695565372705,
              7.253872774541378,
              7.632302994839847,
              7.4099760837852955,
              7.213915224187076,
              7.543857631273568,
              7.31521138548851,
              7.250167042016983,
              7.409908948466182,
              7.173791645094752,
              7.23136221524328,
              7.2736725099384785,
              7.680586965754628,
              7.215964714065194,
              7.1864665281027555,
              7.276333902031183,
              7.037630467675626,
              7.26528381370008,
              7.401650887914002,
              7.253036390058696,
              7.644378861412406,
              7.352576967328787,
              7.476178331300616,
              7.421894156374037,
              7.3234204687178135,
              7.499629219993949,
              6.997995290905237,
              7.435240412130952,
              7.309074857272208,
              7.492164622992277,
              7.352844876237214,
              7.252155525609851,
              7.322863511741161,
              7.469883904792368,
              7.50798268429935,
              7.4375404343008995,
              7.287251538597047,
              7.333502358756959,
              7.364507312886417,
              7.376184172928333,
              7.0278348829597235,
              7.632388444617391,
              7.668832442723215,
              7.51876993663609,
              7.452126199379563,
              7.507994659245014,
              7.332952428609133,
              7.5576427318155766,
              7.946052954532206,
              7.228016670793295,
              7.366435541771352,
              7.322716946713626,
              7.40223781298846,
              7.6389337638393044,
              7.37820397131145,
              7.178693188354373,
              7.614434001967311,
              7.304547965526581,
              7.006250155158341,
              7.761416548863053,
              7.220739350654185,
              7.330508414655924,
              7.303974178619683,
              7.2648428389802575,
              7.391819001175463,
              7.324413483031094,
              6.998528151772916,
              7.290257755666971,
              7.055989682674408,
              7.23068334069103,
              7.481173451989889,
              7.247440219856799,
              7.548809834755957,
              7.247574304230511,
              7.212556886486709,
              7.463006518781185,
              7.765083230100572,
              7.29591793846339,
              7.339108334854245,
              7.441433752886951,
              7.270627995021641,
              7.279292273335159,
              7.493985545821488,
              7.204202259890735,
              7.314058838412166,
              7.427228970453143,
              7.298568355850875,
              7.347717510536313,
              7.567516897805035,
              7.429495682939887,
              7.542928920127451,
              7.780112635344267,
              7.449748755432665,
              7.172514916397631,
              7.122691938653588,
              7.502906104549766,
              7.281421381048858,
              7.557994859293103,
              7.633482144214213,
              7.200781506486237,
              7.379744922742248,
              7.590592773631215,
              7.4142308505252,
              7.435200709849596,
              7.39899203274399,
              7.464852974750102,
              7.442144582979381,
              7.50171201582998,
              7.543826887384057,
              7.246203891001642,
              7.291079061105847,
              7.413150774315,
              7.2961410488933325,
              7.251600882969797,
              7.33088409435004,
              7.561593990772963,
              7.128464858978987,
              7.299525669775903,
              7.560335353016853,
              7.428803573362529,
              7.407238466665149,
              7.412099582143128,
              7.484401514753699,
              7.185449370183051,
              7.569740911945701,
              7.397693920880556,
              7.013811562210321,
              7.32089161593467,
              7.3435458820313215,
              7.311402236111462,
              7.518871400505304,
              7.388464990071952,
              7.576371286995709,
              7.585591894574463,
              7.547525872476399,
              7.306002871133387,
              7.494258727878332,
              7.556203558109701,
              7.5544704627245665,
              7.159523876383901,
              7.739350693300366,
              7.3679495844990015,
              7.485577886924148,
              7.59359182137996,
              7.622736729681492,
              7.494241456501186,
              7.48829934746027,
              7.639637370593846,
              7.220506690442562,
              7.29944116435945,
              7.312193231657147,
              7.448294886387885,
              7.463823828846216,
              7.425453728064895,
              7.214473658241332,
              7.158806221559644,
              7.240603785030544,
              7.3456568056717515,
              7.44389446079731,
              7.421552881598473,
              7.364604605361819,
              7.5142263155430555,
              7.484492630697787,
              7.035638422705233,
              7.499505362473428,
              7.342749011702836,
              7.434871958568692,
              7.538824356161058,
              7.2090544598177075,
              7.475367647595704,
              7.486746957525611,
              7.356456043198705,
              7.562786319293082,
              7.616854088380933,
              7.409865837544203,
              7.516117488965392,
              7.216455725952983,
              7.530533451586962,
              7.451835250481963,
              7.226985923945904,
              7.435964695177972,
              7.378010361455381,
              7.717726037837565,
              7.499575087800622,
              7.210156471468508,
              7.42754362244159,
              7.147252976894379,
              7.841897679492831,
              7.307265866547823,
              7.341765432618558,
              7.564778031781316,
              7.490020636469126,
              7.4247769601643085,
              7.2779801627621055,
              7.516205128282309,
              7.489931285381317,
              7.278352317400277,
              7.322767089121044,
              7.298266703262925,
              7.752385998144746,
              7.513254818506539,
              7.289470826275647,
              7.268310585059226,
              7.42233619466424,
              7.619796295650303,
              7.323365674354136,
              7.421542232856154,
              7.028898992575705,
              7.523808139376342,
              7.174856902100146,
              7.338206697255373,
              7.245956415310502
            ],
            "prediction_shift_tokens": 16,
            "tokens": 65536
          },
          "destination_neutral": {
            "nll": 7.388212889432907,
            "position_nll": [
              7.182294633239508,
              7.241640490479767,
              7.453258084133267,
              7.46770516782999,
              7.417651201598346,
              7.500959541648626,
              7.6334533020854,
              7.744419287890196,
              7.251813093200326,
              7.350509958341718,
              7.271333417855203,
              7.443616100586951,
              7.813769904896617,
              7.640474789775908,
              7.096123233437538,
              7.2861439837142825,
              7.344475463964045,
              7.334579253569245,
              7.670994978398085,
              7.248939240351319,
              7.428511210717261,
              7.2635859763249755,
              7.489842800423503,
              7.166608055122197,
              7.211628285236657,
              7.5596781158819795,
              7.317501911893487,
              7.254822260700166,
              7.2962534967809916,
              7.482569850049913,
              7.095968331210315,
              7.536622238345444,
              7.36499853990972,
              7.416133775375783,
              7.276211586780846,
              7.483413747511804,
              7.228030896745622,
              7.213144230656326,
              7.303808303549886,
              7.313645915128291,
              7.463022829033434,
              7.154015675187111,
              7.376405609771609,
              7.374665382318199,
              7.353265520185232,
              7.253852944821119,
              7.632434624247253,
              7.409972984343767,
              7.214055724442005,
              7.5438787480816245,
              7.3151739947497845,
              7.2504352275282145,
              7.409838138148189,
              7.1737557696178555,
              7.231347970664501,
              7.273403180763125,
              7.680913131684065,
              7.216119507327676,
              7.18638922367245,
              7.276038927957416,
              7.037610535509884,
              7.265649533830583,
              7.401557453908026,
              7.253004617989063,
              7.644251288846135,
              7.352635825052857,
              7.476163095794618,
              7.421803532168269,
              7.323250154033303,
              7.499966322444379,
              6.998083113692701,
              7.4352098582312465,
              7.309075121767819,
              7.492109137587249,
              7.352882767096162,
              7.2522158762440085,
              7.322932168841362,
              7.468790984712541,
              7.508612148463726,
              7.437825322151184,
              7.286723934113979,
              7.333342249505222,
              7.364558477886021,
              7.3760486310347915,
              7.02771005127579,
              7.632414426654577,
              7.668904664926231,
              7.518763181753457,
              7.451705661602318,
              7.508039992302656,
              7.332948047667742,
              7.5575738446787,
              7.9459783444181085,
              7.228065111674368,
              7.3664241479709744,
              7.322699414566159,
              7.402216169051826,
              7.638897801749408,
              7.37816421315074,
              7.1787078166380525,
              7.614434097893536,
              7.304823342710733,
              7.0062638549134135,
              7.7614381946623325,
              7.220579099841416,
              7.330474292859435,
              7.303996536880732,
              7.264727839268744,
              7.3918563313782215,
              7.324449711479247,
              6.998545129783452,
              7.29020029027015,
              7.055954574607313,
              7.230901955626905,
              7.48114253859967,
              7.247452752664685,
              7.548821089789271,
              7.247377776540816,
              7.212436867877841,
              7.463249715976417,
              7.765071188099682,
              7.29585403483361,
              7.339100478217006,
              7.441498665139079,
              7.270668298006058,
              7.27913339715451,
              7.494020540267229,
              7.204183240421116,
              7.3143124440684915,
              7.427299768663943,
              7.298397155478597,
              7.347821222618222,
              7.56726616807282,
              7.429478230886161,
              7.543757590465248,
              7.78013657592237,
              7.449721054174006,
              7.172503884881735,
              7.122709209099412,
              7.502537815831602,
              7.281434714794159,
              7.558092512190342,
              7.633423597551882,
              7.200682206079364,
              7.379854189231992,
              7.590588913299143,
              7.414126331917942,
              7.435191166587174,
              7.39904051925987,
              7.4646160826087,
              7.442364235408604,
              7.501659492962062,
              7.543837430886924,
              7.2463345136493444,
              7.291092996485531,
              7.413294437341392,
              7.296138456091285,
              7.251392564736307,
              7.331156641244888,
              7.561535829678178,
              7.128728338517249,
              7.2996558751910925,
              7.560195823200047,
              7.428683896549046,
              7.407289233990014,
              7.412525192834437,
              7.484234740957618,
              7.185440585017204,
              7.569761578924954,
              7.39774754922837,
              7.013803342357278,
              7.320838420651853,
              7.343700236640871,
              7.311292186379433,
              7.518893853761256,
              7.3884167447686195,
              7.576443696394563,
              7.585330326110125,
              7.54753146879375,
              7.306082462891936,
              7.49426958989352,
              7.55622670520097,
              7.55458202585578,
              7.159294517710805,
              7.739378745667636,
              7.367887316271663,
              7.485603376291692,
              7.593604917638004,
              7.6227702014148235,
              7.494205228053033,
              7.488482188433409,
              7.639496359974146,
              7.220482325181365,
              7.299472858197987,
              7.312065321952105,
              7.448373871855438,
              7.46382125839591,
              7.425375427119434,
              7.214491941966116,
              7.158714112825692,
              7.240617141127586,
              7.345575716346502,
              7.443829330615699,
              7.421558131463826,
              7.36460408102721,
              7.51434416975826,
              7.484496057033539,
              7.035636653192341,
              7.499565270729363,
              7.342662915587425,
              7.4348968574777246,
              7.538779130205512,
              7.2090736143291,
              7.47530450578779,
              7.486713456921279,
              7.3566353768110275,
              7.5627463748678565,
              7.616748069413006,
              7.409904261119664,
              7.516215259209275,
              7.216350071132183,
              7.530534142628312,
              7.451844346709549,
              7.2269888538867235,
              7.435693294741213,
              7.378104539588094,
              7.717656188644469,
              7.499721257947385,
              7.209925381466746,
              7.427642384544015,
              7.146867170929909,
              7.8421999681741,
              7.307248381897807,
              7.341738864779472,
              7.564740039408207,
              7.490130378864706,
              7.424727858044207,
              7.277985571883619,
              7.516182290390134,
              7.489951718598604,
              7.278438353911042,
              7.322838398627937,
              7.298086021095514,
              7.7524402709677815,
              7.512951908633113,
              7.289699879474938,
              7.268283921293914,
              7.422553549520671,
              7.619447818957269,
              7.323241562582552,
              7.421596452593803,
              7.028900725767016,
              7.523748286999762,
              7.17482366412878,
              7.338211595080793,
              7.245827184058726
            ],
            "prediction_shift_tokens": 16,
            "tokens": 65536
          },
          "normal": {
            "nll": 7.38821268081665,
            "position_nll": [
              7.1823057029396296,
              7.241647277958691,
              7.453263085335493,
              7.467705177143216,
              7.417636850848794,
              7.500960102304816,
              7.633449296467006,
              7.744421884417534,
              7.25180740095675,
              7.350509027950466,
              7.27133349981159,
              7.443614447489381,
              7.813765830360353,
              7.640474587678909,
              7.096127939410508,
              7.286143297329545,
              7.344480533152819,
              7.334581196308136,
              7.670997028239071,
              7.248941020108759,
              7.428509724326432,
              7.26358709577471,
              7.489848242141306,
              7.166610272601247,
              7.211628715507686,
              7.559675505384803,
              7.317499346099794,
              7.254822541028261,
              7.296249000355601,
              7.4825702123343945,
              7.095989604480565,
              7.536620086990297,
              7.365000068210065,
              7.416118056513369,
              7.276215828023851,
              7.483423480764031,
              7.228018797934055,
              7.213150849565864,
              7.303813303820789,
              7.313685172237456,
              7.462978198193014,
              7.154023070819676,
              7.376404111273587,
              7.374663015827537,
              7.353267344646156,
              7.253851803950965,
              7.632439515553415,
              7.40997286234051,
              7.214066063053906,
              7.543880321085453,
              7.315171136520803,
              7.250453474000096,
              7.409835041500628,
              7.173753864131868,
              7.23136327881366,
              7.273373680189252,
              7.680959704332054,
              7.216129521839321,
              7.186385464854538,
              7.276022849604487,
              7.03761016856879,
              7.2656685365363955,
              7.401552001945674,
              7.253002732992172,
              7.644238001666963,
              7.352639231830835,
              7.476162182167172,
              7.421797029674053,
              7.323237013071775,
              7.499986605718732,
              6.998079440556467,
              7.435218445025384,
              7.309075262397528,
              7.492105733603239,
              7.352884874679148,
              7.252218971028924,
              7.322935082018375,
              7.468733272515237,
              7.50865235272795,
              7.437844036146998,
              7.2866790713742375,
              7.333330970257521,
              7.364557597786188,
              7.376042955555022,
              7.027695344761014,
              7.632416317239404,
              7.668885514140129,
              7.518764453008771,
              7.451634208671749,
              7.508043170906603,
              7.332948406226933,
              7.557570403441787,
              7.94597053527832,
              7.228067266754806,
              7.366423775441945,
              7.322697604075074,
              7.402215609326959,
              7.638894686475396,
              7.37816309183836,
              7.178708523511887,
              7.614434185437858,
              7.304837403818965,
              7.006263797171414,
              7.761440273374319,
              7.220563716255128,
              7.330472313798964,
              7.3039968414232135,
              7.2647198885679245,
              7.391858390532434,
              7.324451754800975,
              6.998545904643834,
              7.290197195485234,
              7.055950534529984,
              7.230914837680757,
              7.481134012341499,
              7.247452449053526,
              7.548818772658706,
              7.247366194613278,
              7.212444663979113,
              7.4632512126117945,
              7.765069708228111,
              7.295850451104343,
              7.339100413955748,
              7.441502965055406,
              7.27066997718066,
              7.279122509993613,
              7.494023581966758,
              7.204182007350028,
              7.314338348805904,
              7.427303520962596,
              7.298384926281869,
              7.347827762365341,
              7.567248084582388,
              7.429477329365909,
              7.543817050755024,
              7.780143310315907,
              7.449717320501804,
              7.172502890229225,
              7.1227101953700185,
              7.502517105080187,
              7.281436005607247,
              7.558096502907574,
              7.63342051487416,
              7.200676771812141,
              7.37986324261874,
              7.590589575469494,
              7.414121376350522,
              7.435190327465534,
              7.399043665267527,
              7.46460416354239,
              7.442374720238149,
              7.501657461747527,
              7.543841885402799,
              7.246341997757554,
              7.2910924619063735,
              7.413303351961076,
              7.296138224191964,
              7.251379479654133,
              7.33117303904146,
              7.561532976105809,
              7.128753762692213,
              7.299662183970213,
              7.560191634111106,
              7.428679913282394,
              7.407285725697875,
              7.412546762265265,
              7.484233690425754,
              7.185418627224863,
              7.5697701424360275,
              7.397751380689442,
              7.013803435489535,
              7.320835178717971,
              7.343710546381772,
              7.3112879460677505,
              7.518893086351454,
              7.388414608314633,
              7.576449381187558,
              7.585317215882242,
              7.547531698830426,
              7.30608606338501,
              7.49427036754787,
              7.556230463087559,
              7.5545905800536275,
              7.159278626553714,
              7.739382265135646,
              7.36788315884769,
              7.485604854300618,
              7.5936056999489665,
              7.6227719178423285,
              7.494199568405747,
              7.488493647426367,
              7.639489259570837,
              7.2204809337854385,
              7.299474808387458,
              7.312061871401966,
              7.448379520326853,
              7.463821145705879,
              7.425372150726616,
              7.214492040686309,
              7.158703683875501,
              7.240619105286896,
              7.34557000361383,
              7.443826574832201,
              7.4215585412457585,
              7.364603873342276,
              7.514350255019963,
              7.484496241435409,
              7.035636706277728,
              7.49956869892776,
              7.342658337205648,
              7.434898579493165,
              7.538774241693318,
              7.2090745801106095,
              7.475300634279847,
              7.486710635945201,
              7.356653385795653,
              7.562739794142544,
              7.616742262616754,
              7.409906178712845,
              7.516221081838012,
              7.2163435416296124,
              7.530534616671503,
              7.4518446028232574,
              7.226988817565143,
              7.435674854554236,
              7.3781122006475925,
              7.717653985135257,
              7.4997288677841425,
              7.209914513863623,
              7.427649046294391,
              7.146859850734472,
              7.842211443930864,
              7.307252063415945,
              7.341737064532936,
              7.564739040099084,
              7.490137645974755,
              7.42472521495074,
              7.277985917404294,
              7.516180721111596,
              7.489952894859016,
              7.2784419022500515,
              7.322842407971621,
              7.298088753595948,
              7.752438620664179,
              7.512947189621627,
              7.289712217636406,
              7.268283914774656,
              7.422599330544472,
              7.61936932336539,
              7.323234079405665,
              7.421596999280155,
              7.028900871053338,
              7.523744414560497,
              7.174822795204818,
              7.338210286572576,
              7.245823407545686
            ],
            "prediction_shift_tokens": 16,
            "tokens": 65536
          },
          "source_neutral": {
            "nll": 7.388213008642197,
            "position_nll": [
              7.182298528961837,
              7.241642686538398,
              7.453260031528771,
              7.467705559916794,
              7.417645510286093,
              7.500959780067205,
              7.633451012894511,
              7.744420292787254,
              7.251813123002648,
              7.350509564392269,
              7.27133344206959,
              7.443615823984146,
              7.813768858090043,
              7.640474203042686,
              7.096123741008341,
              7.286143644712865,
              7.344477837905288,
              7.334580186754465,
              7.67099501658231,
              7.248939875513315,
              7.428510777652264,
              7.263586287386715,
              7.4898452535271645,
              7.166609360836446,
              7.211628940887749,
              7.559677948243916,
              7.317501313984394,
              7.254822029732168,
              7.296252492815256,
              7.4825698137283325,
              7.095972125418484,
              7.53662159666419,
              7.364998956210911,
              7.416128824464977,
              7.276211237534881,
              7.483415975235403,
              7.228029623627663,
              7.213145831599832,
              7.303808480501175,
              7.313651503063738,
              7.463018173351884,
              7.154018306173384,
              7.37640490103513,
              7.374664518050849,
              7.353265509940684,
              7.2538527166470885,
              7.632436279207468,
              7.409972853027284,
              7.2140596099197865,
              7.543879167176783,
              7.3151736771687865,
              7.250439764931798,
              7.4098356096073985,
              7.173755316995084,
              7.2313481364399195,
              7.273399612866342,
              7.680917624384165,
              7.216122106648982,
              7.186388269066811,
              7.276034771464765,
              7.037610542960465,
              7.265653634443879,
              7.401556495577097,
              7.253004277125001,
              7.64424941316247,
              7.352637218311429,
              7.476163101382554,
              7.421802558004856,
              7.323248001746833,
              7.499970890581608,
              6.998084015212953,
              7.435209951363504,
              7.309075287543237,
              7.492108255624771,
              7.352883348241448,
              7.252216624096036,
              7.322933305054903,
              7.468777289614081,
              7.508620593696833,
              7.437829336151481,
              7.286712279543281,
              7.333338205702603,
              7.3645590748637915,
              7.37604646384716,
              7.0277069471776485,
              7.632414933294058,
              7.668905017897487,
              7.518763178028166,
              7.451699826866388,
              7.5080410139635205,
              7.332948041148484,
              7.557572923600674,
              7.945977188646793,
              7.228065651841462,
              7.36642431281507,
              7.322699161246419,
              7.40221622120589,
              7.6388966254889965,
              7.378163814544678,
              7.178707801736891,
              7.614434129558504,
              7.30482676718384,
              7.006264039315283,
              7.7614386435598135,
              7.220576781779528,
              7.3304737424477935,
              7.303996765054762,
              7.2647256096825,
              7.391857055015862,
              7.324450077489018,
              6.998545261099935,
              7.29019938595593,
              7.055953838862479,
              7.23090607021004,
              7.4811420273035765,
              7.2474527936428785,
              7.548821217380464,
              7.2473755134269595,
              7.212435672059655,
              7.46325246989727,
              7.765071287751198,
              7.29585284832865,
              7.339100466109812,
              7.441499252803624,
              7.2706689443439245,
              7.27913221437484,
              7.49402108695358,
              7.204183013178408,
              7.314319713972509,
              7.427301000803709,
              7.298394667916,
              7.347821788862348,
              7.567261190153658,
              7.429478161968291,
              7.543768010102212,
              7.7801376627758145,
              7.449720920063555,
              7.1725039053708315,
              7.122709464281797,
              7.502534093335271,
              7.281434833072126,
              7.5580941922962666,
              7.633423472754657,
              7.200681277550757,
              7.379857510328293,
              7.590588869526982,
              7.414125274866819,
              7.435191012918949,
              7.399041616357863,
              7.46461293566972,
              7.442366590723395,
              7.501658719033003,
              7.5438377829268575,
              7.246336340904236,
              7.29109303932637,
              7.413295885547996,
              7.296138495206833,
              7.251389893703163,
              7.3311597453430295,
              7.561535343527794,
              7.128734735772014,
              7.299657574854791,
              7.560194105841219,
              7.428682249970734,
              7.4072891948744655,
              7.412530640140176,
              7.484232470393181,
              7.185440485365689,
              7.569761699065566,
              7.3977484460920095,
              7.013803394511342,
              7.320837360806763,
              7.343702525831759,
              7.311291080899537,
              7.518893850967288,
              7.388416265137494,
              7.5764452973380685,
              7.5853264313191175,
              7.547531415708363,
              7.3060839511454105,
              7.494269838556647,
              7.556226515211165,
              7.55458378046751,
              7.1592917470261455,
              7.739379145205021,
              7.367885895073414,
              7.485603687353432,
              7.593605030328035,
              7.622770505025983,
              7.49420519080013,
              7.488484610803425,
              7.639494973234832,
              7.220481855794787,
              7.299473403953016,
              7.312063734978437,
              7.448375299572945,
              7.463821217417717,
              7.425374782644212,
              7.214492068625987,
              7.158713014796376,
              7.240617305971682,
              7.345574080944061,
              7.443828629329801,
              7.421558324247599,
              7.364604040980339,
              7.514345742762089,
              7.484496206976473,
              7.03563669975847,
              7.49956579413265,
              7.342661781236529,
              7.434897190891206,
              7.538778486661613,
              7.20907401945442,
              7.475303338840604,
              7.486713082529604,
              7.356637805700302,
              7.562745719216764,
              7.616746795363724,
              7.409904805012047,
              7.516216380521655,
              7.216348722577095,
              7.530534344725311,
              7.45184438303113,
              7.226988855749369,
              7.4356870129704475,
              7.378107472322881,
              7.717655279673636,
              7.499723611399531,
              7.209921205416322,
              7.427643492817879,
              7.1468629483133554,
              7.842203919775784,
              7.307247903198004,
              7.341738243587315,
              7.564739636145532,
              7.490132126957178,
              7.424727124162018,
              7.277985652908683,
              7.5161821926012635,
              7.489952052012086,
              7.278440565802157,
              7.322839302942157,
              7.29808387812227,
              7.7524409070611,
              7.512946774251759,
              7.289702848531306,
              7.26828318182379,
              7.422556197270751,
              7.619442788884044,
              7.323240063153207,
              7.421596868894994,
              7.028900858014822,
              7.523747715167701,
              7.174822867847979,
              7.338211860507727,
              7.245825306512415
            ],
            "prediction_shift_tokens": 16,
            "tokens": 65536
          }
        },
        "neutral_minus_normal_nll": {
          "both_neutral": 2.86102294921875e-06,
          "destination_neutral": 2.086162567138672e-07,
          "source_neutral": 3.2782554626464844e-07
        }
      },
      "router_telemetry": {
        "destination": {
          "maximum_layer_gate_std": 0.8338127732276917,
          "mean_gate_mean": 0.12773505796212703,
          "mean_gate_std": 0.11286087793268962,
          "mean_router_weight_rms": 0.04087046271888539,
          "mean_saturation_fraction": 0.6834487915039062
        },
        "mean_absolute_path_cosine": 0.039241330325603486,
        "mean_mixer_update_to_state_rms": 0.2588080262055996,
        "per_layer": [
          {
            "absolute_path_cosine": 0.03360766917467117,
            "destination_gate_max": 1.8042718172073364,
            "destination_gate_mean": 0.9163804650306702,
            "destination_gate_min": 0.19838771224021912,
            "destination_gate_saturation_fraction": 0.0,
            "destination_gate_std": 0.3645613193511963,
            "destination_router_weight_rms": 0.040700122714042664,
            "layer": 0,
            "mixer_update_to_state_rms": 6.767512321472168,
            "source_gate_max": 1.9991148710250854,
            "source_gate_mean": 1.4833965301513672,
            "source_gate_min": 0.004931851755827665,
            "source_gate_saturation_fraction": 0.50408935546875,
            "source_gate_std": 0.6844874024391174,
            "source_router_weight_rms": 0.06895532459020615
          },
          {
            "destination_gate_max": 0.7501508593559265,
            "destination_gate_mean": 0.3230300843715668,
            "destination_gate_min": 0.09410840272903442,
            "destination_gate_saturation_fraction": 0.0,
            "destination_gate_std": 0.11929117143154144,
            "destination_router_weight_rms": 0.030272042378783226,
            "layer": 1,
            "mixer_update_to_state_rms": 0.038653288036584854,
            "source_gate_max": 1.7448394298553467,
            "source_gate_mean": 0.880983829498291,
            "source_gate_min": 0.17476555705070496,
            "source_gate_saturation_fraction": 0.0,
            "source_gate_std": 0.372245192527771,
            "source_router_weight_rms": 0.03480326384305954
          },
          {
            "destination_gate_max": 0.7611933946609497,
            "destination_gate_mean": 0.3279472291469574,
            "destination_gate_min": 0.04956788197159767,
            "destination_gate_saturation_fraction": 0.000244140625,
            "destination_gate_std": 0.166039377450943,
            "destination_router_weight_rms": 0.03288305550813675,
            "layer": 2,
            "mixer_update_to_state_rms": 0.03253752738237381,
            "source_gate_max": 1.7894364595413208,
            "source_gate_mean": 0.7671169638633728,
            "source_gate_min": 0.10989993065595627,
            "source_gate_saturation_fraction": 0.0,
            "source_gate_std": 0.5370625257492065,
            "source_router_weight_rms": 0.03552878648042679
          },
          {
            "destination_gate_max": 0.40382322669029236,
            "destination_gate_mean": 0.18849951028823853,
            "destination_gate_min": 0.08475920557975769,
            "destination_gate_saturation_fraction": 0.0,
            "destination_gate_std": 0.083438940346241,
            "destination_router_weight_rms": 0.031877025961875916,
            "layer": 3,
            "mixer_update_to_state_rms": 0.016111191362142563,
            "source_gate_max": 0.8406891226768494,
            "source_gate_mean": 0.6113844513893127,
            "source_gate_min": 0.3768589198589325,
            "source_gate_saturation_fraction": 0.0,
            "source_gate_std": 0.14573650062084198,
            "source_router_weight_rms": 0.03278644010424614
          },
          {
            "destination_gate_max": 0.7114303112030029,
            "destination_gate_mean": 0.19567817449569702,
            "destination_gate_min": 0.06828588247299194,
            "destination_gate_saturation_fraction": 0.0,
            "destination_gate_std": 0.18281765282154083,
            "destination_router_weight_rms": 0.03320912644267082,
            "layer": 4,
            "mixer_update_to_state_rms": 0.022534310817718506,
            "source_gate_max": 1.7749360799789429,
            "source_gate_mean": 0.8949843049049377,
            "source_gate_min": 0.263021856546402,
            "source_gate_saturation_fraction": 0.0,
            "source_gate_std": 0.4320545792579651,
            "source_router_weight_rms": 0.0346926748752594
          },
          {
            "destination_gate_max": 0.35071322321891785,
            "destination_gate_mean": 0.13615016639232635,
            "destination_gate_min": 0.05103718861937523,
            "destination_gate_saturation_fraction": 0.0,
            "destination_gate_std": 0.08651711791753769,
            "destination_router_weight_rms": 0.03358037769794464,
            "layer": 5,
            "mixer_update_to_state_rms": 0.03523312881588936,
            "source_gate_max": 1.560815453529358,
            "source_gate_mean": 0.7093102931976318,
            "source_gate_min": 0.21153122186660767,
            "source_gate_saturation_fraction": 0.0,
            "source_gate_std": 0.5032665133476257,
            "source_router_weight_rms": 0.02996581792831421
          },
          {
            "destination_gate_max": 0.17157597839832306,
            "destination_gate_mean": 0.09861478954553604,
            "destination_gate_min": 0.058158550411462784,
            "destination_gate_saturation_fraction": 0.0,
            "destination_gate_std": 0.03288746625185013,
            "destination_router_weight_rms": 0.03236222267150879,
            "layer": 6,
            "mixer_update_to_state_rms": 0.004457460250705481,
            "source_gate_max": 0.654919445514679,
            "source_gate_mean": 0.3544682264328003,
            "source_gate_min": 0.19195951521396637,
            "source_gate_saturation_fraction": 0.0,
            "source_gate_std": 0.13418051600456238,
            "source_router_weight_rms": 0.027863552793860435
          },
          {
            "absolute_path_cosine": 0.03912309557199478,
            "destination_gate_max": 0.5625877976417542,
            "destination_gate_mean": 0.14855504035949707,
            "destination_gate_min": 0.024798568338155746,
            "destination_gate_saturation_fraction": 0.5,
            "destination_gate_std": 0.19008378684520721,
            "destination_router_weight_rms": 0.03747546300292015,
            "layer": 7,
            "mixer_update_to_state_rms": 0.04878047853708267,
            "source_gate_max": 1.846948266029358,
            "source_gate_mean": 0.4737198054790497,
            "source_gate_min": 0.10150538384914398,
            "source_gate_saturation_fraction": 0.0,
            "source_gate_std": 0.5485466122627258,
            "source_router_weight_rms": 0.033645350486040115
          },
          {
            "destination_gate_max": 0.2502627968788147,
            "destination_gate_mean": 0.10837376862764359,
            "destination_gate_min": 0.025564270094037056,
            "destination_gate_saturation_fraction": 0.25,
            "destination_gate_std": 0.07959982752799988,
            "destination_router_weight_rms": 0.03455560281872749,
            "layer": 8,
            "mixer_update_to_state_rms": 0.006067224312573671,
            "source_gate_max": 0.6445189118385315,
            "source_gate_mean": 0.36604923009872437,
            "source_gate_min": 0.11388316005468369,
            "source_gate_saturation_fraction": 0.0,
            "source_gate_std": 0.17433017492294312,
            "source_router_weight_rms": 0.03224780037999153
          },
          {
            "destination_gate_max": 0.18985381722450256,
            "destination_gate_mean": 0.05620492249727249,
            "destination_gate_min": 0.014265512116253376,
            "destination_gate_saturation_fraction": 0.625,
            "destination_gate_std": 0.05278993770480156,
            "destination_router_weight_rms": 0.037787068635225296,
            "layer": 9,
            "mixer_update_to_state_rms": 0.002728473860770464,
            "source_gate_max": 0.35069555044174194,
            "source_gate_mean": 0.17067256569862366,
            "source_gate_min": 0.0619441382586956,
            "source_gate_saturation_fraction": 0.0,
            "source_gate_std": 0.10664134472608566,
            "source_router_weight_rms": 0.03092343732714653
          },
          {
            "destination_gate_max": 0.05563578009605408,
            "destination_gate_mean": 0.031566426157951355,
            "destination_gate_min": 0.016191532835364342,
            "destination_gate_saturation_fraction": 0.875,
            "destination_gate_std": 0.012974927201867104,
            "destination_router_weight_rms": 0.03896404430270195,
            "layer": 10,
            "mixer_update_to_state_rms": 0.0002527869073674083,
            "source_gate_max": 0.13183535635471344,
            "source_gate_mean": 0.0961327850818634,
            "source_gate_min": 0.048507172614336014,
            "source_gate_saturation_fraction": 0.125,
            "source_gate_std": 0.030301395803689957,
            "source_router_weight_rms": 0.03316768258810043
          },
          {
            "destination_gate_max": 1.8128660917282104,
            "destination_gate_mean": 0.2621084451675415,
            "destination_gate_min": 0.017394889146089554,
            "destination_gate_saturation_fraction": 0.625,
            "destination_gate_std": 0.5862549543380737,
            "destination_router_weight_rms": 0.03811749070882797,
            "layer": 11,
            "mixer_update_to_state_rms": 0.30561426281929016,
            "source_gate_max": 1.99531888961792,
            "source_gate_mean": 0.38563814759254456,
            "source_gate_min": 0.04972829669713974,
            "source_gate_saturation_fraction": 0.25,
            "source_gate_std": 0.6121225357055664,
            "source_router_weight_rms": 0.03650645166635513
          },
          {
            "destination_gate_max": 1.990763783454895,
            "destination_gate_mean": 0.6505694389343262,
            "destination_gate_min": 0.015309139154851437,
            "destination_gate_saturation_fraction": 0.75,
            "destination_gate_std": 0.8338127732276917,
            "destination_router_weight_rms": 0.040334176272153854,
            "layer": 12,
            "mixer_update_to_state_rms": 0.776112973690033,
            "source_gate_max": 1.9941610097885132,
            "source_gate_mean": 0.8081750869750977,
            "source_gate_min": 0.04780443012714386,
            "source_gate_saturation_fraction": 0.2470703125,
            "source_gate_std": 0.8928393721580505,
            "source_router_weight_rms": 0.0416300967335701
          },
          {
            "destination_gate_max": 0.07886016368865967,
            "destination_gate_mean": 0.02075818181037903,
            "destination_gate_min": 0.01392619963735342,
            "destination_gate_saturation_fraction": 0.99755859375,
            "destination_gate_std": 0.006974732503294945,
            "destination_router_weight_rms": 0.04061263054609299,
            "layer": 13,
            "mixer_update_to_state_rms": 0.00010562001261860132,
            "source_gate_max": 0.18211233615875244,
            "source_gate_mean": 0.06470312178134918,
            "source_gate_min": 0.022640129551291466,
            "source_gate_saturation_fraction": 0.24951171875,
            "source_gate_std": 0.026947686448693275,
            "source_router_weight_rms": 0.033971674740314484
          },
          {
            "destination_gate_max": 0.11512663215398788,
            "destination_gate_mean": 0.03241578862071037,
            "destination_gate_min": 0.007932741194963455,
            "destination_gate_saturation_fraction": 0.875,
            "destination_gate_std": 0.030025668442249298,
            "destination_router_weight_rms": 0.039601221680641174,
            "layer": 14,
            "mixer_update_to_state_rms": 0.001451129443012178,
            "source_gate_max": 0.7023164629936218,
            "source_gate_mean": 0.14370068907737732,
            "source_gate_min": 0.020629730075597763,
            "source_gate_saturation_fraction": 0.5,
            "source_gate_std": 0.21383269131183624,
            "source_router_weight_rms": 0.0337502658367157
          },
          {
            "absolute_path_cosine": 0.04198474809527397,
            "destination_gate_max": 0.0426073782145977,
            "destination_gate_mean": 0.02075011655688286,
            "destination_gate_min": 0.007830368354916573,
            "destination_gate_saturation_fraction": 1.0,
            "destination_gate_std": 0.01123128179460764,
            "destination_router_weight_rms": 0.041179217398166656,
            "layer": 15,
            "mixer_update_to_state_rms": 0.00015162005729507655,
            "source_gate_max": 0.19249257445335388,
            "source_gate_mean": 0.0771234780550003,
            "source_gate_min": 0.03851060941815376,
            "source_gate_saturation_fraction": 0.37451171875,
            "source_gate_std": 0.04866786673665047,
            "source_router_weight_rms": 0.033877238631248474
          },
          {
            "destination_gate_max": 0.027310768142342567,
            "destination_gate_mean": 0.016514670103788376,
            "destination_gate_min": 0.009557245299220085,
            "destination_gate_saturation_fraction": 1.0,
            "destination_gate_std": 0.005747776944190264,
            "destination_router_weight_rms": 0.04306017607450485,
            "layer": 16,
            "mixer_update_to_state_rms": 5.973344013909809e-05,
            "source_gate_max": 0.07789012044668198,
            "source_gate_mean": 0.04390975087881088,
            "source_gate_min": 0.021766331046819687,
            "source_gate_saturation_fraction": 0.625,
            "source_gate_std": 0.021734759211540222,
            "source_router_weight_rms": 0.03800232708454132
          },
          {
            "destination_gate_max": 1.937643051147461,
            "destination_gate_mean": 0.2552604079246521,
            "destination_gate_min": 0.008091415278613567,
            "destination_gate_saturation_fraction": 0.875,
            "destination_gate_std": 0.635921061038971,
            "destination_router_weight_rms": 0.043437130749225616,
            "layer": 17,
            "mixer_update_to_state_rms": 0.22053378820419312,
            "source_gate_max": 1.9928849935531616,
            "source_gate_mean": 0.3047221004962921,
            "source_gate_min": 0.013291962444782257,
            "source_gate_saturation_fraction": 0.5,
            "source_gate_std": 0.6405646800994873,
            "source_router_weight_rms": 0.04191845282912254
          },
          {
            "destination_gate_max": 0.050342340022325516,
            "destination_gate_mean": 0.024350978434085846,
            "destination_gate_min": 0.011536812409758568,
            "destination_gate_saturation_fraction": 0.99755859375,
            "destination_gate_std": 0.013843579217791557,
            "destination_router_weight_rms": 0.041580356657505035,
            "layer": 18,
            "mixer_update_to_state_rms": 0.0004960912629030645,
            "source_gate_max": 0.24096575379371643,
            "source_gate_mean": 0.083336241543293,
            "source_gate_min": 0.020022045820951462,
            "source_gate_saturation_fraction": 0.5,
            "source_gate_std": 0.07369953393936157,
            "source_router_weight_rms": 0.03690531849861145
          },
          {
            "destination_gate_max": 0.05445126071572304,
            "destination_gate_mean": 0.024031158536672592,
            "destination_gate_min": 0.006433794274926186,
            "destination_gate_saturation_fraction": 0.875,
            "destination_gate_std": 0.0164590235799551,
            "destination_router_weight_rms": 0.042254671454429626,
            "layer": 19,
            "mixer_update_to_state_rms": 0.0008805474499240518,
            "source_gate_max": 0.4539598524570465,
            "source_gate_mean": 0.12389355897903442,
            "source_gate_min": 0.008679755963385105,
            "source_gate_saturation_fraction": 0.375,
            "source_gate_std": 0.14657197892665863,
            "source_router_weight_rms": 0.037978239357471466
          },
          {
            "destination_gate_max": 0.015651801601052284,
            "destination_gate_mean": 0.013525545597076416,
            "destination_gate_min": 0.009857511147856712,
            "destination_gate_saturation_fraction": 1.0,
            "destination_gate_std": 0.0022181884851306677,
            "destination_router_weight_rms": 0.043724071234464645,
            "layer": 20,
            "mixer_update_to_state_rms": 2.016244616243057e-05,
            "source_gate_max": 0.07433463633060455,
            "source_gate_mean": 0.0364740714430809,
            "source_gate_min": 0.024894557893276215,
            "source_gate_saturation_fraction": 0.875,
            "source_gate_std": 0.014961631037294865,
            "source_router_weight_rms": 0.036783281713724136
          },
          {
            "destination_gate_max": 0.02406284213066101,
            "destination_gate_mean": 0.014828406274318695,
            "destination_gate_min": 0.008904301561415195,
            "destination_gate_saturation_fraction": 1.0,
            "destination_gate_std": 0.004659854341298342,
            "destination_router_weight_rms": 0.04327157139778137,
            "layer": 21,
            "mixer_update_to_state_rms": 2.4310907974722795e-05,
            "source_gate_max": 0.056185562163591385,
            "source_gate_mean": 0.03498294577002525,
            "source_gate_min": 0.014657395891845226,
            "source_gate_saturation_fraction": 0.875,
            "source_gate_std": 0.011843821033835411,
            "source_router_weight_rms": 0.036716144531965256
          },
          {
            "destination_gate_max": 0.018086079508066177,
            "destination_gate_mean": 0.013892624527215958,
            "destination_gate_min": 0.0071577648632228374,
            "destination_gate_saturation_fraction": 1.0,
            "destination_gate_std": 0.003533177077770233,
            "destination_router_weight_rms": 0.043945301324129105,
            "layer": 22,
            "mixer_update_to_state_rms": 1.563794467074331e-05,
            "source_gate_max": 0.06017683073878288,
            "source_gate_mean": 0.03512265160679817,
            "source_gate_min": 0.020915746688842773,
            "source_gate_saturation_fraction": 0.875,
            "source_gate_std": 0.010806331411004066,
            "source_router_weight_rms": 0.03715496137738228
          },
          {
            "absolute_path_cosine": 0.032052598893642426,
            "destination_gate_max": 0.10326867550611496,
            "destination_gate_mean": 0.025293758139014244,
            "destination_gate_min": 0.007632880937308073,
            "destination_gate_saturation_fraction": 0.875,
            "destination_gate_std": 0.030138546600937843,
            "destination_router_weight_rms": 0.04275910183787346,
            "layer": 23,
            "mixer_update_to_state_rms": 0.001001957105472684,
            "source_gate_max": 0.3878815174102783,
            "source_gate_mean": 0.08308660984039307,
            "source_gate_min": 0.015289440751075745,
            "source_gate_saturation_fraction": 0.625,
            "source_gate_std": 0.11820758879184723,
            "source_router_weight_rms": 0.03790203854441643
          },
          {
            "destination_gate_max": 0.01364929974079132,
            "destination_gate_mean": 0.01056862622499466,
            "destination_gate_min": 0.008776719681918621,
            "destination_gate_saturation_fraction": 1.0,
            "destination_gate_std": 0.001549247419461608,
            "destination_router_weight_rms": 0.04561007395386696,
            "layer": 24,
            "mixer_update_to_state_rms": 1.4237237337511033e-05,
            "source_gate_max": 0.033223506063222885,
            "source_gate_mean": 0.022832535207271576,
            "source_gate_min": 0.013218563981354237,
            "source_gate_saturation_fraction": 1.0,
            "source_gate_std": 0.007190378848463297,
            "source_router_weight_rms": 0.040395595133304596
          },
          {
            "destination_gate_max": 0.041781432926654816,
            "destination_gate_mean": 0.019917704164981842,
            "destination_gate_min": 0.007810982409864664,
            "destination_gate_saturation_fraction": 1.0,
            "destination_gate_std": 0.011455065570771694,
            "destination_router_weight_rms": 0.04330284893512726,
            "layer": 25,
            "mixer_update_to_state_rms": 0.00017363902588840574,
            "source_gate_max": 0.14792554080486298,
            "source_gate_mean": 0.05306156724691391,
            "source_gate_min": 0.018144430592656136,
            "source_gate_saturation_fraction": 0.75,
            "source_gate_std": 0.04735624045133591,
            "source_router_weight_rms": 0.03851054236292839
          },
          {
            "destination_gate_max": 0.02173343114554882,
            "destination_gate_mean": 0.013166947290301323,
            "destination_gate_min": 0.008090200833976269,
            "destination_gate_saturation_fraction": 1.0,
            "destination_gate_std": 0.0036926092579960823,
            "destination_router_weight_rms": 0.0458366721868515,
            "layer": 26,
            "mixer_update_to_state_rms": 1.6814919945318252e-05,
            "source_gate_max": 0.09465581923723221,
            "source_gate_mean": 0.031241662800312042,
            "source_gate_min": 0.014112607575953007,
            "source_gate_saturation_fraction": 0.875,
            "source_gate_std": 0.02448224276304245,
            "source_router_weight_rms": 0.04016858711838722
          },
          {
            "destination_gate_max": 0.01700575463473797,
            "destination_gate_mean": 0.013057324104011059,
            "destination_gate_min": 0.010841631330549717,
            "destination_gate_saturation_fraction": 1.0,
            "destination_gate_std": 0.002151546301320195,
            "destination_router_weight_rms": 0.046059850603342056,
            "layer": 27,
            "mixer_update_to_state_rms": 8.56619135447545e-06,
            "source_gate_max": 0.030809704214334488,
            "source_gate_mean": 0.020156728103756905,
            "source_gate_min": 0.014069554395973682,
            "source_gate_saturation_fraction": 1.0,
            "source_gate_std": 0.005145565140992403,
            "source_router_weight_rms": 0.04223109036684036
          },
          {
            "destination_gate_max": 0.01932183839380741,
            "destination_gate_mean": 0.013200442306697369,
            "destination_gate_min": 0.009845912456512451,
            "destination_gate_saturation_fraction": 1.0,
            "destination_gate_std": 0.0030140825547277927,
            "destination_router_weight_rms": 0.04820417985320091,
            "layer": 28,
            "mixer_update_to_state_rms": 7.0589912866125815e-06,
            "source_gate_max": 0.04054121673107147,
            "source_gate_mean": 0.02125699818134308,
            "source_gate_min": 0.0137905552983284,
            "source_gate_saturation_fraction": 1.0,
            "source_gate_std": 0.00846666656434536,
            "source_router_weight_rms": 0.043873727321624756
          },
          {
            "destination_gate_max": 0.027953892946243286,
            "destination_gate_mean": 0.020802097395062447,
            "destination_gate_min": 0.014500795863568783,
            "destination_gate_saturation_fraction": 1.0,
            "destination_gate_std": 0.004483340308070183,
            "destination_router_weight_rms": 0.049015067517757416,
            "layer": 29,
            "mixer_update_to_state_rms": 2.0870327716693282e-05,
            "source_gate_max": 0.05697450041770935,
            "source_gate_mean": 0.03616194427013397,
            "source_gate_min": 0.018488239496946335,
            "source_gate_saturation_fraction": 0.625,
            "source_gate_std": 0.0146708395332098,
            "source_router_weight_rms": 0.04353606700897217
          },
          {
            "destination_gate_max": 0.047347743064165115,
            "destination_gate_mean": 0.0390484593808651,
            "destination_gate_min": 0.030731143429875374,
            "destination_gate_saturation_fraction": 1.0,
            "destination_gate_std": 0.0051560052670538425,
            "destination_router_weight_rms": 0.04897284880280495,
            "layer": 30,
            "mixer_update_to_state_rms": 8.370329305762425e-05,
            "source_gate_max": 0.08151637762784958,
            "source_gate_mean": 0.06173020973801613,
            "source_gate_min": 0.04400191083550453,
            "source_gate_saturation_fraction": 0.25,
            "source_gate_std": 0.012682519853115082,
            "source_router_weight_rms": 0.0450114943087101
          },
          {
            "absolute_path_cosine": 0.049438539892435074,
            "destination_gate_max": 0.12495046108961105,
            "destination_gate_mean": 0.05246015638113022,
            "destination_gate_min": 0.0322108268737793,
            "destination_gate_saturation_fraction": 0.75,
            "destination_gate_std": 0.028224054723978043,
            "destination_router_weight_rms": 0.05330999568104744,
            "layer": 31,
            "mixer_update_to_state_rms": 0.00019592205353546888,
            "source_gate_max": 0.13677075505256653,
            "source_gate_mean": 0.0665607899427414,
            "source_gate_min": 0.04313712567090988,
            "source_gate_saturation_fraction": 0.25,
            "source_gate_std": 0.02800271287560463,
            "source_router_weight_rms": 0.05017542093992233
          }
        ],
        "source": {
          "maximum_layer_gate_std": 0.8928393721580505,
          "mean_gate_mean": 0.29206530860392377,
          "mean_gate_std": 0.20780157501576468,
          "mean_router_weight_rms": 0.038174348359461874,
          "mean_saturation_fraction": 0.41406822204589844
        }
      },
      "schema": "exp16-router-training-cell-v1",
      "seed": 23,
      "status": "complete",
      "steps": 77,
      "target_tokens": 10000000,
      "track": {
        "batch": 512,
        "model": "bi-decoupled-r8",
        "name": "bidec-router-1x",
        "router_lr_multiplier": 1.0
      },
      "validation": {
        "nll": 7.388189032673836,
        "position_nll": [
          7.348416873719543,
          7.397971322294325,
          7.466779604554176,
          7.469937453046441,
          7.330810158047825,
          7.298230921849608,
          7.539621576201171,
          7.614648856688291,
          7.235755588393658,
          7.378772778902203,
          7.238899595104158,
          7.431530684698373,
          7.758975717239082,
          7.5019374350085855,
          7.171467199921608,
          7.3728450569324195,
          7.177102348767221,
          7.316589145921171,
          7.611954994965345,
          7.392211087979376,
          7.478703754488379,
          7.397934321779758,
          7.45523691130802,
          7.3453229810111225,
          7.298570999410003,
          7.411735629662871,
          7.421038599219173,
          7.346115850377828,
          7.266547565814108,
          7.366021275520325,
          7.220988889224827,
          7.497714566998184,
          7.304177143611014,
          7.319306192453951,
          7.4019932434894145,
          7.3227237849496305,
          7.149515343829989,
          7.384011849295348,
          7.342297784052789,
          7.287581329699606,
          7.530168221797794,
          7.249979434069246,
          7.455752860754728,
          7.235635256860405,
          7.439440276473761,
          7.206439037807286,
          7.545083092525601,
          7.401112781371921,
          7.410425924696028,
          7.468772175721824,
          7.323284958489239,
          7.3513447172008455,
          7.3253824738785625,
          7.347291703801602,
          7.253806253429502,
          7.383116164244711,
          7.568731211125851,
          7.279587604571134,
          7.241245052777231,
          7.207615779712796,
          7.337719802279025,
          7.246871585957706,
          7.412698411382735,
          7.38704968849197,
          7.609742787666619,
          7.39199000177905,
          7.2789363488554955,
          7.487038910854608,
          7.548634524457157,
          7.376843809615821,
          6.988742928020656,
          7.3541327295824885,
          7.408518594224006,
          7.36800979450345,
          7.352135743480176,
          7.32729361904785,
          7.313732402864844,
          7.372417900245637,
          7.473419512156397,
          7.3639510669745505,
          7.417084663175046,
          7.44540798291564,
          7.394869719166309,
          7.2905847751535475,
          7.042913400102407,
          7.562552337069064,
          7.537409292999655,
          7.484939315356314,
          7.418992867693305,
          7.469272822607309,
          7.45872963545844,
          7.510679834987968,
          7.578875959385186,
          7.3862097933888435,
          7.322157377377152,
          7.26929994719103,
          7.378543166909367,
          7.38532353984192,
          7.325466415844858,
          7.334255753085017,
          7.580485717393458,
          7.365769414231181,
          6.9960702690295875,
          7.528676683083177,
          7.382243649568409,
          7.376721836160868,
          7.3416797635145485,
          7.210929354652762,
          7.306330427527428,
          7.387600339949131,
          7.144830971490592,
          7.362317148130387,
          7.120463504455984,
          7.505727461073548,
          7.376828379929066,
          7.262113218195736,
          7.523498089518398,
          7.2675845441408455,
          7.338422574102879,
          7.354368674568832,
          7.602727335412055,
          7.238241223618388,
          7.173675052821636,
          7.466560519300401,
          7.350534682162106,
          7.376261684577912,
          7.479708053637296,
          7.320471731945872,
          7.513832805678248,
          7.475215306505561,
          7.260724628344178,
          7.519074332900345,
          7.523482354357839,
          7.382328431122005,
          7.570137690752745,
          7.643338261172175,
          7.305712677538395,
          7.366210766602308,
          7.25619580084458,
          7.390182567760348,
          7.285746420733631,
          7.485496186185628,
          7.663004404865205,
          7.447864391840994,
          7.34676015842706,
          7.392451866995543,
          7.343690897803754,
          7.437526924535632,
          7.430836955551058,
          7.363313910085708,
          7.455285728443414,
          7.44821739429608,
          7.412810374982655,
          7.197234041057527,
          7.3908366141840816,
          7.270617623347789,
          7.417158639524132,
          7.405302640981972,
          7.354322494007647,
          7.45691417530179,
          7.234087714925408,
          7.2419236856512725,
          7.394173934590071,
          7.526354553177953,
          7.385584438685328,
          7.38486318802461,
          7.4368829391896725,
          7.294825337827206,
          7.469966046046466,
          7.483328370843083,
          7.302586182951927,
          7.356765168718994,
          7.286487351637334,
          7.391468857880682,
          7.527510117739439,
          7.325048370286822,
          7.453280234243721,
          7.558941558469087,
          7.43233494553715,
          7.20012530265376,
          7.336165999528021,
          7.470237229485065,
          7.355887913610786,
          7.480846300255507,
          7.572189217433333,
          7.272920828778297,
          7.292832299601287,
          7.522363044321537,
          7.65795170282945,
          7.406271473970264,
          7.440134422853589,
          7.5698400884866714,
          7.351192615926266,
          7.311687265057117,
          7.502985656261444,
          7.402283672709018,
          7.559681521728635,
          7.453244470059872,
          7.242135236505419,
          7.29547254415229,
          7.165156886447221,
          7.3606385621242225,
          7.425547000020742,
          7.493646169546992,
          7.391764517873526,
          7.544204965233803,
          7.40979958884418,
          7.135761562734842,
          7.457776879891753,
          7.420440101530403,
          7.317067061550915,
          7.538468218408525,
          7.4164624977856874,
          7.405485654249787,
          7.523407016415149,
          7.386802006978542,
          7.2847323548048735,
          7.530762015841901,
          7.248923831153661,
          7.431032782420516,
          7.461530896835029,
          7.437586687505245,
          7.44188091205433,
          7.353480147663504,
          7.387499994132668,
          7.325023964047432,
          7.6568643162027,
          7.344499355182052,
          7.4877395373769104,
          7.401435371488333,
          7.364187874365598,
          7.589866881724447,
          7.193961413111538,
          7.346357610542327,
          7.54536690749228,
          7.527451181784272,
          7.550279822200537,
          7.348187571391463,
          7.308706080075353,
          7.520550046116114,
          7.427425853908062,
          7.251878497656435,
          7.449278955347836,
          7.434065611567348,
          7.522876035422087,
          7.302444550208747,
          7.395132816862315,
          7.421039533801377,
          7.398013680242002,
          7.392707709223032,
          7.413124421145767,
          7.100929937325418,
          7.538126016966999,
          7.254558463580906,
          7.439607481006533,
          7.309660913422704
        ],
        "prediction_shift_tokens": 16,
        "tokens": 131072
      }
    },
    {
      "actual_tokens": 10092544,
      "batch": 512,
      "execution_mode": "default",
      "global_examples_per_step": 512,
      "global_tokens_per_step": 131072,
      "gradient_accumulation": 1,
      "gradient_norms": {
        "channel_factors": {
          "maximum": 0.03544795885682106,
          "mean": 0.004457247783705989,
          "median": 5.231000702043964e-11,
          "samples": 20
        },
        "ffn": {
          "maximum": 0.10785867273807526,
          "mean": 0.049287781305611136,
          "median": 0.041635578498244286,
          "samples": 20
        },
        "other": {
          "maximum": 2.7440993785858154,
          "mean": 0.3455813018605113,
          "median": 0.08439602702856064,
          "samples": 20
        },
        "router": {
          "maximum": 0.08461327850818634,
          "mean": 0.008217210577018413,
          "median": 2.1104114289460796e-10,
          "samples": 20
        },
        "token_factors": {
          "maximum": 0.029846524819731712,
          "mean": 0.0037503628597696076,
          "median": 4.681064737221963e-11,
          "samples": 20
        }
      },
      "loss_implementation": "fla-fused-linear-cross-entropy-exact",
      "model": "bi-decoupled-r8",
      "optimizer_routing": {
        "base_lr": 0.006,
        "body_parameter_names": [
          "vocabulary",
          "blocks.0.rank_amplitudes",
          "blocks.0.channel_amplitudes",
          "blocks.0.mixer_gain",
          "blocks.0.ffn_gain",
          "blocks.0.outer.raw",
          "blocks.0.workspace1.raw",
          "blocks.0.workspace2.raw",
          "blocks.0.channel1.raw",
          "blocks.0.channel2.raw",
          "blocks.0.ffn.gate_up.weight",
          "blocks.0.ffn.down.weight",
          "blocks.1.rank_amplitudes",
          "blocks.1.channel_amplitudes",
          "blocks.1.mixer_gain",
          "blocks.1.ffn_gain",
          "blocks.1.outer.raw",
          "blocks.1.workspace1.raw",
          "blocks.1.workspace2.raw",
          "blocks.1.channel1.raw",
          "blocks.1.channel2.raw",
          "blocks.1.ffn.gate_up.weight",
          "blocks.1.ffn.down.weight",
          "blocks.2.rank_amplitudes",
          "blocks.2.channel_amplitudes",
          "blocks.2.mixer_gain",
          "blocks.2.ffn_gain",
          "blocks.2.outer.raw",
          "blocks.2.workspace1.raw",
          "blocks.2.workspace2.raw",
          "blocks.2.channel1.raw",
          "blocks.2.channel2.raw",
          "blocks.2.ffn.gate_up.weight",
          "blocks.2.ffn.down.weight",
          "blocks.3.rank_amplitudes",
          "blocks.3.channel_amplitudes",
          "blocks.3.mixer_gain",
          "blocks.3.ffn_gain",
          "blocks.3.outer.raw",
          "blocks.3.workspace1.raw",
          "blocks.3.workspace2.raw",
          "blocks.3.channel1.raw",
          "blocks.3.channel2.raw",
          "blocks.3.ffn.gate_up.weight",
          "blocks.3.ffn.down.weight",
          "blocks.4.rank_amplitudes",
          "blocks.4.channel_amplitudes",
          "blocks.4.mixer_gain",
          "blocks.4.ffn_gain",
          "blocks.4.outer.raw",
          "blocks.4.workspace1.raw",
          "blocks.4.workspace2.raw",
          "blocks.4.channel1.raw",
          "blocks.4.channel2.raw",
          "blocks.4.ffn.gate_up.weight",
          "blocks.4.ffn.down.weight",
          "blocks.5.rank_amplitudes",
          "blocks.5.channel_amplitudes",
          "blocks.5.mixer_gain",
          "blocks.5.ffn_gain",
          "blocks.5.outer.raw",
          "blocks.5.workspace1.raw",
          "blocks.5.workspace2.raw",
          "blocks.5.channel1.raw",
          "blocks.5.channel2.raw",
          "blocks.5.ffn.gate_up.weight",
          "blocks.5.ffn.down.weight",
          "blocks.6.rank_amplitudes",
          "blocks.6.channel_amplitudes",
          "blocks.6.mixer_gain",
          "blocks.6.ffn_gain",
          "blocks.6.outer.raw",
          "blocks.6.workspace1.raw",
          "blocks.6.workspace2.raw",
          "blocks.6.channel1.raw",
          "blocks.6.channel2.raw",
          "blocks.6.ffn.gate_up.weight",
          "blocks.6.ffn.down.weight",
          "blocks.7.rank_amplitudes",
          "blocks.7.channel_amplitudes",
          "blocks.7.mixer_gain",
          "blocks.7.ffn_gain",
          "blocks.7.outer.raw",
          "blocks.7.workspace1.raw",
          "blocks.7.workspace2.raw",
          "blocks.7.channel1.raw",
          "blocks.7.channel2.raw",
          "blocks.7.ffn.gate_up.weight",
          "blocks.7.ffn.down.weight",
          "blocks.8.rank_amplitudes",
          "blocks.8.channel_amplitudes",
          "blocks.8.mixer_gain",
          "blocks.8.ffn_gain",
          "blocks.8.outer.raw",
          "blocks.8.workspace1.raw",
          "blocks.8.workspace2.raw",
          "blocks.8.channel1.raw",
          "blocks.8.channel2.raw",
          "blocks.8.ffn.gate_up.weight",
          "blocks.8.ffn.down.weight",
          "blocks.9.rank_amplitudes",
          "blocks.9.channel_amplitudes",
          "blocks.9.mixer_gain",
          "blocks.9.ffn_gain",
          "blocks.9.outer.raw",
          "blocks.9.workspace1.raw",
          "blocks.9.workspace2.raw",
          "blocks.9.channel1.raw",
          "blocks.9.channel2.raw",
          "blocks.9.ffn.gate_up.weight",
          "blocks.9.ffn.down.weight",
          "blocks.10.rank_amplitudes",
          "blocks.10.channel_amplitudes",
          "blocks.10.mixer_gain",
          "blocks.10.ffn_gain",
          "blocks.10.outer.raw",
          "blocks.10.workspace1.raw",
          "blocks.10.workspace2.raw",
          "blocks.10.channel1.raw",
          "blocks.10.channel2.raw",
          "blocks.10.ffn.gate_up.weight",
          "blocks.10.ffn.down.weight",
          "blocks.11.rank_amplitudes",
          "blocks.11.channel_amplitudes",
          "blocks.11.mixer_gain",
          "blocks.11.ffn_gain",
          "blocks.11.outer.raw",
          "blocks.11.workspace1.raw",
          "blocks.11.workspace2.raw",
          "blocks.11.channel1.raw",
          "blocks.11.channel2.raw",
          "blocks.11.ffn.gate_up.weight",
          "blocks.11.ffn.down.weight",
          "blocks.12.rank_amplitudes",
          "blocks.12.channel_amplitudes",
          "blocks.12.mixer_gain",
          "blocks.12.ffn_gain",
          "blocks.12.outer.raw",
          "blocks.12.workspace1.raw",
          "blocks.12.workspace2.raw",
          "blocks.12.channel1.raw",
          "blocks.12.channel2.raw",
          "blocks.12.ffn.gate_up.weight",
          "blocks.12.ffn.down.weight",
          "blocks.13.rank_amplitudes",
          "blocks.13.channel_amplitudes",
          "blocks.13.mixer_gain",
          "blocks.13.ffn_gain",
          "blocks.13.outer.raw",
          "blocks.13.workspace1.raw",
          "blocks.13.workspace2.raw",
          "blocks.13.channel1.raw",
          "blocks.13.channel2.raw",
          "blocks.13.ffn.gate_up.weight",
          "blocks.13.ffn.down.weight",
          "blocks.14.rank_amplitudes",
          "blocks.14.channel_amplitudes",
          "blocks.14.mixer_gain",
          "blocks.14.ffn_gain",
          "blocks.14.outer.raw",
          "blocks.14.workspace1.raw",
          "blocks.14.workspace2.raw",
          "blocks.14.channel1.raw",
          "blocks.14.channel2.raw",
          "blocks.14.ffn.gate_up.weight",
          "blocks.14.ffn.down.weight",
          "blocks.15.rank_amplitudes",
          "blocks.15.channel_amplitudes",
          "blocks.15.mixer_gain",
          "blocks.15.ffn_gain",
          "blocks.15.outer.raw",
          "blocks.15.workspace1.raw",
          "blocks.15.workspace2.raw",
          "blocks.15.channel1.raw",
          "blocks.15.channel2.raw",
          "blocks.15.ffn.gate_up.weight",
          "blocks.15.ffn.down.weight",
          "blocks.16.rank_amplitudes",
          "blocks.16.channel_amplitudes",
          "blocks.16.mixer_gain",
          "blocks.16.ffn_gain",
          "blocks.16.outer.raw",
          "blocks.16.workspace1.raw",
          "blocks.16.workspace2.raw",
          "blocks.16.channel1.raw",
          "blocks.16.channel2.raw",
          "blocks.16.ffn.gate_up.weight",
          "blocks.16.ffn.down.weight",
          "blocks.17.rank_amplitudes",
          "blocks.17.channel_amplitudes",
          "blocks.17.mixer_gain",
          "blocks.17.ffn_gain",
          "blocks.17.outer.raw",
          "blocks.17.workspace1.raw",
          "blocks.17.workspace2.raw",
          "blocks.17.channel1.raw",
          "blocks.17.channel2.raw",
          "blocks.17.ffn.gate_up.weight",
          "blocks.17.ffn.down.weight",
          "blocks.18.rank_amplitudes",
          "blocks.18.channel_amplitudes",
          "blocks.18.mixer_gain",
          "blocks.18.ffn_gain",
          "blocks.18.outer.raw",
          "blocks.18.workspace1.raw",
          "blocks.18.workspace2.raw",
          "blocks.18.channel1.raw",
          "blocks.18.channel2.raw",
          "blocks.18.ffn.gate_up.weight",
          "blocks.18.ffn.down.weight",
          "blocks.19.rank_amplitudes",
          "blocks.19.channel_amplitudes",
          "blocks.19.mixer_gain",
          "blocks.19.ffn_gain",
          "blocks.19.outer.raw",
          "blocks.19.workspace1.raw",
          "blocks.19.workspace2.raw",
          "blocks.19.channel1.raw",
          "blocks.19.channel2.raw",
          "blocks.19.ffn.gate_up.weight",
          "blocks.19.ffn.down.weight",
          "blocks.20.rank_amplitudes",
          "blocks.20.channel_amplitudes",
          "blocks.20.mixer_gain",
          "blocks.20.ffn_gain",
          "blocks.20.outer.raw",
          "blocks.20.workspace1.raw",
          "blocks.20.workspace2.raw",
          "blocks.20.channel1.raw",
          "blocks.20.channel2.raw",
          "blocks.20.ffn.gate_up.weight",
          "blocks.20.ffn.down.weight",
          "blocks.21.rank_amplitudes",
          "blocks.21.channel_amplitudes",
          "blocks.21.mixer_gain",
          "blocks.21.ffn_gain",
          "blocks.21.outer.raw",
          "blocks.21.workspace1.raw",
          "blocks.21.workspace2.raw",
          "blocks.21.channel1.raw",
          "blocks.21.channel2.raw",
          "blocks.21.ffn.gate_up.weight",
          "blocks.21.ffn.down.weight",
          "blocks.22.rank_amplitudes",
          "blocks.22.channel_amplitudes",
          "blocks.22.mixer_gain",
          "blocks.22.ffn_gain",
          "blocks.22.outer.raw",
          "blocks.22.workspace1.raw",
          "blocks.22.workspace2.raw",
          "blocks.22.channel1.raw",
          "blocks.22.channel2.raw",
          "blocks.22.ffn.gate_up.weight",
          "blocks.22.ffn.down.weight",
          "blocks.23.rank_amplitudes",
          "blocks.23.channel_amplitudes",
          "blocks.23.mixer_gain",
          "blocks.23.ffn_gain",
          "blocks.23.outer.raw",
          "blocks.23.workspace1.raw",
          "blocks.23.workspace2.raw",
          "blocks.23.channel1.raw",
          "blocks.23.channel2.raw",
          "blocks.23.ffn.gate_up.weight",
          "blocks.23.ffn.down.weight",
          "blocks.24.rank_amplitudes",
          "blocks.24.channel_amplitudes",
          "blocks.24.mixer_gain",
          "blocks.24.ffn_gain",
          "blocks.24.outer.raw",
          "blocks.24.workspace1.raw",
          "blocks.24.workspace2.raw",
          "blocks.24.channel1.raw",
          "blocks.24.channel2.raw",
          "blocks.24.ffn.gate_up.weight",
          "blocks.24.ffn.down.weight",
          "blocks.25.rank_amplitudes",
          "blocks.25.channel_amplitudes",
          "blocks.25.mixer_gain",
          "blocks.25.ffn_gain",
          "blocks.25.outer.raw",
          "blocks.25.workspace1.raw",
          "blocks.25.workspace2.raw",
          "blocks.25.channel1.raw",
          "blocks.25.channel2.raw",
          "blocks.25.ffn.gate_up.weight",
          "blocks.25.ffn.down.weight",
          "blocks.26.rank_amplitudes",
          "blocks.26.channel_amplitudes",
          "blocks.26.mixer_gain",
          "blocks.26.ffn_gain",
          "blocks.26.outer.raw",
          "blocks.26.workspace1.raw",
          "blocks.26.workspace2.raw",
          "blocks.26.channel1.raw",
          "blocks.26.channel2.raw",
          "blocks.26.ffn.gate_up.weight",
          "blocks.26.ffn.down.weight",
          "blocks.27.rank_amplitudes",
          "blocks.27.channel_amplitudes",
          "blocks.27.mixer_gain",
          "blocks.27.ffn_gain",
          "blocks.27.outer.raw",
          "blocks.27.workspace1.raw",
          "blocks.27.workspace2.raw",
          "blocks.27.channel1.raw",
          "blocks.27.channel2.raw",
          "blocks.27.ffn.gate_up.weight",
          "blocks.27.ffn.down.weight",
          "blocks.28.rank_amplitudes",
          "blocks.28.channel_amplitudes",
          "blocks.28.mixer_gain",
          "blocks.28.ffn_gain",
          "blocks.28.outer.raw",
          "blocks.28.workspace1.raw",
          "blocks.28.workspace2.raw",
          "blocks.28.channel1.raw",
          "blocks.28.channel2.raw",
          "blocks.28.ffn.gate_up.weight",
          "blocks.28.ffn.down.weight",
          "blocks.29.rank_amplitudes",
          "blocks.29.channel_amplitudes",
          "blocks.29.mixer_gain",
          "blocks.29.ffn_gain",
          "blocks.29.outer.raw",
          "blocks.29.workspace1.raw",
          "blocks.29.workspace2.raw",
          "blocks.29.channel1.raw",
          "blocks.29.channel2.raw",
          "blocks.29.ffn.gate_up.weight",
          "blocks.29.ffn.down.weight",
          "blocks.30.rank_amplitudes",
          "blocks.30.channel_amplitudes",
          "blocks.30.mixer_gain",
          "blocks.30.ffn_gain",
          "blocks.30.outer.raw",
          "blocks.30.workspace1.raw",
          "blocks.30.workspace2.raw",
          "blocks.30.channel1.raw",
          "blocks.30.channel2.raw",
          "blocks.30.ffn.gate_up.weight",
          "blocks.30.ffn.down.weight",
          "blocks.31.rank_amplitudes",
          "blocks.31.channel_amplitudes",
          "blocks.31.mixer_gain",
          "blocks.31.ffn_gain",
          "blocks.31.outer.raw",
          "blocks.31.workspace1.raw",
          "blocks.31.workspace2.raw",
          "blocks.31.channel1.raw",
          "blocks.31.channel2.raw",
          "blocks.31.ffn.gate_up.weight",
          "blocks.31.ffn.down.weight"
        ],
        "body_parameters": 5368384,
        "family": "adamw-router-multiplier",
        "router_lr_multiplier": 3.0,
        "router_parameter_names": [
          "blocks.0.source_router.weight",
          "blocks.0.destination_router.weight",
          "blocks.1.source_router.weight",
          "blocks.1.destination_router.weight",
          "blocks.2.source_router.weight",
          "blocks.2.destination_router.weight",
          "blocks.3.source_router.weight",
          "blocks.3.destination_router.weight",
          "blocks.4.source_router.weight",
          "blocks.4.destination_router.weight",
          "blocks.5.source_router.weight",
          "blocks.5.destination_router.weight",
          "blocks.6.source_router.weight",
          "blocks.6.destination_router.weight",
          "blocks.7.source_router.weight",
          "blocks.7.destination_router.weight",
          "blocks.8.source_router.weight",
          "blocks.8.destination_router.weight",
          "blocks.9.source_router.weight",
          "blocks.9.destination_router.weight",
          "blocks.10.source_router.weight",
          "blocks.10.destination_router.weight",
          "blocks.11.source_router.weight",
          "blocks.11.destination_router.weight",
          "blocks.12.source_router.weight",
          "blocks.12.destination_router.weight",
          "blocks.13.source_router.weight",
          "blocks.13.destination_router.weight",
          "blocks.14.source_router.weight",
          "blocks.14.destination_router.weight",
          "blocks.15.source_router.weight",
          "blocks.15.destination_router.weight",
          "blocks.16.source_router.weight",
          "blocks.16.destination_router.weight",
          "blocks.17.source_router.weight",
          "blocks.17.destination_router.weight",
          "blocks.18.source_router.weight",
          "blocks.18.destination_router.weight",
          "blocks.19.source_router.weight",
          "blocks.19.destination_router.weight",
          "blocks.20.source_router.weight",
          "blocks.20.destination_router.weight",
          "blocks.21.source_router.weight",
          "blocks.21.destination_router.weight",
          "blocks.22.source_router.weight",
          "blocks.22.destination_router.weight",
          "blocks.23.source_router.weight",
          "blocks.23.destination_router.weight",
          "blocks.24.source_router.weight",
          "blocks.24.destination_router.weight",
          "blocks.25.source_router.weight",
          "blocks.25.destination_router.weight",
          "blocks.26.source_router.weight",
          "blocks.26.destination_router.weight",
          "blocks.27.source_router.weight",
          "blocks.27.destination_router.weight",
          "blocks.28.source_router.weight",
          "blocks.28.destination_router.weight",
          "blocks.29.source_router.weight",
          "blocks.29.destination_router.weight",
          "blocks.30.source_router.weight",
          "blocks.30.destination_router.weight",
          "blocks.31.source_router.weight",
          "blocks.31.destination_router.weight"
        ],
        "router_parameters": 65536
      },
      "performance": {
        "body_lr": 0.005417929022812525,
        "clip_fraction": 0.09090909090909091,
        "global_grad_norm": 0.06872415542602539,
        "gpu_samples": 563,
        "median_gpu_utilization_percent": 60.0,
        "median_power_watts": 311.68,
        "peak_allocated_gib": 67.42245244979858,
        "peak_nvidia_memory_mib": 71270.0,
        "peak_reserved_gib": 68.861328125,
        "router_lr": 0.016253787068437574,
        "step": 77,
        "tokens_per_second": 99981.54454135225,
        "tokens_seen": 10092544,
        "train_block_nll": 7.403986930847168
      },
      "router_ablations": {
        "evaluations": {
          "both_neutral": {
            "nll": 7.388524204492569,
            "position_nll": [
              7.183893547393382,
              7.242340280674398,
              7.452907441183925,
              7.466437342576683,
              7.418263874016702,
              7.49931815546006,
              7.632857250981033,
              7.743751935660839,
              7.25345491617918,
              7.351168435998261,
              7.271290655247867,
              7.442128097638488,
              7.813909116201103,
              7.641789681278169,
              7.097101330757141,
              7.286972017027438,
              7.344634377397597,
              7.334091255441308,
              7.669681885279715,
              7.249825659208,
              7.428813493810594,
              7.264405889436603,
              7.491606374271214,
              7.167245578020811,
              7.209734412841499,
              7.55996453948319,
              7.317814746871591,
              7.25398036185652,
              7.297355503775179,
              7.4839152144268155,
              7.096997595392168,
              7.536432886496186,
              7.364334904588759,
              7.417670983821154,
              7.276261440478265,
              7.484436273574829,
              7.230243312194943,
              7.210405544377863,
              7.302156100049615,
              7.312305775471032,
              7.462045750580728,
              7.154444759711623,
              7.377454840578139,
              7.376118334010243,
              7.352887662127614,
              7.2544724103063345,
              7.632730692625046,
              7.4112691236659884,
              7.213628497906029,
              7.543744611553848,
              7.31560599245131,
              7.252798377536237,
              7.409535510465503,
              7.174290741793811,
              7.233216950669885,
              7.2730048736557364,
              7.680058251135051,
              7.215042176656425,
              7.18631905503571,
              7.278031701222062,
              7.039951604790986,
              7.265879765152931,
              7.4026759676635265,
              7.253250020556152,
              7.643723277375102,
              7.352062379010022,
              7.475851451046765,
              7.419823814183474,
              7.325505996122956,
              7.500440460629761,
              6.99842788092792,
              7.4364263992756605,
              7.309250197373331,
              7.493410141207278,
              7.3561306446790695,
              7.25339756347239,
              7.324108196422458,
              7.469585241749883,
              7.511654383502901,
              7.4375996589660645,
              7.290623402222991,
              7.333501663058996,
              7.362682096660137,
              7.375071329064667,
              7.030375553295016,
              7.630927498452365,
              7.666135238483548,
              7.517696524970233,
              7.453376931138337,
              7.5093959486112,
              7.334667023271322,
              7.556279527023435,
              7.94578533899039,
              7.22762518748641,
              7.367086790502071,
              7.322352968156338,
              7.403554928489029,
              7.64000650215894,
              7.379473228007555,
              7.179574043489993,
              7.614443710073829,
              7.303287690505385,
              7.005101913586259,
              7.7592747220769525,
              7.219749903306365,
              7.3313589580357075,
              7.30701595172286,
              7.26645686943084,
              7.391069713048637,
              7.3237588638439775,
              6.999617767520249,
              7.289663151837885,
              7.054423741064966,
              7.230563116259873,
              7.481695630587637,
              7.249520525336266,
              7.548723990097642,
              7.2469470873475075,
              7.2129712058231235,
              7.462446223944426,
              7.764913596212864,
              7.297336655668914,
              7.339609450660646,
              7.439417301677167,
              7.273368010297418,
              7.279825920239091,
              7.492148257791996,
              7.204079509712756,
              7.31541259214282,
              7.427280117757618,
              7.298705011606216,
              7.348436369560659,
              7.569329398684204,
              7.430034961551428,
              7.542141061276197,
              7.7817806834355,
              7.450240261852741,
              7.174452994950116,
              7.1235956363379955,
              7.504977812059224,
              7.282970086671412,
              7.55956497695297,
              7.634298849850893,
              7.200056739151478,
              7.379483923316002,
              7.589258449152112,
              7.414622811600566,
              7.437829977832735,
              7.398656435310841,
              7.467720518819988,
              7.442670352756977,
              7.499939505010843,
              7.543677822686732,
              7.245935080572963,
              7.290540215559304,
              7.412776688113809,
              7.295934253372252,
              7.25045761000365,
              7.330282951705158,
              7.564120948314667,
              7.130047126673162,
              7.299527660012245,
              7.560610772110522,
              7.428093148395419,
              7.406113162636757,
              7.412855550646782,
              7.484607047401369,
              7.187223419547081,
              7.570909770205617,
              7.39858615398407,
              7.015286359935999,
              7.320639700628817,
              7.343507634475827,
              7.311490938998759,
              7.5173100810498,
              7.387539914809167,
              7.577921912074089,
              7.584558603353798,
              7.549777370877564,
              7.308661229908466,
              7.497131275944412,
              7.556872277520597,
              7.555516919121146,
              7.158646158874035,
              7.738121793605387,
              7.369898149743676,
              7.484136683866382,
              7.593975051306188,
              7.623878123238683,
              7.494281420484185,
              7.4902473827824,
              7.639760703779757,
              7.223090931773186,
              7.3000110145658255,
              7.312476414255798,
              7.44589517544955,
              7.465287401340902,
              7.426798399537802,
              7.216978092677891,
              7.160033225081861,
              7.2412403319031,
              7.345175837166607,
              7.445410436950624,
              7.421359113417566,
              7.365395723842084,
              7.5142214121297,
              7.484685339964926,
              7.037301561795175,
              7.499403018504381,
              7.341261173598468,
              7.436085105873644,
              7.538919458165765,
              7.2107639061287045,
              7.475233263336122,
              7.488514598459005,
              7.355000304989517,
              7.562579607591033,
              7.614633685909212,
              7.410142948850989,
              7.515231895260513,
              7.219562154263258,
              7.533770852722228,
              7.4538666950538754,
              7.226789507083595,
              7.436271819286048,
              7.376821868121624,
              7.718268522061408,
              7.5006532529369,
              7.212048640474677,
              7.427684488706291,
              7.147230852395296,
              7.843065285123885,
              7.3088469048962,
              7.340277415700257,
              7.565133918076754,
              7.486617863178253,
              7.425480025820434,
              7.2768488777801394,
              7.515523077920079,
              7.4885641019791365,
              7.278181378729641,
              7.321613536216319,
              7.298171725124121,
              7.754107435233891,
              7.5130621660500765,
              7.291321155615151,
              7.266049159690738,
              7.422734378837049,
              7.618628597818315,
              7.323556946590543,
              7.420491108670831,
              7.029472950845957,
              7.523421915248036,
              7.173803403042257,
              7.339032603427768,
              7.244418645277619
            ],
            "prediction_shift_tokens": 16,
            "tokens": 65536
          },
          "destination_neutral": {
            "nll": 7.388520509004593,
            "position_nll": [
              7.184201918542385,
              7.242477731779218,
              7.45323103107512,
              7.466374053619802,
              7.417597373016179,
              7.499300539493561,
              7.632497503422201,
              7.7438136003911495,
              7.2534488923847675,
              7.351168374530971,
              7.271322761662304,
              7.442148903384805,
              7.813800553791225,
              7.641788664273918,
              7.097151201218367,
              7.286957838572562,
              7.34482067078352,
              7.334143188782036,
              7.669600672088563,
              7.249789229594171,
              7.428853226825595,
              7.264444720000029,
              7.491884494200349,
              7.1674432354047894,
              7.209751237183809,
              7.559880061075091,
              7.317734980024397,
              7.25398625433445,
              7.297303262166679,
              7.4839016534388065,
              7.097428224049509,
              7.536369982175529,
              7.364502277225256,
              7.417024857364595,
              7.276136500760913,
              7.484565799124539,
              7.23014432284981,
              7.210759821347892,
              7.302159149199724,
              7.312804854474962,
              7.461729972623289,
              7.154589234851301,
              7.377225481905043,
              7.3760826559737325,
              7.3528341399505734,
              7.254170256666839,
              7.632829085923731,
              7.411268813535571,
              7.213954892940819,
              7.543753552250564,
              7.315555105917156,
              7.253037227317691,
              7.409361544065177,
              7.174218071624637,
              7.233197503723204,
              7.272738755680621,
              7.6804820746183395,
              7.2152352118864655,
              7.186289611272514,
              7.277431899681687,
              7.039954346604645,
              7.266282040625811,
              7.402468183077872,
              7.25322366412729,
              7.6435858104377985,
              7.3521506283432245,
              7.475784735754132,
              7.419754700735211,
              7.325326072983444,
              7.500895689241588,
              6.998461302369833,
              7.436391957104206,
              7.309298399835825,
              7.493269040249288,
              7.3561222748830914,
              7.253563708625734,
              7.324199312366545,
              7.468186987563968,
              7.512654989026487,
              7.4378570998087525,
              7.2901428416371346,
              7.333280214108527,
              7.362852402962744,
              7.375072283670306,
              7.030076873488724,
              7.630907400511205,
              7.66638545319438,
              7.517677792347968,
              7.453017886728048,
              7.509429730474949,
              7.334646366536617,
              7.556258604861796,
              7.945795110426843,
              7.227724599651992,
              7.3670642944052815,
              7.322311079129577,
              7.403547850437462,
              7.63997087161988,
              7.379491958767176,
              7.179590042680502,
              7.614432568661869,
              7.303774893283844,
              7.0050263479352,
              7.759273122996092,
              7.219626057893038,
              7.331342983990908,
              7.307057296857238,
              7.266289950348437,
              7.391145993955433,
              7.323771871626377,
              6.9995715310797095,
              7.289496929384768,
              7.054365968331695,
              7.231057884171605,
              7.481706840917468,
              7.249542475678027,
              7.548721515573561,
              7.246733908541501,
              7.2128259390592575,
              7.462695449590683,
              7.764801112003624,
              7.297281131148338,
              7.3395823035389185,
              7.43947234377265,
              7.273384774103761,
              7.279578639194369,
              7.492266369983554,
              7.204148820601404,
              7.315811591222882,
              7.4272356713190675,
              7.298486114479601,
              7.34853813610971,
              7.569107363000512,
              7.4299273900687695,
              7.543472616001964,
              7.781583855859935,
              7.450168965384364,
              7.174439394846559,
              7.123644267208874,
              7.504232629202306,
              7.282965971156955,
              7.559693946503103,
              7.634147706441581,
              7.199794175103307,
              7.379626790061593,
              7.589257245883346,
              7.414572261273861,
              7.4377922266721725,
              7.398666958324611,
              7.467445800080895,
              7.442899312824011,
              7.499860784038901,
              7.543770240619779,
              7.246167012490332,
              7.290581577457488,
              7.413007190451026,
              7.295917601324618,
              7.2501417407765985,
              7.3306789845228195,
              7.56401920504868,
              7.130558272823691,
              7.299678692594171,
              7.560379941947758,
              7.427880018018186,
              7.4062790321186185,
              7.413532806560397,
              7.4842918664216995,
              7.187344293110073,
              7.5709056640043855,
              7.398636957630515,
              7.015266603790224,
              7.320543259382248,
              7.34375774115324,
              7.311274892650545,
              7.51732905767858,
              7.387474258430302,
              7.577953366562724,
              7.584055799990892,
              7.549747071228921,
              7.308729394339025,
              7.497153324075043,
              7.556880680844188,
              7.55570690985769,
              7.158348868601024,
              7.738301577977836,
              7.36984505970031,
              7.484146058559418,
              7.593985034152865,
              7.623947782441974,
              7.494275741279125,
              7.490440644323826,
              7.639550160616636,
              7.222989037632942,
              7.300005327910185,
              7.312266716733575,
              7.4459898406639695,
              7.465286519378424,
              7.426698244176805,
              7.21688396949321,
              7.159876641817391,
              7.241273667663336,
              7.345059865154326,
              7.4452312951907516,
              7.421385882422328,
              7.365396950393915,
              7.514411306008697,
              7.484693409875035,
              7.037302908487618,
              7.499506119638681,
              7.341094622388482,
              7.436149684712291,
              7.538861411623657,
              7.210774626582861,
              7.475003053434193,
              7.488443178124726,
              7.355289386585355,
              7.5625032326206565,
              7.614477114751935,
              7.410208024084568,
              7.515421159565449,
              7.2193805277347565,
              7.53386939689517,
              7.453895541839302,
              7.2267873445525765,
              7.436018045991659,
              7.376917492598295,
              7.718132729642093,
              7.500904934480786,
              7.211726470850408,
              7.427835232578218,
              7.1467486675828695,
              7.843526957556605,
              7.308813206851482,
              7.340233214199543,
              7.565057620406151,
              7.4866683930158615,
              7.425451776012778,
              7.276847959496081,
              7.515491297468543,
              7.488531651906669,
              7.278222411870956,
              7.321742253378034,
              7.297814614139497,
              7.754185759462416,
              7.512704806402326,
              7.2919004783034325,
              7.265992402099073,
              7.42295578122139,
              7.6182073736563325,
              7.323390320874751,
              7.4205832267180085,
              7.029528641141951,
              7.523463043384254,
              7.173703541979194,
              7.339033433236182,
              7.244307193905115
            ],
            "prediction_shift_tokens": 16,
            "tokens": 65536
          },
          "normal": {
            "nll": 7.3885204792022705,
            "position_nll": [
              7.184202006086707,
              7.2424778481945395,
              7.45323105994612,
              7.466374006122351,
              7.417597284540534,
              7.49930059723556,
              7.632497510872781,
              7.743813570588827,
              7.253448849543929,
              7.351168402470648,
              7.271322804503143,
              7.4421488381922245,
              7.813800542615354,
              7.641788685694337,
              7.0971512058749795,
              7.286957849748433,
              7.34482064563781,
              7.33414323348552,
              7.66960063111037,
              7.249789138324559,
              7.428853266872466,
              7.264444739557803,
              7.4918845212087035,
              7.167443230748177,
              7.209751336835325,
              7.559880033135414,
              7.317734998650849,
              7.253986317664385,
              7.297303220257163,
              7.483901686966419,
              7.097428371198475,
              7.536369980312884,
              7.364502468146384,
              7.41702473256737,
              7.276136576198041,
              7.484565929509699,
              7.230144156143069,
              7.210760001093149,
              7.302159258164465,
              7.312804997898638,
              7.4617298590019345,
              7.154589303769171,
              7.377225520089269,
              7.376082746312022,
              7.352834076620638,
              7.254170163534582,
              7.632829139009118,
              7.411268781870604,
              7.2139550829306245,
              7.5437535382807255,
              7.315555187873542,
              7.253037276677787,
              7.409361518919468,
              7.174218053929508,
              7.233197631314397,
              7.272738546133041,
              7.680482407100499,
              7.21523520257324,
              7.186289576813579,
              7.27743174508214,
              7.039954404346645,
              7.2662821635603905,
              7.402468087151647,
              7.253223607316613,
              7.643585659563541,
              7.352150653488934,
              7.475784711539745,
              7.419754769653082,
              7.325326039455831,
              7.500895878300071,
              6.998461195267737,
              7.436392047442496,
              7.309298503212631,
              7.49326896853745,
              7.356122222729027,
              7.253563828766346,
              7.324199302121997,
              7.4681866923347116,
              7.51265536621213,
              7.437857116572559,
              7.29014244209975,
              7.333280171267688,
              7.3628524001687765,
              7.375072334893048,
              7.030076649039984,
              7.630907435901463,
              7.666385308839381,
              7.517677768133581,
              7.453017381951213,
              7.509429793804884,
              7.334646322764456,
              7.55625859182328,
              7.945795118808746,
              7.227724641561508,
              7.367064161226153,
              7.322311025112867,
              7.4035478653386235,
              7.639970855787396,
              7.37949198577553,
              7.179590088315308,
              7.614432607777417,
              7.303774934262037,
              7.005026348866522,
              7.759273007512093,
              7.219625877216458,
              7.331342930905521,
              7.307057370431721,
              7.266289863735437,
              7.3911459455266595,
              7.323771886527538,
              6.999571543186903,
              7.2894969172775745,
              7.05436599906534,
              7.2310580015182495,
              7.481706803664565,
              7.249542471952736,
              7.5487213814631104,
              7.24673384334892,
              7.212825948372483,
              7.462695267051458,
              7.764800931327045,
              7.297281074337661,
              7.339582300744951,
              7.439472472295165,
              7.2733847526833415,
              7.279578549787402,
              7.492266430519521,
              7.204148832708597,
              7.3158118119463325,
              7.427235648967326,
              7.298486000858247,
              7.348538212478161,
              7.569107223302126,
              7.429927347227931,
              7.543473104946315,
              7.781583842821419,
              7.450168977491558,
              7.174439278431237,
              7.123644278384745,
              7.504232387058437,
              7.282965952530503,
              7.5596938803792,
              7.634147644042969,
              7.1997941536828876,
              7.379626811482012,
              7.589257283136249,
              7.414572310633957,
              7.437792242504656,
              7.398666903376579,
              7.467445744201541,
              7.442899354733527,
              7.499860838986933,
              7.543770366348326,
              7.246167081408203,
              7.290581536479294,
              7.413007155992091,
              7.295917633920908,
              7.250141690485179,
              7.330679041333497,
              7.564019137993455,
              7.130558652803302,
              7.29967874288559,
              7.560379883274436,
              7.427880048751831,
              7.406278816051781,
              7.413532896898687,
              7.484291923232377,
              7.1873441049829125,
              7.57090568728745,
              7.398636951111257,
              7.01526662427932,
              7.320543324574828,
              7.343757829628885,
              7.3112747464329,
              7.517329018563032,
              7.387474286369979,
              7.57795325294137,
              7.584055689163506,
              7.549747033044696,
              7.308729366399348,
              7.497153245843947,
              7.556880688294768,
              7.555706976912916,
              7.158348740078509,
              7.7383016301319,
              7.369845075532794,
              7.484146002680063,
              7.5939850164577365,
              7.623947781510651,
              7.494275784119964,
              7.490440637804568,
              7.639550077728927,
              7.222988988272846,
              7.300005316734314,
              7.312266690656543,
              7.445989838801324,
              7.465286551974714,
              7.426698170602322,
              7.216884016990662,
              7.159876542165875,
              7.241273695603013,
              7.3450598269701,
              7.445231257006526,
              7.42138590477407,
              7.365396983921528,
              7.514411328360438,
              7.484693439677358,
              7.037302878685296,
              7.499506317079067,
              7.341094555333257,
              7.436149691231549,
              7.538861399516463,
              7.210774706676602,
              7.475002898834646,
              7.488443149253726,
              7.355289610102773,
              7.562503131106496,
              7.614477111957967,
              7.410208025015891,
              7.515421198680997,
              7.219380376860499,
              7.533869274891913,
              7.453895526006818,
              7.226787378080189,
              7.436017950065434,
              7.376917531713843,
              7.718132670968771,
              7.500905009917915,
              7.211726339533925,
              7.427835196256638,
              7.146748553030193,
              7.843527038581669,
              7.308813192881644,
              7.340233170427382,
              7.565057541243732,
              7.4866684610024095,
              7.425451673567295,
              7.276847816072404,
              7.51549122389406,
              7.488531609065831,
              7.278222368098795,
              7.32174229901284,
              7.297814633697271,
              7.75418565236032,
              7.5127048790454865,
              7.291900726035237,
              7.265992432832718,
              7.42295612860471,
              7.618206549435854,
              7.323390264995396,
              7.420583235099912,
              7.0295287650078535,
              7.523462993092835,
              7.173703470267355,
              7.339033481664956,
              7.2443072479218245
            ],
            "prediction_shift_tokens": 16,
            "tokens": 65536
          },
          "source_neutral": {
            "nll": 7.388520538806915,
            "position_nll": [
              7.184201973490417,
              7.242477810941637,
              7.453231047838926,
              7.466374047100544,
              7.417597334831953,
              7.499300628900528,
              7.632497502490878,
              7.743813531473279,
              7.2534487675875425,
              7.351168446242809,
              7.27132276725024,
              7.442148798145354,
              7.813800556585193,
              7.641788698732853,
              7.097151172347367,
              7.286957889795303,
              7.3448206735774875,
              7.33414323348552,
              7.669600638560951,
              7.2497892286628485,
              7.428853266872466,
              7.264444671571255,
              7.4918845957145095,
              7.167443259619176,
              7.209751305170357,
              7.559880133718252,
              7.317735031247139,
              7.253986256197095,
              7.297303199768066,
              7.483901770785451,
              7.097428227774799,
              7.536369936540723,
              7.364502400159836,
              7.41702473629266,
              7.2761365519836545,
              7.484565964899957,
              7.230144185014069,
              7.210760034620762,
              7.302159244194627,
              7.312804933637381,
              7.461729884147644,
              7.154589298181236,
              7.377225561067462,
              7.376082666218281,
              7.352834054268897,
              7.254170239903033,
              7.6328291622921824,
              7.411268797703087,
              7.2139550456777215,
              7.543753567151725,
              7.315555203706026,
              7.253037250600755,
              7.409361545927823,
              7.17421804741025,
              7.2331976452842355,
              7.272738595493138,
              7.680482305586338,
              7.215235189534724,
              7.18628952652216,
              7.27743187174201,
              7.03995443508029,
              7.266282216645777,
              7.402468177489936,
              7.253223746083677,
              7.643585814163089,
              7.352150684222579,
              7.475784718059003,
              7.41975481249392,
              7.325326012447476,
              7.5008959248661995,
              6.998461307026446,
              7.436392029747367,
              7.3092983001843095,
              7.493268985301256,
              7.3561223186552525,
              7.2535637225955725,
              7.324199297465384,
              7.468186864629388,
              7.512655224651098,
              7.4378570625558496,
              7.290142743848264,
              7.33328013215214,
              7.36285241227597,
              7.375072255730629,
              7.030076766386628,
              7.630907526239753,
              7.666385356336832,
              7.517677831463516,
              7.45301763061434,
              7.509429792873561,
              7.334646331146359,
              7.556258673779666,
              7.945795110426843,
              7.227724680677056,
              7.367064104415476,
              7.3223111014813185,
              7.403547870926559,
              7.639970819465816,
              7.379491974599659,
              7.179590079002082,
              7.614432624541223,
              7.303774894215167,
              7.005026294849813,
              7.759273011237383,
              7.219626006670296,
              7.3313429625704885,
              7.307057298719883,
              7.26628986094147,
              7.391145954839885,
              7.323771874420345,
              6.999571559019387,
              7.289496895857155,
              7.054365999996662,
              7.231057981029153,
              7.48170676920563,
              7.249542431905866,
              7.548721383325756,
              7.2467339197173715,
              7.212825869210064,
              7.462695368565619,
              7.764801039360464,
              7.297281049191952,
              7.339582247659564,
              7.439472451806068,
              7.273384763859212,
              7.279578519053757,
              7.4922665087506175,
              7.2041488057002425,
              7.3158118315041065,
              7.4272357150912285,
              7.298486004583538,
              7.348538154736161,
              7.56910733319819,
              7.429927250370383,
              7.543472973629832,
              7.781583986245096,
              7.4501691069453955,
              7.174439284950495,
              7.123644354753196,
              7.504232565872371,
              7.282965898513794,
              7.559693898074329,
              7.634147736243904,
              7.199794159270823,
              7.379626787267625,
              7.5892572635784745,
              7.414572251029313,
              7.4377922574058175,
              7.398666862398386,
              7.467445793561637,
              7.442899367772043,
              7.499860851094127,
              7.543770302087069,
              7.246167046949267,
              7.290581485256553,
              7.41300714854151,
              7.295917550101876,
              7.250141609460115,
              7.330678981728852,
              7.564019167795777,
              7.130558520555496,
              7.299678701907396,
              7.5603799354285,
              7.427880038507283,
              7.406278950162232,
              7.413532899692655,
              7.4842919474467635,
              7.187344345264137,
              7.570905717089772,
              7.398636962287128,
              7.015266545116901,
              7.320543386973441,
              7.343757877126336,
              7.311274814419448,
              7.517329087480903,
              7.387474291026592,
              7.577953185886145,
              7.584055678918958,
              7.549747049808502,
              7.3087293384596705,
              7.497153205797076,
              7.556880716234446,
              7.555706959217787,
              7.158348798751831,
              7.738301699049771,
              7.369845029897988,
              7.484145909547806,
              7.593984981067479,
              7.623947765678167,
              7.494275888428092,
              7.4904406638816,
              7.639550162479281,
              7.222988968715072,
              7.300005368888378,
              7.312266735360026,
              7.445989845320582,
              7.465286520309746,
              7.426698254421353,
              7.21688396949321,
              7.159876531921327,
              7.2412737011909485,
              7.345059874467552,
              7.4452312765643,
              7.421385897323489,
              7.365396971814334,
              7.514411345124245,
              7.484693429432809,
              7.037302903831005,
              7.499506245367229,
              7.34109453111887,
              7.436149651184678,
              7.53886144887656,
              7.210774648934603,
              7.475002929568291,
              7.48844323400408,
              7.355289529077709,
              7.56250321585685,
              7.6144770896062255,
              7.410208072513342,
              7.515421163290739,
              7.219380454160273,
              7.533869446255267,
              7.453895492479205,
              7.226787431165576,
              7.436017932370305,
              7.376917528919876,
              7.718132755719125,
              7.500904998742044,
              7.2117263320833445,
              7.427835194393992,
              7.146748647093773,
              7.843527002260089,
              7.308813312090933,
              7.340233123861253,
              7.565057583153248,
              7.48666852619499,
              7.425451714545488,
              7.276847776025534,
              7.5154912965372205,
              7.488531723618507,
              7.278222403489053,
              7.321742307394743,
              7.297814616002142,
              7.754185641184449,
              7.5127048920840025,
              7.291900658980012,
              7.265992484986782,
              7.42295597307384,
              7.618206814862788,
              7.323390258476138,
              7.420583242550492,
              7.029528700746596,
              7.523463062942028,
              7.173703506588936,
              7.3390334928408265,
              7.24430724978447
            ],
            "prediction_shift_tokens": 16,
            "tokens": 65536
          }
        },
        "neutral_minus_normal_nll": {
          "both_neutral": 3.725290298461914e-06,
          "destination_neutral": 2.9802322387695312e-08,
          "source_neutral": 5.960464477539063e-08
        }
      },
      "router_telemetry": {
        "destination": {
          "maximum_layer_gate_std": 0.8542239665985107,
          "mean_gate_mean": 0.04017142518402661,
          "mean_gate_std": 0.050508849969961744,
          "mean_router_weight_rms": 0.12004029774107039,
          "mean_saturation_fraction": 0.9646453857421875
        },
        "mean_absolute_path_cosine": 0.038850685209035875,
        "mean_mixer_update_to_state_rms": 0.22597254388025415,
        "per_layer": [
          {
            "absolute_path_cosine": 0.03353690728545189,
            "destination_gate_max": 1.994314432144165,
            "destination_gate_mean": 0.7421939969062805,
            "destination_gate_min": 0.0006678029894828796,
            "destination_gate_saturation_fraction": 0.22991943359375,
            "destination_gate_std": 0.6677985787391663,
            "destination_router_weight_rms": 0.10940989851951599,
            "layer": 0,
            "mixer_update_to_state_rms": 6.651695728302002,
            "source_gate_max": 2.0,
            "source_gate_mean": 1.5250113010406494,
            "source_gate_min": 3.837361006731044e-08,
            "source_gate_saturation_fraction": 0.79931640625,
            "source_gate_std": 0.7844786047935486,
            "source_router_weight_rms": 0.1946946382522583
          },
          {
            "destination_gate_max": 0.14179906249046326,
            "destination_gate_mean": 0.011720608919858932,
            "destination_gate_min": 0.0003508934169076383,
            "destination_gate_saturation_fraction": 0.945068359375,
            "destination_gate_std": 0.015337337739765644,
            "destination_router_weight_rms": 0.0873354971408844,
            "layer": 1,
            "mixer_update_to_state_rms": 0.0014969944022595882,
            "source_gate_max": 1.9512416124343872,
            "source_gate_mean": 0.5015709400177002,
            "source_gate_min": 0.001455335645005107,
            "source_gate_saturation_fraction": 0.18438720703125,
            "source_gate_std": 0.5769551992416382,
            "source_router_weight_rms": 0.09795289486646652
          },
          {
            "destination_gate_max": 0.0847172960639,
            "destination_gate_mean": 0.013418197631835938,
            "destination_gate_min": 4.814714702661149e-05,
            "destination_gate_saturation_fraction": 0.94366455078125,
            "destination_gate_std": 0.018125269562005997,
            "destination_router_weight_rms": 0.09458809345960617,
            "layer": 2,
            "mixer_update_to_state_rms": 0.0015783754643052816,
            "source_gate_max": 1.9755885601043701,
            "source_gate_mean": 0.4731583893299103,
            "source_gate_min": 0.0002812650054693222,
            "source_gate_saturation_fraction": 0.4837646484375,
            "source_gate_std": 0.6753583550453186,
            "source_router_weight_rms": 0.09851191192865372
          },
          {
            "destination_gate_max": 0.012437091208994389,
            "destination_gate_mean": 0.002075245836749673,
            "destination_gate_min": 0.00011616769916145131,
            "destination_gate_saturation_fraction": 1.0,
            "destination_gate_std": 0.0029177621472626925,
            "destination_router_weight_rms": 0.09336112439632416,
            "layer": 3,
            "mixer_update_to_state_rms": 2.143839083146304e-05,
            "source_gate_max": 0.20330792665481567,
            "source_gate_mean": 0.06771863996982574,
            "source_gate_min": 0.00895118247717619,
            "source_gate_saturation_fraction": 0.546630859375,
            "source_gate_std": 0.056036751717329025,
            "source_router_weight_rms": 0.09321504086256027
          },
          {
            "destination_gate_max": 0.09209597110748291,
            "destination_gate_mean": 0.00946864578872919,
            "destination_gate_min": 3.624041346483864e-05,
            "destination_gate_saturation_fraction": 0.875,
            "destination_gate_std": 0.024963244795799255,
            "destination_router_weight_rms": 0.09904799610376358,
            "layer": 4,
            "mixer_update_to_state_rms": 0.0018946218769997358,
            "source_gate_max": 1.9510003328323364,
            "source_gate_mean": 0.3825221657752991,
            "source_gate_min": 0.003640426555648446,
            "source_gate_saturation_fraction": 0.26544189453125,
            "source_gate_std": 0.6037261486053467,
            "source_router_weight_rms": 0.09770066291093826
          },
          {
            "destination_gate_max": 0.0022755523677915335,
            "destination_gate_mean": 0.0003676164196804166,
            "destination_gate_min": 2.405349732725881e-05,
            "destination_gate_saturation_fraction": 1.0,
            "destination_gate_std": 0.000631348171737045,
            "destination_router_weight_rms": 0.10229477286338806,
            "layer": 5,
            "mixer_update_to_state_rms": 5.6230364862130955e-05,
            "source_gate_max": 1.0819605588912964,
            "source_gate_mean": 0.2600516974925995,
            "source_gate_min": 0.0009389002807438374,
            "source_gate_saturation_fraction": 0.5,
            "source_gate_std": 0.3442825973033905,
            "source_router_weight_rms": 0.08850458264350891
          },
          {
            "destination_gate_max": 0.0005660176975652575,
            "destination_gate_mean": 0.0001493016752647236,
            "destination_gate_min": 2.3456452254322357e-05,
            "destination_gate_saturation_fraction": 1.0,
            "destination_gate_std": 0.00016350204532500356,
            "destination_router_weight_rms": 0.09904502332210541,
            "layer": 6,
            "mixer_update_to_state_rms": 2.1303060293575982e-07,
            "source_gate_max": 0.015401259064674377,
            "source_gate_mean": 0.0058032432571053505,
            "source_gate_min": 0.0011673677945509553,
            "source_gate_saturation_fraction": 1.0,
            "source_gate_std": 0.00523435790091753,
            "source_router_weight_rms": 0.08560115098953247
          },
          {
            "absolute_path_cosine": 0.03877986967563629,
            "destination_gate_max": 0.005359661299735308,
            "destination_gate_mean": 0.0009198168409056962,
            "destination_gate_min": 2.939897285614279e-06,
            "destination_gate_saturation_fraction": 1.0,
            "destination_gate_std": 0.0017859905492514372,
            "destination_router_weight_rms": 0.11139056086540222,
            "layer": 7,
            "mixer_update_to_state_rms": 0.0004064427630510181,
            "source_gate_max": 1.970603108406067,
            "source_gate_mean": 0.2513984143733978,
            "source_gate_min": 0.00011362659279257059,
            "source_gate_saturation_fraction": 1.0,
            "source_gate_std": 0.6498309969902039,
            "source_router_weight_rms": 0.09817500412464142
          },
          {
            "destination_gate_max": 0.0004991294117644429,
            "destination_gate_mean": 0.0001428255345672369,
            "destination_gate_min": 3.0653877729491796e-06,
            "destination_gate_saturation_fraction": 1.0,
            "destination_gate_std": 0.00017550282063893974,
            "destination_router_weight_rms": 0.10578351467847824,
            "layer": 8,
            "mixer_update_to_state_rms": 1.7967488474823767e-07,
            "source_gate_max": 0.01214169804006815,
            "source_gate_mean": 0.005752256605774164,
            "source_gate_min": 0.0002173268294427544,
            "source_gate_saturation_fraction": 1.0,
            "source_gate_std": 0.004074829630553722,
            "source_router_weight_rms": 0.09416653215885162
          },
          {
            "destination_gate_max": 0.00027963321190327406,
            "destination_gate_mean": 4.207572783343494e-05,
            "destination_gate_min": 4.573415708364337e-07,
            "destination_gate_saturation_fraction": 1.0,
            "destination_gate_std": 9.005370520753786e-05,
            "destination_router_weight_rms": 0.11488807201385498,
            "layer": 9,
            "mixer_update_to_state_rms": 2.918581998301306e-08,
            "source_gate_max": 0.004693937487900257,
            "source_gate_mean": 0.0012327150907367468,
            "source_gate_min": 2.896584919653833e-05,
            "source_gate_saturation_fraction": 1.0,
            "source_gate_std": 0.0016365207266062498,
            "source_router_weight_rms": 0.09516837447881699
          },
          {
            "destination_gate_max": 4.3920510506723076e-05,
            "destination_gate_mean": 8.780615644354839e-06,
            "destination_gate_min": 6.27647523288033e-07,
            "destination_gate_saturation_fraction": 1.0,
            "destination_gate_std": 1.3555980331148021e-05,
            "destination_router_weight_rms": 0.11860128492116928,
            "layer": 10,
            "mixer_update_to_state_rms": 1.5055706681366132e-10,
            "source_gate_max": 0.0003171493299305439,
            "source_gate_mean": 0.00018143089255318046,
            "source_gate_min": 1.5419958799611777e-05,
            "source_gate_saturation_fraction": 1.0,
            "source_gate_std": 0.00011980244744336233,
            "source_router_weight_rms": 0.1016247421503067
          },
          {
            "destination_gate_max": 0.042457886040210724,
            "destination_gate_mean": 0.005314397159963846,
            "destination_gate_min": 8.746793582758983e-07,
            "destination_gate_saturation_fraction": 1.0,
            "destination_gate_std": 0.014038793742656708,
            "destination_router_weight_rms": 0.1137348860502243,
            "layer": 11,
            "mixer_update_to_state_rms": 0.005972282495349646,
            "source_gate_max": 1.9995943307876587,
            "source_gate_mean": 0.2506193518638611,
            "source_gate_min": 2.5882191039272584e-05,
            "source_gate_saturation_fraction": 1.0,
            "source_gate_std": 0.6610708832740784,
            "source_router_weight_rms": 0.10350079834461212
          },
          {
            "destination_gate_max": 1.9986436367034912,
            "destination_gate_mean": 0.49346494674682617,
            "destination_gate_min": 7.994949555722997e-07,
            "destination_gate_saturation_fraction": 0.875,
            "destination_gate_std": 0.8542239665985107,
            "destination_router_weight_rms": 0.11261988431215286,
            "layer": 12,
            "mixer_update_to_state_rms": 0.5631637573242188,
            "source_gate_max": 1.9999041557312012,
            "source_gate_mean": 0.7023911476135254,
            "source_gate_min": 3.1514351576333866e-05,
            "source_gate_saturation_fraction": 0.875,
            "source_gate_std": 0.9125561118125916,
            "source_router_weight_rms": 0.11434940248727798
          },
          {
            "destination_gate_max": 7.769238436594605e-06,
            "destination_gate_mean": 1.8976256797031965e-06,
            "destination_gate_min": 4.0766590814200754e-07,
            "destination_gate_saturation_fraction": 1.0,
            "destination_gate_std": 1.6231558674917324e-06,
            "destination_router_weight_rms": 0.12328851222991943,
            "layer": 13,
            "mixer_update_to_state_rms": 2.0517290991173276e-11,
            "source_gate_max": 0.00044881089706905186,
            "source_gate_mean": 8.428840374108404e-05,
            "source_gate_min": 4.11400651501026e-06,
            "source_gate_saturation_fraction": 1.0,
            "source_gate_std": 9.981465700548142e-05,
            "source_router_weight_rms": 0.10417778789997101
          },
          {
            "destination_gate_max": 6.538570596603677e-05,
            "destination_gate_mean": 8.900393368094228e-06,
            "destination_gate_min": 1.0747663026222654e-07,
            "destination_gate_saturation_fraction": 1.0,
            "destination_gate_std": 2.0137758838245645e-05,
            "destination_router_weight_rms": 0.12221132218837738,
            "layer": 14,
            "mixer_update_to_state_rms": 1.4297096839754886e-08,
            "source_gate_max": 0.014473238959908485,
            "source_gate_mean": 0.0018167090602219105,
            "source_gate_min": 1.5584662378387293e-06,
            "source_gate_saturation_fraction": 1.0,
            "source_gate_std": 0.00466568348929286,
            "source_router_weight_rms": 0.10525242239236832
          },
          {
            "absolute_path_cosine": 0.04192456975579262,
            "destination_gate_max": 7.0120127020345535e-06,
            "destination_gate_mean": 2.17998740481562e-06,
            "destination_gate_min": 1.1530097054901489e-07,
            "destination_gate_saturation_fraction": 1.0,
            "destination_gate_std": 2.1682244550902396e-06,
            "destination_router_weight_rms": 0.12404504418373108,
            "layer": 15,
            "mixer_update_to_state_rms": 3.443561061300393e-11,
            "source_gate_max": 0.0003796233795583248,
            "source_gate_mean": 0.00012544504716061056,
            "source_gate_min": 1.2149252142990008e-05,
            "source_gate_saturation_fraction": 1.0,
            "source_gate_std": 0.00013197114458307624,
            "source_router_weight_rms": 0.10160481184720993
          },
          {
            "destination_gate_max": 1.587636324984487e-05,
            "destination_gate_mean": 2.9970549348945497e-06,
            "destination_gate_min": 2.6108736506103014e-07,
            "destination_gate_saturation_fraction": 1.0,
            "destination_gate_std": 4.892508968623588e-06,
            "destination_router_weight_rms": 0.12495487928390503,
            "layer": 16,
            "mixer_update_to_state_rms": 4.229082015139163e-11,
            "source_gate_max": 0.0010328339412808418,
            "source_gate_mean": 0.00016643393610138446,
            "source_gate_min": 4.259574325260473e-06,
            "source_gate_saturation_fraction": 1.0,
            "source_gate_std": 0.0003347366291563958,
            "source_router_weight_rms": 0.11107099801301956
          },
          {
            "destination_gate_max": 0.047832924872636795,
            "destination_gate_mean": 0.005979723762720823,
            "destination_gate_min": 1.9460945566152077e-07,
            "destination_gate_saturation_fraction": 1.0,
            "destination_gate_std": 0.015819314867258072,
            "destination_router_weight_rms": 0.12690690159797668,
            "layer": 17,
            "mixer_update_to_state_rms": 0.004835085943341255,
            "source_gate_max": 1.964634656906128,
            "source_gate_mean": 0.24565835297107697,
            "source_gate_min": 1.1950785392400576e-06,
            "source_gate_saturation_fraction": 1.0,
            "source_gate_std": 0.649731457233429,
            "source_router_weight_rms": 0.11987031251192093
          },
          {
            "destination_gate_max": 1.820299803512171e-05,
            "destination_gate_mean": 3.3793735383369494e-06,
            "destination_gate_min": 3.1821804213905125e-07,
            "destination_gate_saturation_fraction": 1.0,
            "destination_gate_std": 5.646424597216537e-06,
            "destination_router_weight_rms": 0.1251450479030609,
            "layer": 18,
            "mixer_update_to_state_rms": 8.99973928714104e-10,
            "source_gate_max": 0.0025082069914788008,
            "source_gate_mean": 0.00040515774162486196,
            "source_gate_min": 1.2765367500833236e-06,
            "source_gate_saturation_fraction": 1.0,
            "source_gate_std": 0.0008155968389473855,
            "source_router_weight_rms": 0.11223647743463516
          },
          {
            "destination_gate_max": 6.380598733812803e-06,
            "destination_gate_mean": 1.983084985113237e-06,
            "destination_gate_min": 1.5684653931202774e-07,
            "destination_gate_saturation_fraction": 1.0,
            "destination_gate_std": 2.281470870002522e-06,
            "destination_router_weight_rms": 0.12826906144618988,
            "layer": 19,
            "mixer_update_to_state_rms": 6.566666099772078e-10,
            "source_gate_max": 0.0032845474779605865,
            "source_gate_mean": 0.0005036086076870561,
            "source_gate_min": 4.2662071564336657e-07,
            "source_gate_saturation_fraction": 1.0,
            "source_gate_std": 0.0010616056388244033,
            "source_router_weight_rms": 0.11302611231803894
          },
          {
            "destination_gate_max": 1.4553182836607448e-06,
            "destination_gate_mean": 8.487374998367159e-07,
            "destination_gate_min": 2.6175126777161495e-07,
            "destination_gate_saturation_fraction": 1.0,
            "destination_gate_std": 4.0047248717201e-07,
            "destination_router_weight_rms": 0.1286536604166031,
            "layer": 20,
            "mixer_update_to_state_rms": 1.031182409426401e-12,
            "source_gate_max": 0.00012301758397370577,
            "source_gate_mean": 2.7829646569443867e-05,
            "source_gate_min": 6.560727342730388e-06,
            "source_gate_saturation_fraction": 1.0,
            "source_gate_std": 3.6825276765739545e-05,
            "source_router_weight_rms": 0.10770724713802338
          },
          {
            "destination_gate_max": 2.44099692281452e-06,
            "destination_gate_mean": 9.839930044108769e-07,
            "destination_gate_min": 1.548507810866795e-07,
            "destination_gate_saturation_fraction": 1.0,
            "destination_gate_std": 7.36556728497817e-07,
            "destination_router_weight_rms": 0.12946291267871857,
            "layer": 21,
            "mixer_update_to_state_rms": 7.885792171168082e-13,
            "source_gate_max": 4.450301639735699e-05,
            "source_gate_mean": 1.76402427314315e-05,
            "source_gate_min": 8.041971000238846e-07,
            "source_gate_saturation_fraction": 1.0,
            "source_gate_std": 1.2580064321809914e-05,
            "source_router_weight_rms": 0.10959721356630325
          },
          {
            "destination_gate_max": 2.552978003222961e-06,
            "destination_gate_mean": 9.45787633099826e-07,
            "destination_gate_min": 2.1510427927751152e-07,
            "destination_gate_saturation_fraction": 1.0,
            "destination_gate_std": 8.326097145072708e-07,
            "destination_router_weight_rms": 0.13034480810165405,
            "layer": 22,
            "mixer_update_to_state_rms": 3.068642128595256e-12,
            "source_gate_max": 0.0001370569079881534,
            "source_gate_mean": 2.849238990165759e-05,
            "source_gate_min": 4.397311386128422e-06,
            "source_gate_saturation_fraction": 1.0,
            "source_gate_std": 4.1356888687005267e-05,
            "source_router_weight_rms": 0.10899227112531662
          },
          {
            "absolute_path_cosine": 0.0313618928194046,
            "destination_gate_max": 4.727480700239539e-05,
            "destination_gate_mean": 6.52690687275026e-06,
            "destination_gate_min": 1.2815318939374265e-07,
            "destination_gate_saturation_fraction": 1.0,
            "destination_gate_std": 1.54121225932613e-05,
            "destination_router_weight_rms": 0.12950265407562256,
            "layer": 23,
            "mixer_update_to_state_rms": 3.8349270425896975e-09,
            "source_gate_max": 0.0037816555704921484,
            "source_gate_mean": 0.0004973852192051709,
            "source_gate_min": 1.1669326340779662e-06,
            "source_gate_saturation_fraction": 1.0,
            "source_gate_std": 0.0012417810503393412,
            "source_router_weight_rms": 0.11399887502193451
          },
          {
            "destination_gate_max": 1.0401595318398904e-06,
            "destination_gate_mean": 3.9167920817817503e-07,
            "destination_gate_min": 1.1566726954015394e-07,
            "destination_gate_saturation_fraction": 1.0,
            "destination_gate_std": 2.7999371354781033e-07,
            "destination_router_weight_rms": 0.13624756038188934,
            "layer": 24,
            "mixer_update_to_state_rms": 2.7540572903814176e-13,
            "source_gate_max": 1.8674283637665212e-05,
            "source_gate_mean": 5.599987161986064e-06,
            "source_gate_min": 7.233588803501334e-07,
            "source_gate_saturation_fraction": 1.0,
            "source_gate_std": 5.712599886464886e-06,
            "source_router_weight_rms": 0.11983571946620941
          },
          {
            "destination_gate_max": 7.3145306487276684e-06,
            "destination_gate_mean": 2.3303473426494747e-06,
            "destination_gate_min": 1.794471984339907e-07,
            "destination_gate_saturation_fraction": 1.0,
            "destination_gate_std": 2.304035206179833e-06,
            "destination_router_weight_rms": 0.12878042459487915,
            "layer": 25,
            "mixer_update_to_state_rms": 4.946346457423978e-11,
            "source_gate_max": 0.000504714495036751,
            "source_gate_mean": 8.65870388224721e-05,
            "source_gate_min": 2.316279278602451e-06,
            "source_gate_saturation_fraction": 1.0,
            "source_gate_std": 0.00016182460240088403,
            "source_router_weight_rms": 0.11305738985538483
          },
          {
            "destination_gate_max": 3.4463432712072972e-06,
            "destination_gate_mean": 9.503892215434462e-07,
            "destination_gate_min": 1.9266639128545648e-07,
            "destination_gate_saturation_fraction": 1.0,
            "destination_gate_std": 1.0229625786450924e-06,
            "destination_router_weight_rms": 0.13709089159965515,
            "layer": 26,
            "mixer_update_to_state_rms": 1.1035155428329446e-11,
            "source_gate_max": 0.0004405199724715203,
            "source_gate_mean": 5.93580880376976e-05,
            "source_gate_min": 1.220834974446916e-06,
            "source_gate_saturation_fraction": 1.0,
            "source_gate_std": 0.00014413103053811938,
            "source_router_weight_rms": 0.1193070113658905
          },
          {
            "destination_gate_max": 3.284208105469588e-06,
            "destination_gate_mean": 1.3991871128382627e-06,
            "destination_gate_min": 3.6820131299464265e-07,
            "destination_gate_saturation_fraction": 1.0,
            "destination_gate_std": 9.575970807418344e-07,
            "destination_router_weight_rms": 0.13277557492256165,
            "layer": 27,
            "mixer_update_to_state_rms": 3.9109291976799354e-13,
            "source_gate_max": 1.0602546353766229e-05,
            "source_gate_mean": 5.713432074117009e-06,
            "source_gate_min": 1.3005353594053304e-06,
            "source_gate_saturation_fraction": 1.0,
            "source_gate_std": 3.0461658298008842e-06,
            "source_router_weight_rms": 0.12039835751056671
          },
          {
            "destination_gate_max": 5.052456799603533e-06,
            "destination_gate_mean": 1.6186476159418817e-06,
            "destination_gate_min": 3.918312927453371e-07,
            "destination_gate_saturation_fraction": 1.0,
            "destination_gate_std": 1.3724275049753487e-06,
            "destination_router_weight_rms": 0.13831178843975067,
            "layer": 28,
            "mixer_update_to_state_rms": 1.3026515630065738e-12,
            "source_gate_max": 5.375082037062384e-05,
            "source_gate_mean": 1.1205454939045012e-05,
            "source_gate_min": 1.6018931319194962e-06,
            "source_gate_saturation_fraction": 1.0,
            "source_gate_std": 1.6367532225558534e-05,
            "source_router_weight_rms": 0.12419329583644867
          },
          {
            "destination_gate_max": 1.7579150153324008e-05,
            "destination_gate_mean": 8.832796083879657e-06,
            "destination_gate_min": 4.098209956282517e-06,
            "destination_gate_saturation_fraction": 1.0,
            "destination_gate_std": 4.299587544664973e-06,
            "destination_router_weight_rms": 0.13853906095027924,
            "layer": 29,
            "mixer_update_to_state_rms": 6.213000253163514e-11,
            "source_gate_max": 0.00029677795828320086,
            "source_gate_mean": 8.677199366502464e-05,
            "source_gate_min": 8.90710452949861e-06,
            "source_gate_saturation_fraction": 1.0,
            "source_gate_std": 9.957495785783976e-05,
            "source_router_weight_rms": 0.12120813876390457
          },
          {
            "destination_gate_max": 7.627427112311125e-05,
            "destination_gate_mean": 4.6199715143302456e-05,
            "destination_gate_min": 2.5009519958985038e-05,
            "destination_gate_saturation_fraction": 1.0,
            "destination_gate_std": 1.7487440345576033e-05,
            "destination_router_weight_rms": 0.13381540775299072,
            "layer": 30,
            "mixer_update_to_state_rms": 4.6347015114633905e-10,
            "source_gate_max": 0.0004026701208204031,
            "source_gate_mean": 0.0002480745024513453,
            "source_gate_min": 7.511112198699266e-05,
            "source_gate_saturation_fraction": 1.0,
            "source_gate_std": 0.00011931522021768615,
            "source_router_weight_rms": 0.1209375187754631
          },
          {
            "absolute_path_cosine": 0.04865018650889397,
            "destination_gate_max": 0.0004309962969273329,
            "destination_gate_mean": 0.00012706061534117907,
            "destination_gate_min": 5.481150219566189e-05,
            "destination_gate_saturation_fraction": 1.0,
            "destination_gate_std": 0.00011712222476489842,
            "destination_router_weight_rms": 0.14084340631961823,
            "layer": 31,
            "mixer_update_to_state_rms": 4.420182442288478e-09,
            "source_gate_max": 0.0008396159391850233,
            "source_gate_mean": 0.00033224475919269025,
            "source_gate_min": 0.0001695610990282148,
            "source_gate_saturation_fraction": 1.0,
            "source_gate_std": 0.00020754682191181928,
            "source_router_weight_rms": 0.12872420251369476
          }
        ],
        "source": {
          "maximum_layer_gate_std": 0.9125561118125916,
          "mean_gate_mean": 0.14617433099516575,
          "mean_gate_std": 0.1854466277290996,
          "mean_router_weight_rms": 0.1105738093610853,
          "mean_saturation_fraction": 0.8954544067382812
        }
      },
      "schema": "exp16-router-training-cell-v1",
      "seed": 23,
      "status": "complete",
      "steps": 77,
      "target_tokens": 10000000,
      "track": {
        "batch": 512,
        "model": "bi-decoupled-r8",
        "name": "bidec-router-3x",
        "router_lr_multiplier": 3.0
      },
      "validation": {
        "nll": 7.388514950871468,
        "position_nll": [
          7.3496412062086165,
          7.397589096799493,
          7.466691519133747,
          7.4697609054856,
          7.33163585793227,
          7.298396582715213,
          7.538152862340212,
          7.613370043691248,
          7.236037004273385,
          7.379062972497195,
          7.23915801756084,
          7.430572776123881,
          7.757891357410699,
          7.50348460720852,
          7.171694173011929,
          7.373361072968692,
          7.176530635915697,
          7.315162442624569,
          7.611905126366764,
          7.393463948741555,
          7.479113641194999,
          7.4003530368208885,
          7.4560832544229925,
          7.345868663396686,
          7.2986143925227225,
          7.411488811485469,
          7.421506341546774,
          7.345255822408944,
          7.267042124178261,
          7.3670530170202255,
          7.2219450529664755,
          7.496791957877576,
          7.304147561080754,
          7.320029069203883,
          7.401354517787695,
          7.322137196082622,
          7.150231483392417,
          7.3830194366164505,
          7.341438363306224,
          7.287276074755937,
          7.529362007975578,
          7.25032628653571,
          7.457414947450161,
          7.236647458747029,
          7.439946063794196,
          7.206449578050524,
          7.545628024730831,
          7.400026243645698,
          7.410241076722741,
          7.469498690217733,
          7.3228557435795665,
          7.352528055198491,
          7.326435442082584,
          7.347604502923787,
          7.255236084572971,
          7.3832932421937585,
          7.569307066500187,
          7.2800932875834405,
          7.242324156221002,
          7.207950420212001,
          7.338837574701756,
          7.248028299771249,
          7.413110338617116,
          7.386537024751306,
          7.609832844231278,
          7.392079227603972,
          7.279966914560646,
          7.485863878857344,
          7.550122470594943,
          7.379097944125533,
          6.990450744982809,
          7.35457821842283,
          7.408822348341346,
          7.368213418405503,
          7.35365535505116,
          7.328967222012579,
          7.314761088695377,
          7.373709750827402,
          7.474373897071928,
          7.364268188830465,
          7.419105260632932,
          7.44525452144444,
          7.393742652609944,
          7.290422687307,
          7.044853639323264,
          7.562495146878064,
          7.536089162807912,
          7.484256576281041,
          7.419912777841091,
          7.470279314555228,
          7.459713828284293,
          7.510255977511406,
          7.578810543287545,
          7.384727991186082,
          7.3235055366531014,
          7.2694815788418055,
          7.379216369707137,
          7.3860419457778335,
          7.325892796739936,
          7.334875882137567,
          7.5797666921280324,
          7.3653599210083485,
          6.99535140581429,
          7.527897002641112,
          7.381146255414933,
          7.376966298092157,
          7.342580806929618,
          7.211295735556632,
          7.305528467986733,
          7.3888294654898345,
          7.14594175061211,
          7.361491208896041,
          7.119918959215283,
          7.5055245431140065,
          7.3780262703076005,
          7.263986686710268,
          7.5228416519239545,
          7.268008922692388,
          7.33837161725387,
          7.354902809485793,
          7.601948911324143,
          7.238447579089552,
          7.17584586283192,
          7.466643650084734,
          7.352235288359225,
          7.377002187538892,
          7.47956678038463,
          7.320478463545442,
          7.514918758533895,
          7.4750240836292505,
          7.260652130935341,
          7.5190861825831234,
          7.523754728492349,
          7.382154600694776,
          7.570444877259433,
          7.64357459358871,
          7.306676898617297,
          7.366993268020451,
          7.255507322959602,
          7.3907488700933754,
          7.286501245107502,
          7.485788516700268,
          7.663217458408326,
          7.4474700023420155,
          7.346200367435813,
          7.391821981407702,
          7.344226227607578,
          7.438985355664045,
          7.431441162712872,
          7.36505567189306,
          7.455947715323418,
          7.446448446251452,
          7.4133614506572485,
          7.196855444461107,
          7.390554718207568,
          7.271818208042532,
          7.417111553251743,
          7.405207552481443,
          7.354152812156826,
          7.458927443251014,
          7.23621304705739,
          7.243481518235058,
          7.3949056239798665,
          7.527237722184509,
          7.385371428914368,
          7.385218325071037,
          7.436734211631119,
          7.295735022984445,
          7.470232067164034,
          7.483781521208584,
          7.302362930495292,
          7.357301788404584,
          7.285999485291541,
          7.39238592563197,
          7.526162315160036,
          7.324373526964337,
          7.455205368343741,
          7.5580865372903645,
          7.434327140450478,
          7.202156024053693,
          7.33763817185536,
          7.470804097130895,
          7.355315980501473,
          7.4799779816530645,
          7.571460503153503,
          7.2736616362817585,
          7.292863383423537,
          7.523324581794441,
          7.658985394518822,
          7.407588277477771,
          7.440414683427662,
          7.569756713230163,
          7.351520756725222,
          7.311979522462934,
          7.503728087991476,
          7.401652966160327,
          7.56013958575204,
          7.453262665774673,
          7.24431385518983,
          7.296564950142056,
          7.166287106927484,
          7.360455953516066,
          7.426198723260313,
          7.494053012225777,
          7.392331841401756,
          7.544393152464181,
          7.410635945852846,
          7.136926626320928,
          7.458007039502263,
          7.419716733042151,
          7.318720562849194,
          7.53929927200079,
          7.416711158119142,
          7.405222202651203,
          7.5243717399425805,
          7.386681974399835,
          7.28631103457883,
          7.529818665236235,
          7.249861566815525,
          7.430607888381928,
          7.462255543097854,
          7.4388496885076165,
          7.442709261085838,
          7.353101638611406,
          7.387892472092062,
          7.323930671904236,
          7.6576720885932446,
          7.346179035957903,
          7.489017414860427,
          7.401694905478507,
          7.3640557043254375,
          7.590660481713712,
          7.196309240534902,
          7.345446343999356,
          7.54633641242981,
          7.525669876020402,
          7.550750114955008,
          7.347654948011041,
          7.3094776957295835,
          7.51951068546623,
          7.427448555827141,
          7.250709518790245,
          7.4497111504897475,
          7.435736702755094,
          7.522442385554314,
          7.30230612680316,
          7.3934876886196434,
          7.42170962318778,
          7.398658168502152,
          7.393512602895498,
          7.414076768327504,
          7.101313085760921,
          7.538024595938623,
          7.253911671228707,
          7.44145945739001,
          7.309099557809532
        ],
        "prediction_shift_tokens": 16,
        "tokens": 131072
      }
    },
    {
      "actual_tokens": 10092544,
      "batch": 512,
      "execution_mode": "default",
      "global_examples_per_step": 512,
      "global_tokens_per_step": 131072,
      "gradient_accumulation": 1,
      "gradient_norms": {
        "channel_factors": {
          "maximum": 0.03619535639882088,
          "mean": 0.0041658270973782725,
          "median": 4.2377521313781734e-19,
          "samples": 20
        },
        "ffn": {
          "maximum": 0.09952345490455627,
          "mean": 0.04512798469513655,
          "median": 0.03505466505885124,
          "samples": 20
        },
        "other": {
          "maximum": 2.7441248893737793,
          "mean": 0.31455979514867066,
          "median": 0.08829757943749428,
          "samples": 20
        },
        "router": {
          "maximum": 0.08460895717144012,
          "mean": 0.006126602210383732,
          "median": 1.7987029753762457e-18,
          "samples": 20
        },
        "token_factors": {
          "maximum": 0.027058778330683708,
          "mean": 0.0033034231104158997,
          "median": 3.6526141949574796e-19,
          "samples": 20
        }
      },
      "loss_implementation": "fla-fused-linear-cross-entropy-exact",
      "model": "bi-decoupled-r8",
      "optimizer_routing": {
        "base_lr": 0.006,
        "body_parameter_names": [
          "vocabulary",
          "blocks.0.rank_amplitudes",
          "blocks.0.channel_amplitudes",
          "blocks.0.mixer_gain",
          "blocks.0.ffn_gain",
          "blocks.0.outer.raw",
          "blocks.0.workspace1.raw",
          "blocks.0.workspace2.raw",
          "blocks.0.channel1.raw",
          "blocks.0.channel2.raw",
          "blocks.0.ffn.gate_up.weight",
          "blocks.0.ffn.down.weight",
          "blocks.1.rank_amplitudes",
          "blocks.1.channel_amplitudes",
          "blocks.1.mixer_gain",
          "blocks.1.ffn_gain",
          "blocks.1.outer.raw",
          "blocks.1.workspace1.raw",
          "blocks.1.workspace2.raw",
          "blocks.1.channel1.raw",
          "blocks.1.channel2.raw",
          "blocks.1.ffn.gate_up.weight",
          "blocks.1.ffn.down.weight",
          "blocks.2.rank_amplitudes",
          "blocks.2.channel_amplitudes",
          "blocks.2.mixer_gain",
          "blocks.2.ffn_gain",
          "blocks.2.outer.raw",
          "blocks.2.workspace1.raw",
          "blocks.2.workspace2.raw",
          "blocks.2.channel1.raw",
          "blocks.2.channel2.raw",
          "blocks.2.ffn.gate_up.weight",
          "blocks.2.ffn.down.weight",
          "blocks.3.rank_amplitudes",
          "blocks.3.channel_amplitudes",
          "blocks.3.mixer_gain",
          "blocks.3.ffn_gain",
          "blocks.3.outer.raw",
          "blocks.3.workspace1.raw",
          "blocks.3.workspace2.raw",
          "blocks.3.channel1.raw",
          "blocks.3.channel2.raw",
          "blocks.3.ffn.gate_up.weight",
          "blocks.3.ffn.down.weight",
          "blocks.4.rank_amplitudes",
          "blocks.4.channel_amplitudes",
          "blocks.4.mixer_gain",
          "blocks.4.ffn_gain",
          "blocks.4.outer.raw",
          "blocks.4.workspace1.raw",
          "blocks.4.workspace2.raw",
          "blocks.4.channel1.raw",
          "blocks.4.channel2.raw",
          "blocks.4.ffn.gate_up.weight",
          "blocks.4.ffn.down.weight",
          "blocks.5.rank_amplitudes",
          "blocks.5.channel_amplitudes",
          "blocks.5.mixer_gain",
          "blocks.5.ffn_gain",
          "blocks.5.outer.raw",
          "blocks.5.workspace1.raw",
          "blocks.5.workspace2.raw",
          "blocks.5.channel1.raw",
          "blocks.5.channel2.raw",
          "blocks.5.ffn.gate_up.weight",
          "blocks.5.ffn.down.weight",
          "blocks.6.rank_amplitudes",
          "blocks.6.channel_amplitudes",
          "blocks.6.mixer_gain",
          "blocks.6.ffn_gain",
          "blocks.6.outer.raw",
          "blocks.6.workspace1.raw",
          "blocks.6.workspace2.raw",
          "blocks.6.channel1.raw",
          "blocks.6.channel2.raw",
          "blocks.6.ffn.gate_up.weight",
          "blocks.6.ffn.down.weight",
          "blocks.7.rank_amplitudes",
          "blocks.7.channel_amplitudes",
          "blocks.7.mixer_gain",
          "blocks.7.ffn_gain",
          "blocks.7.outer.raw",
          "blocks.7.workspace1.raw",
          "blocks.7.workspace2.raw",
          "blocks.7.channel1.raw",
          "blocks.7.channel2.raw",
          "blocks.7.ffn.gate_up.weight",
          "blocks.7.ffn.down.weight",
          "blocks.8.rank_amplitudes",
          "blocks.8.channel_amplitudes",
          "blocks.8.mixer_gain",
          "blocks.8.ffn_gain",
          "blocks.8.outer.raw",
          "blocks.8.workspace1.raw",
          "blocks.8.workspace2.raw",
          "blocks.8.channel1.raw",
          "blocks.8.channel2.raw",
          "blocks.8.ffn.gate_up.weight",
          "blocks.8.ffn.down.weight",
          "blocks.9.rank_amplitudes",
          "blocks.9.channel_amplitudes",
          "blocks.9.mixer_gain",
          "blocks.9.ffn_gain",
          "blocks.9.outer.raw",
          "blocks.9.workspace1.raw",
          "blocks.9.workspace2.raw",
          "blocks.9.channel1.raw",
          "blocks.9.channel2.raw",
          "blocks.9.ffn.gate_up.weight",
          "blocks.9.ffn.down.weight",
          "blocks.10.rank_amplitudes",
          "blocks.10.channel_amplitudes",
          "blocks.10.mixer_gain",
          "blocks.10.ffn_gain",
          "blocks.10.outer.raw",
          "blocks.10.workspace1.raw",
          "blocks.10.workspace2.raw",
          "blocks.10.channel1.raw",
          "blocks.10.channel2.raw",
          "blocks.10.ffn.gate_up.weight",
          "blocks.10.ffn.down.weight",
          "blocks.11.rank_amplitudes",
          "blocks.11.channel_amplitudes",
          "blocks.11.mixer_gain",
          "blocks.11.ffn_gain",
          "blocks.11.outer.raw",
          "blocks.11.workspace1.raw",
          "blocks.11.workspace2.raw",
          "blocks.11.channel1.raw",
          "blocks.11.channel2.raw",
          "blocks.11.ffn.gate_up.weight",
          "blocks.11.ffn.down.weight",
          "blocks.12.rank_amplitudes",
          "blocks.12.channel_amplitudes",
          "blocks.12.mixer_gain",
          "blocks.12.ffn_gain",
          "blocks.12.outer.raw",
          "blocks.12.workspace1.raw",
          "blocks.12.workspace2.raw",
          "blocks.12.channel1.raw",
          "blocks.12.channel2.raw",
          "blocks.12.ffn.gate_up.weight",
          "blocks.12.ffn.down.weight",
          "blocks.13.rank_amplitudes",
          "blocks.13.channel_amplitudes",
          "blocks.13.mixer_gain",
          "blocks.13.ffn_gain",
          "blocks.13.outer.raw",
          "blocks.13.workspace1.raw",
          "blocks.13.workspace2.raw",
          "blocks.13.channel1.raw",
          "blocks.13.channel2.raw",
          "blocks.13.ffn.gate_up.weight",
          "blocks.13.ffn.down.weight",
          "blocks.14.rank_amplitudes",
          "blocks.14.channel_amplitudes",
          "blocks.14.mixer_gain",
          "blocks.14.ffn_gain",
          "blocks.14.outer.raw",
          "blocks.14.workspace1.raw",
          "blocks.14.workspace2.raw",
          "blocks.14.channel1.raw",
          "blocks.14.channel2.raw",
          "blocks.14.ffn.gate_up.weight",
          "blocks.14.ffn.down.weight",
          "blocks.15.rank_amplitudes",
          "blocks.15.channel_amplitudes",
          "blocks.15.mixer_gain",
          "blocks.15.ffn_gain",
          "blocks.15.outer.raw",
          "blocks.15.workspace1.raw",
          "blocks.15.workspace2.raw",
          "blocks.15.channel1.raw",
          "blocks.15.channel2.raw",
          "blocks.15.ffn.gate_up.weight",
          "blocks.15.ffn.down.weight",
          "blocks.16.rank_amplitudes",
          "blocks.16.channel_amplitudes",
          "blocks.16.mixer_gain",
          "blocks.16.ffn_gain",
          "blocks.16.outer.raw",
          "blocks.16.workspace1.raw",
          "blocks.16.workspace2.raw",
          "blocks.16.channel1.raw",
          "blocks.16.channel2.raw",
          "blocks.16.ffn.gate_up.weight",
          "blocks.16.ffn.down.weight",
          "blocks.17.rank_amplitudes",
          "blocks.17.channel_amplitudes",
          "blocks.17.mixer_gain",
          "blocks.17.ffn_gain",
          "blocks.17.outer.raw",
          "blocks.17.workspace1.raw",
          "blocks.17.workspace2.raw",
          "blocks.17.channel1.raw",
          "blocks.17.channel2.raw",
          "blocks.17.ffn.gate_up.weight",
          "blocks.17.ffn.down.weight",
          "blocks.18.rank_amplitudes",
          "blocks.18.channel_amplitudes",
          "blocks.18.mixer_gain",
          "blocks.18.ffn_gain",
          "blocks.18.outer.raw",
          "blocks.18.workspace1.raw",
          "blocks.18.workspace2.raw",
          "blocks.18.channel1.raw",
          "blocks.18.channel2.raw",
          "blocks.18.ffn.gate_up.weight",
          "blocks.18.ffn.down.weight",
          "blocks.19.rank_amplitudes",
          "blocks.19.channel_amplitudes",
          "blocks.19.mixer_gain",
          "blocks.19.ffn_gain",
          "blocks.19.outer.raw",
          "blocks.19.workspace1.raw",
          "blocks.19.workspace2.raw",
          "blocks.19.channel1.raw",
          "blocks.19.channel2.raw",
          "blocks.19.ffn.gate_up.weight",
          "blocks.19.ffn.down.weight",
          "blocks.20.rank_amplitudes",
          "blocks.20.channel_amplitudes",
          "blocks.20.mixer_gain",
          "blocks.20.ffn_gain",
          "blocks.20.outer.raw",
          "blocks.20.workspace1.raw",
          "blocks.20.workspace2.raw",
          "blocks.20.channel1.raw",
          "blocks.20.channel2.raw",
          "blocks.20.ffn.gate_up.weight",
          "blocks.20.ffn.down.weight",
          "blocks.21.rank_amplitudes",
          "blocks.21.channel_amplitudes",
          "blocks.21.mixer_gain",
          "blocks.21.ffn_gain",
          "blocks.21.outer.raw",
          "blocks.21.workspace1.raw",
          "blocks.21.workspace2.raw",
          "blocks.21.channel1.raw",
          "blocks.21.channel2.raw",
          "blocks.21.ffn.gate_up.weight",
          "blocks.21.ffn.down.weight",
          "blocks.22.rank_amplitudes",
          "blocks.22.channel_amplitudes",
          "blocks.22.mixer_gain",
          "blocks.22.ffn_gain",
          "blocks.22.outer.raw",
          "blocks.22.workspace1.raw",
          "blocks.22.workspace2.raw",
          "blocks.22.channel1.raw",
          "blocks.22.channel2.raw",
          "blocks.22.ffn.gate_up.weight",
          "blocks.22.ffn.down.weight",
          "blocks.23.rank_amplitudes",
          "blocks.23.channel_amplitudes",
          "blocks.23.mixer_gain",
          "blocks.23.ffn_gain",
          "blocks.23.outer.raw",
          "blocks.23.workspace1.raw",
          "blocks.23.workspace2.raw",
          "blocks.23.channel1.raw",
          "blocks.23.channel2.raw",
          "blocks.23.ffn.gate_up.weight",
          "blocks.23.ffn.down.weight",
          "blocks.24.rank_amplitudes",
          "blocks.24.channel_amplitudes",
          "blocks.24.mixer_gain",
          "blocks.24.ffn_gain",
          "blocks.24.outer.raw",
          "blocks.24.workspace1.raw",
          "blocks.24.workspace2.raw",
          "blocks.24.channel1.raw",
          "blocks.24.channel2.raw",
          "blocks.24.ffn.gate_up.weight",
          "blocks.24.ffn.down.weight",
          "blocks.25.rank_amplitudes",
          "blocks.25.channel_amplitudes",
          "blocks.25.mixer_gain",
          "blocks.25.ffn_gain",
          "blocks.25.outer.raw",
          "blocks.25.workspace1.raw",
          "blocks.25.workspace2.raw",
          "blocks.25.channel1.raw",
          "blocks.25.channel2.raw",
          "blocks.25.ffn.gate_up.weight",
          "blocks.25.ffn.down.weight",
          "blocks.26.rank_amplitudes",
          "blocks.26.channel_amplitudes",
          "blocks.26.mixer_gain",
          "blocks.26.ffn_gain",
          "blocks.26.outer.raw",
          "blocks.26.workspace1.raw",
          "blocks.26.workspace2.raw",
          "blocks.26.channel1.raw",
          "blocks.26.channel2.raw",
          "blocks.26.ffn.gate_up.weight",
          "blocks.26.ffn.down.weight",
          "blocks.27.rank_amplitudes",
          "blocks.27.channel_amplitudes",
          "blocks.27.mixer_gain",
          "blocks.27.ffn_gain",
          "blocks.27.outer.raw",
          "blocks.27.workspace1.raw",
          "blocks.27.workspace2.raw",
          "blocks.27.channel1.raw",
          "blocks.27.channel2.raw",
          "blocks.27.ffn.gate_up.weight",
          "blocks.27.ffn.down.weight",
          "blocks.28.rank_amplitudes",
          "blocks.28.channel_amplitudes",
          "blocks.28.mixer_gain",
          "blocks.28.ffn_gain",
          "blocks.28.outer.raw",
          "blocks.28.workspace1.raw",
          "blocks.28.workspace2.raw",
          "blocks.28.channel1.raw",
          "blocks.28.channel2.raw",
          "blocks.28.ffn.gate_up.weight",
          "blocks.28.ffn.down.weight",
          "blocks.29.rank_amplitudes",
          "blocks.29.channel_amplitudes",
          "blocks.29.mixer_gain",
          "blocks.29.ffn_gain",
          "blocks.29.outer.raw",
          "blocks.29.workspace1.raw",
          "blocks.29.workspace2.raw",
          "blocks.29.channel1.raw",
          "blocks.29.channel2.raw",
          "blocks.29.ffn.gate_up.weight",
          "blocks.29.ffn.down.weight",
          "blocks.30.rank_amplitudes",
          "blocks.30.channel_amplitudes",
          "blocks.30.mixer_gain",
          "blocks.30.ffn_gain",
          "blocks.30.outer.raw",
          "blocks.30.workspace1.raw",
          "blocks.30.workspace2.raw",
          "blocks.30.channel1.raw",
          "blocks.30.channel2.raw",
          "blocks.30.ffn.gate_up.weight",
          "blocks.30.ffn.down.weight",
          "blocks.31.rank_amplitudes",
          "blocks.31.channel_amplitudes",
          "blocks.31.mixer_gain",
          "blocks.31.ffn_gain",
          "blocks.31.outer.raw",
          "blocks.31.workspace1.raw",
          "blocks.31.workspace2.raw",
          "blocks.31.channel1.raw",
          "blocks.31.channel2.raw",
          "blocks.31.ffn.gate_up.weight",
          "blocks.31.ffn.down.weight"
        ],
        "body_parameters": 5368384,
        "family": "adamw-router-multiplier",
        "router_lr_multiplier": 10.0,
        "router_parameter_names": [
          "blocks.0.source_router.weight",
          "blocks.0.destination_router.weight",
          "blocks.1.source_router.weight",
          "blocks.1.destination_router.weight",
          "blocks.2.source_router.weight",
          "blocks.2.destination_router.weight",
          "blocks.3.source_router.weight",
          "blocks.3.destination_router.weight",
          "blocks.4.source_router.weight",
          "blocks.4.destination_router.weight",
          "blocks.5.source_router.weight",
          "blocks.5.destination_router.weight",
          "blocks.6.source_router.weight",
          "blocks.6.destination_router.weight",
          "blocks.7.source_router.weight",
          "blocks.7.destination_router.weight",
          "blocks.8.source_router.weight",
          "blocks.8.destination_router.weight",
          "blocks.9.source_router.weight",
          "blocks.9.destination_router.weight",
          "blocks.10.source_router.weight",
          "blocks.10.destination_router.weight",
          "blocks.11.source_router.weight",
          "blocks.11.destination_router.weight",
          "blocks.12.source_router.weight",
          "blocks.12.destination_router.weight",
          "blocks.13.source_router.weight",
          "blocks.13.destination_router.weight",
          "blocks.14.source_router.weight",
          "blocks.14.destination_router.weight",
          "blocks.15.source_router.weight",
          "blocks.15.destination_router.weight",
          "blocks.16.source_router.weight",
          "blocks.16.destination_router.weight",
          "blocks.17.source_router.weight",
          "blocks.17.destination_router.weight",
          "blocks.18.source_router.weight",
          "blocks.18.destination_router.weight",
          "blocks.19.source_router.weight",
          "blocks.19.destination_router.weight",
          "blocks.20.source_router.weight",
          "blocks.20.destination_router.weight",
          "blocks.21.source_router.weight",
          "blocks.21.destination_router.weight",
          "blocks.22.source_router.weight",
          "blocks.22.destination_router.weight",
          "blocks.23.source_router.weight",
          "blocks.23.destination_router.weight",
          "blocks.24.source_router.weight",
          "blocks.24.destination_router.weight",
          "blocks.25.source_router.weight",
          "blocks.25.destination_router.weight",
          "blocks.26.source_router.weight",
          "blocks.26.destination_router.weight",
          "blocks.27.source_router.weight",
          "blocks.27.destination_router.weight",
          "blocks.28.source_router.weight",
          "blocks.28.destination_router.weight",
          "blocks.29.source_router.weight",
          "blocks.29.destination_router.weight",
          "blocks.30.source_router.weight",
          "blocks.30.destination_router.weight",
          "blocks.31.source_router.weight",
          "blocks.31.destination_router.weight"
        ],
        "router_parameters": 65536
      },
      "performance": {
        "body_lr": 0.005417929022812525,
        "clip_fraction": 0.07792207792207792,
        "global_grad_norm": 0.0705249160528183,
        "gpu_samples": 245,
        "median_gpu_utilization_percent": 100.0,
        "median_power_watts": 343.38,
        "peak_allocated_gib": 67.42245244979858,
        "peak_nvidia_memory_mib": 71270.0,
        "peak_reserved_gib": 68.861328125,
        "router_lr": 0.054179290228125246,
        "step": 77,
        "tokens_per_second": 100194.98281701937,
        "tokens_seen": 10092544,
        "train_block_nll": 7.403684616088867
      },
      "router_ablations": {
        "evaluations": {
          "both_neutral": {
            "nll": 7.387969344854355,
            "position_nll": [
              7.181946066208184,
              7.239276143722236,
              7.453310092911124,
              7.4660019632428885,
              7.419188978150487,
              7.498363951221108,
              7.635785133577883,
              7.745046601630747,
              7.251658744178712,
              7.350954508408904,
              7.268372745253146,
              7.440851458348334,
              7.81605286244303,
              7.641085411421955,
              7.093271652236581,
              7.2828608471900225,
              7.344731863588095,
              7.3309612441807985,
              7.668325314298272,
              7.248257682658732,
              7.4295032592490315,
              7.262400781735778,
              7.490998744033277,
              7.165578972548246,
              7.210117483511567,
              7.5581507962197065,
              7.316596836782992,
              7.252982698380947,
              7.297110746614635,
              7.486232452094555,
              7.092912100255489,
              7.5365263586863875,
              7.364575712941587,
              7.417963032610714,
              7.276478950865567,
              7.486009870655835,
              7.228266230784357,
              7.207484199665487,
              7.302983853034675,
              7.311282568611205,
              7.461635916493833,
              7.150522989220917,
              7.379465135745704,
              7.375498319976032,
              7.351770938374102,
              7.2536847572773695,
              7.6341382041573524,
              7.411374964751303,
              7.212314469739795,
              7.544165635481477,
              7.312182053923607,
              7.2515945034101605,
              7.407479219138622,
              7.172885872423649,
              7.232177340425551,
              7.2702102875337005,
              7.6825935216620564,
              7.2127537205815315,
              7.184863088652492,
              7.277537100017071,
              7.036655271425843,
              7.267015062272549,
              7.401079027913511,
              7.250426924787462,
              7.645626498386264,
              7.350866546854377,
              7.474612697958946,
              7.419279612600803,
              7.324674529954791,
              7.501049825921655,
              6.99672463349998,
              7.437966232188046,
              7.306649246253073,
              7.4947627279907465,
              7.3541889460757375,
              7.252805674448609,
              7.323747153393924,
              7.468736150301993,
              7.513501052744687,
              7.434675035998225,
              7.2902467250823975,
              7.331462383270264,
              7.359231752343476,
              7.374423767440021,
              7.026999362744391,
              7.634240958839655,
              7.667026102542877,
              7.515688557177782,
              7.452483388595283,
              7.50887138210237,
              7.332879054360092,
              7.557503121905029,
              7.947381440550089,
              7.2251863135024905,
              7.368414636701345,
              7.320522631518543,
              7.401162332855165,
              7.642616740427911,
              7.376759520731866,
              7.1772574707865715,
              7.615722369402647,
              7.303110302425921,
              7.001255124807358,
              7.763169899582863,
              7.217807907611132,
              7.330166881904006,
              7.304850419983268,
              7.266450745053589,
              7.391319697722793,
              7.325071129947901,
              6.996988481841981,
              7.287495141848922,
              7.050927423872054,
              7.229802541434765,
              7.483936666510999,
              7.2462797705084085,
              7.549712679348886,
              7.245886314660311,
              7.211385525763035,
              7.462967869825661,
              7.767807389609516,
              7.299289644695818,
              7.3405478317290545,
              7.438724046573043,
              7.2731499103829265,
              7.28016777895391,
              7.49379569105804,
              7.202412519603968,
              7.314733870327473,
              7.427147568203509,
              7.2984817158430815,
              7.348995607346296,
              7.569158003665507,
              7.431095972657204,
              7.5417891796678305,
              7.785602238960564,
              7.450452980585396,
              7.17155156750232,
              7.119506458751857,
              7.5026695458218455,
              7.282033660449088,
              7.560356241650879,
              7.632843745872378,
              7.19665339961648,
              7.378899763338268,
              7.591044180095196,
              7.4137949058786035,
              7.435908326879144,
              7.400552898645401,
              7.468323326669633,
              7.441278302110732,
              7.499416317790747,
              7.542494533583522,
              7.245084219612181,
              7.288124385289848,
              7.411271088756621,
              7.296907931566238,
              7.249080534093082,
              7.327154351398349,
              7.564353983849287,
              7.127864187583327,
              7.30027244053781,
              7.561285823583603,
              7.428177402354777,
              7.405899373814464,
              7.411883832886815,
              7.48593339510262,
              7.185608925297856,
              7.570814158767462,
              7.398184350691736,
              7.012910421937704,
              7.319908713921905,
              7.3409462152048945,
              7.309494438581169,
              7.5180053589865565,
              7.383763670921326,
              7.580513266846538,
              7.585297953337431,
              7.549749445170164,
              7.308215543627739,
              7.495870159007609,
              7.557784849777818,
              7.556418613530695,
              7.15572237316519,
              7.740026614628732,
              7.370169312693179,
              7.48357386700809,
              7.594067472964525,
              7.624031323939562,
              7.492877862416208,
              7.492828455753624,
              7.6424769489094615,
              7.2201967760920525,
              7.301483445800841,
              7.312634185887873,
              7.4462850745767355,
              7.46534582413733,
              7.427840456366539,
              7.213972049765289,
              7.158025249838829,
              7.238442379981279,
              7.345136244781315,
              7.44402014836669,
              7.423662547022104,
              7.367096688598394,
              7.514066289179027,
              7.484035078436136,
              7.03354249894619,
              7.500157224014401,
              7.340623587369919,
              7.43490634765476,
              7.537702761590481,
              7.210076555609703,
              7.4775604559108615,
              7.490786591544747,
              7.354231892153621,
              7.562508789822459,
              7.614867354743183,
              7.410976894199848,
              7.515458038076758,
              7.215392986312509,
              7.533549753949046,
              7.454290385358036,
              7.226789725013077,
              7.435771861113608,
              7.376142661087215,
              7.718286623246968,
              7.499167257919908,
              7.209034335799515,
              7.426746222190559,
              7.1451237965375185,
              7.843947330489755,
              7.308516182936728,
              7.339021487161517,
              7.566599415615201,
              7.485558122396469,
              7.42632164247334,
              7.274992546997964,
              7.516373378224671,
              7.489915111102164,
              7.2752055851742625,
              7.322808939032257,
              7.298090543597937,
              7.756879324093461,
              7.513758975081146,
              7.290476300753653,
              7.266196306794882,
              7.422415280714631,
              7.619314519688487,
              7.322957024909556,
              7.419446770101786,
              7.026139724999666,
              7.523425970226526,
              7.1711030108854175,
              7.336804883554578,
              7.245680012740195
            ],
            "prediction_shift_tokens": 16,
            "tokens": 65536
          },
          "destination_neutral": {
            "nll": 7.3879557847976685,
            "position_nll": [
              7.18248875066638,
              7.239481579512358,
              7.453651159070432,
              7.466017011553049,
              7.4181668339297175,
              7.498304447159171,
              7.635174616239965,
              7.745111707597971,
              7.251670503988862,
              7.350985758006573,
              7.268455179408193,
              7.440896469168365,
              7.81596658565104,
              7.641092794947326,
              7.093305586837232,
              7.282796544954181,
              7.344931559637189,
              7.330931666307151,
              7.668243695050478,
              7.2482412196695805,
              7.429700089618564,
              7.262481830082834,
              7.491333375684917,
              7.165830411948264,
              7.210104291327298,
              7.558075693435967,
              7.316507799550891,
              7.253019506111741,
              7.297082201577723,
              7.486099886707962,
              7.09339564666152,
              7.536413569934666,
              7.364856221713126,
              7.4170355992391706,
              7.276244102045894,
              7.486128862947226,
              7.228180677630007,
              7.207854451611638,
              7.302981450222433,
              7.311961174942553,
              7.461401587352157,
              7.150603137910366,
              7.3791383765637875,
              7.375442792661488,
              7.35167317930609,
              7.252923082560301,
              7.634149605408311,
              7.411362842656672,
              7.21284116525203,
              7.544065452180803,
              7.312033964321017,
              7.251853889785707,
              7.407274222001433,
              7.172762429341674,
              7.232167155481875,
              7.269930978305638,
              7.68307423312217,
              7.21276568248868,
              7.184922091662884,
              7.276669055223465,
              7.036693472415209,
              7.267273495905101,
              7.400834045372903,
              7.25032493006438,
              7.645533714443445,
              7.35091345384717,
              7.474363815039396,
              7.419189115054905,
              7.324638674966991,
              7.501532970927656,
              6.996645549312234,
              7.437893961556256,
              7.306630777195096,
              7.494549869559705,
              7.3541725520044565,
              7.253036641515791,
              7.3237803084775805,
              7.466953162103891,
              7.514711094088852,
              7.434908493421972,
              7.289643189869821,
              7.331134418025613,
              7.35949382185936,
              7.374790956266224,
              7.026697947643697,
              7.634139553643763,
              7.667469549924135,
              7.515675763599575,
              7.452206512913108,
              7.508799056522548,
              7.332919560372829,
              7.55758267454803,
              7.9474044954404235,
              7.225451244041324,
              7.368371794931591,
              7.320487490855157,
              7.401134906336665,
              7.642531652934849,
              7.376855324022472,
              7.177270476706326,
              7.615713303908706,
              7.303661556914449,
              7.001122804358602,
              7.763136483728886,
              7.217690353281796,
              7.330150658264756,
              7.304887607693672,
              7.266260543838143,
              7.391524665057659,
              7.325033040717244,
              6.9969591442495584,
              7.287295390851796,
              7.050887463614345,
              7.230790957808495,
              7.483901591971517,
              7.246223912574351,
              7.549699397757649,
              7.245665631256998,
              7.211261086165905,
              7.463232597336173,
              7.767643711529672,
              7.299247588030994,
              7.340549601241946,
              7.4387368420138955,
              7.273139457218349,
              7.27989128511399,
              7.494050983339548,
              7.202590799890459,
              7.315494847483933,
              7.426919964142144,
              7.298231502063572,
              7.349041823297739,
              7.568845528177917,
              7.431012347340584,
              7.5441533690318465,
              7.7848031828179955,
              7.450473576784134,
              7.171529354527593,
              7.119552027434111,
              7.501615467481315,
              7.282037742435932,
              7.560435360297561,
              7.6325208600610495,
              7.1962970569729805,
              7.379134349524975,
              7.591080403886735,
              7.413685266859829,
              7.435728792101145,
              7.400550486519933,
              7.467962798662484,
              7.441499385051429,
              7.499233832582831,
              7.542717786505818,
              7.245366767980158,
              7.288108074106276,
              7.411728482693434,
              7.29687634576112,
              7.2484429217875,
              7.3276156252250075,
              7.564171263948083,
              7.128470361232758,
              7.300400212407112,
              7.560793960466981,
              7.42792830336839,
              7.406195643357933,
              7.412859451957047,
              7.485673079267144,
              7.185903844423592,
              7.570885701104999,
              7.398217591457069,
              7.012911298312247,
              7.3197350623086095,
              7.34122012834996,
              7.309090927243233,
              7.518039059825242,
              7.383641173131764,
              7.580384434200823,
              7.584243454039097,
              7.549716670066118,
              7.308269697241485,
              7.495867152698338,
              7.557787009514868,
              7.556404026225209,
              7.155353517271578,
              7.740260920487344,
              7.37010355386883,
              7.483586347661912,
              7.594046985730529,
              7.624057403765619,
              7.492904963903129,
              7.492909906432033,
              7.642160861752927,
              7.220009089447558,
              7.3014702666550875,
              7.312369897030294,
              7.446401750668883,
              7.465303593315184,
              7.4277285523712635,
              7.213828828185797,
              7.157864084467292,
              7.238482075743377,
              7.344936348497868,
              7.443762763403356,
              7.423687160015106,
              7.367094326764345,
              7.514146533794701,
              7.48404898494482,
              7.033545193262398,
              7.500204104930162,
              7.340359051711857,
              7.434982266277075,
              7.537649066187441,
              7.210062992759049,
              7.477032421156764,
              7.49070511572063,
              7.354440786875784,
              7.562420188449323,
              7.614831319078803,
              7.411057493649423,
              7.515789109282196,
              7.2151782447472215,
              7.53350212238729,
              7.454296814277768,
              7.226785791106522,
              7.435589364729822,
              7.37605716381222,
              7.718153225257993,
              7.499353096820414,
              7.208864267915487,
              7.426883841864765,
              7.14467912632972,
              7.8447086894884706,
              7.308398921974003,
              7.338955189101398,
              7.566474725492299,
              7.485418798401952,
              7.4263106025755405,
              7.275046124123037,
              7.516356598585844,
              7.4898963356390595,
              7.275250257924199,
              7.323008532635868,
              7.297488635405898,
              7.7569717997685075,
              7.51337958406657,
              7.291369076818228,
              7.2661216938868165,
              7.422563170082867,
              7.619041902013123,
              7.322793794795871,
              7.419560483656824,
              7.026256665587425,
              7.523541552014649,
              7.171056888997555,
              7.336784480139613,
              7.24561917129904
            ],
            "prediction_shift_tokens": 16,
            "tokens": 65536
          },
          "normal": {
            "nll": 7.387955754995346,
            "position_nll": [
              7.182488773018122,
              7.239481590688229,
              7.453651178628206,
              7.466016988269985,
              7.418166875839233,
              7.498304451815784,
              7.635174611583352,
              7.745111681520939,
              7.2516704853624105,
              7.3509857235476375,
              7.268455184996128,
              7.440896466374397,
              7.815966580994427,
              7.6410927744582295,
              7.093305553309619,
              7.282796540297568,
              7.34493157453835,
              7.330931629985571,
              7.668243710882962,
              7.248241229914129,
              7.42970007378608,
              7.262481797486544,
              7.491333373822272,
              7.165830413810909,
              7.210104319266975,
              7.558075707405806,
              7.316507822833955,
              7.253019484691322,
              7.297082194127142,
              7.4860998671501875,
              7.093395669013262,
              7.536413566209376,
              7.3648562375456095,
              7.417035605758429,
              7.276244102045894,
              7.4861288433894515,
              7.228180687874556,
              7.20785447396338,
              7.302981459535658,
              7.311961185187101,
              7.461401575244963,
              7.150603119283915,
              7.3791383393108845,
              7.3754427609965205,
              7.351673192344606,
              7.2529231030493975,
              7.634149602614343,
              7.41136284917593,
              7.2128411727026105,
              7.544065462425351,
              7.312033982947469,
              7.251853845082223,
              7.407274203374982,
              7.172762386500835,
              7.232167209498584,
              7.269930963404477,
              7.683074193075299,
              7.212765679694712,
              7.184922071173787,
              7.276669050566852,
              7.036693444475532,
              7.267273545265198,
              7.4008340472355485,
              7.250324954278767,
              7.645533729344606,
              7.3509134547784925,
              7.474363774992526,
              7.419189139269292,
              7.324638640508056,
              7.501532956957817,
              6.996645522303879,
              7.437893979251385,
              7.306630769744515,
              7.494549881666899,
              7.354172556661069,
              7.2530366303399205,
              7.323780299164355,
              7.466953171417117,
              7.514711070805788,
              7.434908453375101,
              7.2896432261914015,
              7.331134392879903,
              7.359493819996715,
              7.3747909320518374,
              7.026697935536504,
              7.6341395527124405,
              7.6674695601686835,
              7.515675784088671,
              7.452206555753946,
              7.508799052797258,
              7.332919550128281,
              7.557582626119256,
              7.9474044712260365,
              7.225451268255711,
              7.36837185267359,
              7.32048748806119,
              7.401134902611375,
              7.6425316873937845,
              7.376855286769569,
              7.177270505577326,
              7.615713306702673,
              7.303661573678255,
              7.001122787594795,
              7.763136493973434,
              7.217690329998732,
              7.330150658264756,
              7.304887605831027,
              7.266260540112853,
              7.391524624079466,
              7.325033119879663,
              6.996959153562784,
              7.287295360118151,
              7.050887422636151,
              7.230790946632624,
              7.483901608735323,
              7.246223921887577,
              7.54969937633723,
              7.245665619149804,
              7.211261064745486,
              7.463232587091625,
              7.767643707804382,
              7.2992475954815745,
              7.340549558401108,
              7.438736833631992,
              7.273139461874962,
              7.279891253449023,
              7.49405100941658,
              7.202590823173523,
              7.3154948726296425,
              7.426919964142144,
              7.298231507651508,
              7.349041821435094,
              7.568845555186272,
              7.431012359447777,
              7.544153365306556,
              7.784803161397576,
              7.450473587960005,
              7.171529330313206,
              7.119552061893046,
              7.501615479588509,
              7.2820377722382545,
              7.5604353388771415,
              7.6325208600610495,
              7.19629704579711,
              7.3791343457996845,
              7.591080397367477,
              7.4136853171512485,
              7.435728739015758,
              7.400550446473062,
              7.467962795868516,
              7.441499395295978,
              7.499233859591186,
              7.54271780140698,
              7.2453667633235455,
              7.288108047097921,
              7.411728494800627,
              7.296876350417733,
              7.248442891985178,
              7.327615628018975,
              7.564171240665019,
              7.128470332361758,
              7.300400203093886,
              7.560793951153755,
              7.427928286604583,
              7.406195648945868,
              7.412859408184886,
              7.485673028044403,
              7.18590381834656,
              7.570885694585741,
              7.398217576555908,
              7.012911285273731,
              7.319735092110932,
              7.341220108792186,
              7.309090976603329,
              7.518039047718048,
              7.3836411740630865,
              7.58038445841521,
              7.584243457764387,
              7.549716668203473,
              7.30826965905726,
              7.495867111720145,
              7.557787002064288,
              7.556404045782983,
              7.15535351075232,
              7.740260931663215,
              7.370103511027992,
              7.483586329035461,
              7.594046974554658,
              7.624057428911328,
              7.49290491361171,
              7.492909916676581,
              7.642160864546895,
              7.220009068958461,
              7.301470278762281,
              7.312369880266488,
              7.446401773020625,
              7.4653036231175065,
              7.427728529088199,
              7.213828853331506,
              7.157864089123905,
              7.238482053391635,
              7.344936314970255,
              7.443762790411711,
              7.423687090165913,
              7.3670942997559905,
              7.514146552421153,
              7.484049011953175,
              7.0335452146828175,
              7.50020410772413,
              7.340359003283083,
              7.434982258826494,
              7.53764905128628,
              7.210062991827726,
              7.477032419294119,
              7.490705099888146,
              7.354440770111978,
              7.562420150265098,
              7.614831258542836,
              7.411057535558939,
              7.515789124183357,
              7.215178239159286,
              7.533502177335322,
              7.4542968003079295,
              7.226785802282393,
              7.435589390806854,
              7.376057203859091,
              7.718153204768896,
              7.499353116378188,
              7.208864293061197,
              7.426883867941797,
              7.144679136574268,
              7.844708694145083,
              7.3083989424631,
              7.338955150917172,
              7.566474713385105,
              7.485418850556016,
              7.42631059139967,
              7.275046118535101,
              7.516356609761715,
              7.4898963291198015,
              7.275250270962715,
              7.323008549399674,
              7.297488663345575,
              7.756971841678023,
              7.513379612006247,
              7.291369068436325,
              7.266121707856655,
              7.422563210129738,
              7.619041891768575,
              7.322793809697032,
              7.419560476206243,
              7.026256671175361,
              7.5235415706411,
              7.171056903898716,
              7.336784522980452,
              7.245619161985815
            ],
            "prediction_shift_tokens": 16,
            "tokens": 65536
          },
          "source_neutral": {
            "nll": 7.387955695390701,
            "position_nll": [
              7.182488787919283,
              7.23948151897639,
              7.453651128336787,
              7.466016988269985,
              7.4181668516248465,
              7.498304430395365,
              7.6351746041327715,
              7.745111657306552,
              7.2516705095767975,
              7.350985740311444,
              7.2684551775455475,
              7.4408964747563004,
              7.815966593101621,
              7.641092790290713,
              7.093305591493845,
              7.282796538434923,
              7.344931566156447,
              7.330931642092764,
              7.668243718333542,
              7.248241223394871,
              7.42970004864037,
              7.262481793761253,
              7.491333357989788,
              7.165830411016941,
              7.210104305297136,
              7.558075720444322,
              7.316507818177342,
              7.253019464202225,
              7.297082197852433,
              7.486099907197058,
              7.093395666219294,
              7.536413584835827,
              7.364856209605932,
              7.417035630904138,
              7.276244102977216,
              7.486128848977387,
              7.2281806683167815,
              7.207854433916509,
              7.302981469780207,
              7.311961155384779,
              7.461401575244963,
              7.150603155605495,
              7.379138368181884,
              7.375442751683295,
              7.351673197932541,
              7.252923112362623,
              7.6341495886445045,
              7.4113628482446074,
              7.212841152213514,
              7.544065424241126,
              7.31203396525234,
              7.251853875815868,
              7.407274192199111,
              7.172762433066964,
              7.232167173177004,
              7.269930989481509,
              7.683074180968106,
              7.212765706703067,
              7.184922071173787,
              7.276669042184949,
              7.036693456582725,
              7.267273519188166,
              7.400834024883807,
              7.2503249775618315,
              7.64553373772651,
              7.350913448259234,
              7.4743637684732676,
              7.419189163483679,
              7.324638699181378,
              7.501532963477075,
              6.996645576320589,
              7.4378939578309655,
              7.306630750186741,
              7.494549826718867,
              7.3541725520044565,
              7.253036635927856,
              7.323780316859484,
              7.466953154653311,
              7.514711068943143,
              7.434908428229392,
              7.289643197320402,
              7.331134399399161,
              7.359493820928037,
              7.374790948815644,
              7.026697946712375,
              7.634139571338892,
              7.667469575069845,
              7.515675785951316,
              7.45220653526485,
              7.508799031376839,
              7.332919545471668,
              7.557582654990256,
              7.947404482401907,
              7.22545125707984,
              7.368371838703752,
              7.320487519726157,
              7.4011348923668265,
              7.6425316939130425,
              7.376855276525021,
              7.177270472981036,
              7.615713314153254,
              7.303661545738578,
              7.001122790388763,
              7.76313650328666,
              7.217690330930054,
              7.330150686204433,
              7.3048875872045755,
              7.2662605391815305,
              7.391524625942111,
              7.325033077970147,
              6.996959134936333,
              7.287295403890312,
              7.050887442193925,
              7.230790947563946,
              7.483901601284742,
              7.246223932132125,
              7.549699382856488,
              7.245665580034256,
              7.211261079646647,
              7.463232576847076,
              7.76764371804893,
              7.2992475954815745,
              7.340549577027559,
              7.438736826181412,
              7.273139441385865,
              7.2798912813887,
              7.494051023386419,
              7.202590820379555,
              7.315494886599481,
              7.426919987425208,
              7.298231517896056,
              7.3490418046712875,
              7.5688455775380135,
              7.4310123128816485,
              7.544153409078717,
              7.78480317723006,
              7.450473559089005,
              7.171529358252883,
              7.119552028365433,
              7.50161546561867,
              7.2820377219468355,
              7.560435377061367,
              7.632520847022533,
              7.196297054179013,
              7.379134331829846,
              7.591080391779542,
              7.413685315288603,
              7.4357287753373384,
              7.400550441816449,
              7.467962775379419,
              7.441499372012913,
              7.4992338782176375,
              7.542717804200947,
              7.245366722345352,
              7.288108063861728,
              7.41172849573195,
              7.296876340173185,
              7.2484429301694036,
              7.327615614049137,
              7.564171241596341,
              7.128470359370112,
              7.30040021520108,
              7.560793939977884,
              7.42792828194797,
              7.40619564242661,
              7.412859414704144,
              7.485673009417951,
              7.18590381462127,
              7.570885684341192,
              7.398217600770295,
              7.012911303900182,
              7.319735051132739,
              7.341220088303089,
              7.309090972878039,
              7.518039059825242,
              7.383641171269119,
              7.580384447239339,
              7.584243457764387,
              7.549716677516699,
              7.308269669301808,
              7.495867150835693,
              7.557787026278675,
              7.556404053233564,
              7.155353507958353,
              7.740260913968086,
              7.370103529654443,
              7.483586351387203,
              7.594046922400594,
              7.62405741866678,
              7.492904944345355,
              7.492909908294678,
              7.642160865478218,
              7.220009092241526,
              7.301470269449055,
              7.312369932420552,
              7.446401737630367,
              7.465303609147668,
              7.427728538401425,
              7.213828854262829,
              7.157864084467292,
              7.238482052460313,
              7.344936339184642,
              7.443762765266001,
              7.423687092959881,
              7.367094318382442,
              7.514146514236927,
              7.484049001708627,
              7.0335451839491725,
              7.50020410399884,
              7.340359045192599,
              7.434982254169881,
              7.537649067118764,
              7.2100630002096295,
              7.4770324397832155,
              7.490705140866339,
              7.354440783150494,
              7.562420173548162,
              7.614831271581352,
              7.411057490855455,
              7.515789073891938,
              7.215178241021931,
              7.533502155914903,
              7.454296788200736,
              7.226785799488425,
              7.435589388012886,
              7.376057144254446,
              7.718153255991638,
              7.499353088438511,
              7.208864279091358,
              7.426883871667087,
              7.144679144024849,
              7.844708697870374,
              7.308398894965649,
              7.338955181650817,
              7.566474708728492,
              7.485418815165758,
              7.426310573704541,
              7.2750461446121335,
              7.5163566172122955,
              7.489896326325834,
              7.275250262580812,
              7.323008545674384,
              7.297488638199866,
              7.756971823051572,
              7.513379613868892,
              7.291369067505002,
              7.266121717169881,
              7.422563198022544,
              7.619041903875768,
              7.3227938041090965,
              7.419560487382114,
              7.026256741024554,
              7.523541549220681,
              7.171056874096394,
              7.336784541606903,
              7.2456191489472985
            ],
            "prediction_shift_tokens": 16,
            "tokens": 65536
          }
        },
        "neutral_minus_normal_nll": {
          "both_neutral": 1.3589859008789062e-05,
          "destination_neutral": 2.9802322387695312e-08,
          "source_neutral": -5.960464477539063e-08
        }
      },
      "router_telemetry": {
        "destination": {
          "maximum_layer_gate_std": 0.7955850958824158,
          "mean_gate_mean": 0.02616905953707548,
          "mean_gate_std": 0.04457725073146122,
          "mean_router_weight_rms": 0.35272618755698204,
          "mean_saturation_fraction": 0.9849948883056641
        },
        "mean_absolute_path_cosine": 0.03758062124252319,
        "mean_mixer_update_to_state_rms": 0.19802136903859618,
        "per_layer": [
          {
            "absolute_path_cosine": 0.03363224118947983,
            "destination_gate_max": 2.0,
            "destination_gate_mean": 0.5986276865005493,
            "destination_gate_min": 6.287617128342138e-12,
            "destination_gate_saturation_fraction": 0.64483642578125,
            "destination_gate_std": 0.7955850958824158,
            "destination_router_weight_rms": 0.27938520908355713,
            "layer": 0,
            "mixer_update_to_state_rms": 6.1139960289001465,
            "source_gate_max": 2.0,
            "source_gate_mean": 1.5278528928756714,
            "source_gate_min": 6.844530277000521e-19,
            "source_gate_saturation_fraction": 0.91766357421875,
            "source_gate_std": 0.8234350085258484,
            "source_router_weight_rms": 0.4726082384586334
          },
          {
            "destination_gate_max": 0.0002709653344936669,
            "destination_gate_mean": 1.40058389774822e-07,
            "destination_gate_min": 3.545773050173118e-11,
            "destination_gate_saturation_fraction": 1.0,
            "destination_gate_std": 2.5699523575895e-06,
            "destination_router_weight_rms": 0.2664237916469574,
            "layer": 1,
            "mixer_update_to_state_rms": 1.350232707864052e-07,
            "source_gate_max": 1.9641176462173462,
            "source_gate_mean": 0.16584466397762299,
            "source_gate_min": 6.650157757803754e-09,
            "source_gate_saturation_fraction": 0.822021484375,
            "source_gate_std": 0.4385039210319519,
            "source_router_weight_rms": 0.2860060930252075
          },
          {
            "destination_gate_max": 1.0718961220845813e-06,
            "destination_gate_mean": 6.945774799760329e-08,
            "destination_gate_min": 4.1190919490390054e-13,
            "destination_gate_saturation_fraction": 1.0,
            "destination_gate_std": 1.8815764235569077e-07,
            "destination_router_weight_rms": 0.28160718083381653,
            "layer": 2,
            "mixer_update_to_state_rms": 1.3261033160461011e-08,
            "source_gate_max": 1.9861488342285156,
            "source_gate_mean": 0.27965930104255676,
            "source_gate_min": 1.344711885245542e-12,
            "source_gate_saturation_fraction": 0.8558349609375,
            "source_gate_std": 0.6169837713241577,
            "source_router_weight_rms": 0.277805358171463
          },
          {
            "destination_gate_max": 5.273886327650246e-10,
            "destination_gate_mean": 1.1122001930541359e-10,
            "destination_gate_min": 3.194878714883609e-13,
            "destination_gate_saturation_fraction": 1.0,
            "destination_gate_std": 1.2750227262880998e-10,
            "destination_router_weight_rms": 0.2842358350753784,
            "layer": 3,
            "mixer_update_to_state_rms": 3.419733190344024e-18,
            "source_gate_max": 5.810145921714138e-06,
            "source_gate_mean": 9.992744480769034e-07,
            "source_gate_min": 6.97145563499646e-10,
            "source_gate_saturation_fraction": 1.0,
            "source_gate_std": 1.686754899310472e-06,
            "source_router_weight_rms": 0.2779509127140045
          },
          {
            "destination_gate_max": 2.3733970522243908e-07,
            "destination_gate_mean": 2.0211974316453052e-08,
            "destination_gate_min": 9.079935908308371e-16,
            "destination_gate_saturation_fraction": 1.0,
            "destination_gate_std": 5.777394918027312e-08,
            "destination_router_weight_rms": 0.3049873113632202,
            "layer": 4,
            "mixer_update_to_state_rms": 2.0413779000527654e-10,
            "source_gate_max": 0.10129618644714355,
            "source_gate_mean": 0.006860007997602224,
            "source_gate_min": 3.020567129752294e-09,
            "source_gate_saturation_fraction": 0.93450927734375,
            "source_gate_std": 0.02238541468977928,
            "source_router_weight_rms": 0.29009655117988586
          },
          {
            "destination_gate_max": 9.604524207201814e-13,
            "destination_gate_mean": 1.8964067512519667e-13,
            "destination_gate_min": 4.338854274509637e-16,
            "destination_gate_saturation_fraction": 1.0,
            "destination_gate_std": 3.1669523774258135e-13,
            "destination_router_weight_rms": 0.3199133276939392,
            "layer": 5,
            "mixer_update_to_state_rms": 1.87851426709037e-17,
            "source_gate_max": 0.1012110486626625,
            "source_gate_mean": 0.012333296239376068,
            "source_gate_min": 5.977802974843627e-11,
            "source_gate_saturation_fraction": 0.875,
            "source_gate_std": 0.029010089114308357,
            "source_router_weight_rms": 0.274812251329422
          },
          {
            "destination_gate_max": 1.9681424458933838e-13,
            "destination_gate_mean": 5.424933641412846e-14,
            "destination_gate_min": 1.232558537359217e-16,
            "destination_gate_saturation_fraction": 1.0,
            "destination_gate_std": 7.527148121379973e-14,
            "destination_router_weight_rms": 0.31706926226615906,
            "layer": 6,
            "mixer_update_to_state_rms": 4.492070353593315e-22,
            "source_gate_max": 1.3283596445035073e-07,
            "source_gate_mean": 2.047057279241926e-08,
            "source_gate_min": 1.598943026592803e-11,
            "source_gate_saturation_fraction": 1.0,
            "source_gate_std": 4.140972009736288e-08,
            "source_router_weight_rms": 0.27884024381637573
          },
          {
            "absolute_path_cosine": 0.04214021936058998,
            "destination_gate_max": 4.6982012030793996e-11,
            "destination_gate_mean": 7.732911533331333e-12,
            "destination_gate_min": 2.7060214919082643e-18,
            "destination_gate_saturation_fraction": 1.0,
            "destination_gate_std": 1.540824065560109e-11,
            "destination_router_weight_rms": 0.3393946886062622,
            "layer": 7,
            "mixer_update_to_state_rms": 9.554795106156422e-13,
            "source_gate_max": 1.9995633363723755,
            "source_gate_mean": 0.2499447911977768,
            "source_gate_min": 1.0002599199225234e-13,
            "source_gate_saturation_fraction": 1.0,
            "source_gate_std": 0.66131192445755,
            "source_router_weight_rms": 0.30149370431900024
          },
          {
            "destination_gate_max": 1.6004021770473463e-14,
            "destination_gate_mean": 2.2738051015208345e-15,
            "destination_gate_min": 2.6523968203625234e-18,
            "destination_gate_saturation_fraction": 1.0,
            "destination_gate_std": 5.149976412932144e-15,
            "destination_router_weight_rms": 0.3414732813835144,
            "layer": 8,
            "mixer_update_to_state_rms": 0.0,
            "source_gate_max": 7.177241059252992e-05,
            "source_gate_mean": 8.820028597256169e-06,
            "source_gate_min": 2.7620855364181296e-13,
            "source_gate_saturation_fraction": 1.0,
            "source_gate_std": 2.3302585759665817e-05,
            "source_router_weight_rms": 0.2906133532524109
          },
          {
            "destination_gate_max": 8.759416735243213e-15,
            "destination_gate_mean": 1.1397696514077547e-15,
            "destination_gate_min": 2.849599849792709e-21,
            "destination_gate_saturation_fraction": 1.0,
            "destination_gate_std": 2.8772216322659047e-15,
            "destination_router_weight_rms": 0.3553740084171295,
            "layer": 9,
            "mixer_update_to_state_rms": 0.0,
            "source_gate_max": 5.858599827490707e-09,
            "source_gate_mean": 8.025146658319215e-10,
            "source_gate_min": 2.8713681687322565e-14,
            "source_gate_saturation_fraction": 1.0,
            "source_gate_std": 1.9042929455537205e-09,
            "source_router_weight_rms": 0.3008301556110382
          },
          {
            "destination_gate_max": 1.8323108872189686e-13,
            "destination_gate_mean": 2.2909625585487703e-14,
            "destination_gate_min": 7.566731330062913e-19,
            "destination_gate_saturation_fraction": 1.0,
            "destination_gate_std": 6.054724999366226e-14,
            "destination_router_weight_rms": 0.35697048902511597,
            "layer": 10,
            "mixer_update_to_state_rms": 0.0,
            "source_gate_max": 7.346659391949117e-10,
            "source_gate_mean": 1.1533878713221313e-10,
            "source_gate_min": 1.0408177378502022e-14,
            "source_gate_saturation_fraction": 1.0,
            "source_gate_std": 2.35695851724671e-10,
            "source_router_weight_rms": 0.3050687909126282
          },
          {
            "destination_gate_max": 1.6679021987327236e-13,
            "destination_gate_mean": 2.0994431575703e-14,
            "destination_gate_min": 6.603122681708172e-18,
            "destination_gate_saturation_fraction": 1.0,
            "destination_gate_std": 5.51046567317387e-14,
            "destination_router_weight_rms": 0.34778115153312683,
            "layer": 11,
            "mixer_update_to_state_rms": 1.9084899134137745e-14,
            "source_gate_max": 1.9994078874588013,
            "source_gate_mean": 0.24992600083351135,
            "source_gate_min": 6.17175107135888e-14,
            "source_gate_saturation_fraction": 1.0,
            "source_gate_std": 0.6612621545791626,
            "source_router_weight_rms": 0.31025049090385437
          },
          {
            "destination_gate_max": 1.9078928232192993,
            "destination_gate_mean": 0.23878198862075806,
            "destination_gate_min": 2.5954637365593e-19,
            "destination_gate_saturation_fraction": 0.875,
            "destination_gate_std": 0.6308841109275818,
            "destination_router_weight_rms": 0.32192039489746094,
            "layer": 12,
            "mixer_update_to_state_rms": 0.22268763184547424,
            "source_gate_max": 1.9636181592941284,
            "source_gate_mean": 0.262707382440567,
            "source_gate_min": 8.424479240294949e-14,
            "source_gate_saturation_fraction": 0.875,
            "source_gate_std": 0.6441640257835388,
            "source_router_weight_rms": 0.32749247550964355
          },
          {
            "destination_gate_max": 2.0480524775202995e-16,
            "destination_gate_mean": 2.6107499308817036e-17,
            "destination_gate_min": 3.657800342748374e-21,
            "destination_gate_saturation_fraction": 1.0,
            "destination_gate_std": 6.039657257322461e-17,
            "destination_router_weight_rms": 0.368921160697937,
            "layer": 13,
            "mixer_update_to_state_rms": 0.0,
            "source_gate_max": 1.7740603430738133e-10,
            "source_gate_mean": 2.5016504492936242e-11,
            "source_gate_min": 7.701430232475229e-15,
            "source_gate_saturation_fraction": 1.0,
            "source_gate_std": 4.913884577018024e-11,
            "source_router_weight_rms": 0.3075771629810333
          },
          {
            "destination_gate_max": 2.649262577435023e-14,
            "destination_gate_mean": 3.260728292871261e-15,
            "destination_gate_min": 3.1281571619861676e-21,
            "destination_gate_saturation_fraction": 1.0,
            "destination_gate_std": 8.59869816273234e-15,
            "destination_router_weight_rms": 0.3737030029296875,
            "layer": 14,
            "mixer_update_to_state_rms": 3.743392066509216e-23,
            "source_gate_max": 1.035587544606642e-07,
            "source_gate_mean": 1.2556263584428962e-08,
            "source_gate_min": 3.993127553135423e-18,
            "source_gate_saturation_fraction": 1.0,
            "source_gate_std": 3.3149920142250267e-08,
            "source_router_weight_rms": 0.3200612962245941
          },
          {
            "absolute_path_cosine": 0.04135759547352791,
            "destination_gate_max": 4.624945475796289e-16,
            "destination_gate_mean": 6.074097087562229e-17,
            "destination_gate_min": 2.882256560713326e-20,
            "destination_gate_saturation_fraction": 1.0,
            "destination_gate_std": 1.5170937126519836e-16,
            "destination_router_weight_rms": 0.3677636981010437,
            "layer": 15,
            "mixer_update_to_state_rms": 0.0,
            "source_gate_max": 2.3007626168691786e-06,
            "source_gate_mean": 3.1139970246840676e-07,
            "source_gate_min": 2.907864785550371e-14,
            "source_gate_saturation_fraction": 1.0,
            "source_gate_std": 7.494359692827857e-07,
            "source_router_weight_rms": 0.3013207018375397
          },
          {
            "destination_gate_max": 3.157974980149726e-14,
            "destination_gate_mean": 5.2947199440578005e-15,
            "destination_gate_min": 1.735499242144411e-20,
            "destination_gate_saturation_fraction": 1.0,
            "destination_gate_std": 1.0539204058079843e-14,
            "destination_router_weight_rms": 0.3668728172779083,
            "layer": 16,
            "mixer_update_to_state_rms": 0.0,
            "source_gate_max": 3.2195149657354705e-08,
            "source_gate_mean": 4.148524190838998e-09,
            "source_gate_min": 2.83278456331727e-17,
            "source_gate_saturation_fraction": 1.0,
            "source_gate_std": 1.0600781585878849e-08,
            "source_router_weight_rms": 0.33129334449768066
          },
          {
            "destination_gate_max": 4.1728950850306035e-10,
            "destination_gate_mean": 5.2160571001325096e-11,
            "destination_gate_min": 1.524007900325355e-20,
            "destination_gate_saturation_fraction": 1.0,
            "destination_gate_std": 1.3800784126605237e-10,
            "destination_router_weight_rms": 0.36913320422172546,
            "layer": 17,
            "mixer_update_to_state_rms": 4.042086625263494e-14,
            "source_gate_max": 0.0020420304499566555,
            "source_gate_mean": 0.00025524437660351396,
            "source_gate_min": 8.667110049266754e-16,
            "source_gate_saturation_fraction": 1.0,
            "source_gate_std": 0.0006753334309905767,
            "source_router_weight_rms": 0.34189343452453613
          },
          {
            "destination_gate_max": 3.5358350904297897e-13,
            "destination_gate_mean": 4.4571182004514084e-14,
            "destination_gate_min": 7.465086924028e-21,
            "destination_gate_saturation_fraction": 1.0,
            "destination_gate_std": 1.1680204871876432e-13,
            "destination_router_weight_rms": 0.3656313121318817,
            "layer": 18,
            "mixer_update_to_state_rms": 7.455669925118481e-19,
            "source_gate_max": 0.00010449876572238281,
            "source_gate_mean": 1.3116691661707591e-05,
            "source_gate_min": 6.722500974121519e-18,
            "source_gate_saturation_fraction": 1.0,
            "source_gate_std": 3.4540320484666154e-05,
            "source_router_weight_rms": 0.3330715298652649
          },
          {
            "destination_gate_max": 7.223676306941475e-17,
            "destination_gate_mean": 1.3823126058575728e-17,
            "destination_gate_min": 2.9147860845368275e-20,
            "destination_gate_saturation_fraction": 1.0,
            "destination_gate_std": 2.3698487975989053e-17,
            "destination_router_weight_rms": 0.37649115920066833,
            "layer": 19,
            "mixer_update_to_state_rms": 0.0,
            "source_gate_max": 8.12412270789764e-09,
            "source_gate_mean": 1.0303261577249145e-09,
            "source_gate_min": 1.006337428038234e-17,
            "source_gate_saturation_fraction": 1.0,
            "source_gate_std": 2.6813260500802016e-09,
            "source_router_weight_rms": 0.3248160481452942
          },
          {
            "destination_gate_max": 2.1487725366210428e-17,
            "destination_gate_mean": 2.978863087850971e-18,
            "destination_gate_min": 2.3738299972076077e-20,
            "destination_gate_saturation_fraction": 1.0,
            "destination_gate_std": 7.01659594192801e-18,
            "destination_router_weight_rms": 0.38497552275657654,
            "layer": 20,
            "mixer_update_to_state_rms": 0.0,
            "source_gate_max": 3.168059592439931e-08,
            "source_gate_mean": 3.990835661937808e-09,
            "source_gate_min": 2.252034025435794e-15,
            "source_gate_saturation_fraction": 1.0,
            "source_gate_std": 1.0466345123916199e-08,
            "source_router_weight_rms": 0.3070108890533447
          },
          {
            "destination_gate_max": 1.4587098491801128e-17,
            "destination_gate_mean": 4.7816730408179364e-18,
            "destination_gate_min": 2.3866416031793763e-20,
            "destination_gate_saturation_fraction": 1.0,
            "destination_gate_std": 5.369166903945455e-18,
            "destination_router_weight_rms": 0.37668079137802124,
            "layer": 21,
            "mixer_update_to_state_rms": 0.0,
            "source_gate_max": 1.4364415906742423e-11,
            "source_gate_mean": 3.6214833215586495e-12,
            "source_gate_min": 2.642179783221289e-16,
            "source_gate_saturation_fraction": 1.0,
            "source_gate_std": 4.911137035240598e-12,
            "source_router_weight_rms": 0.30791372060775757
          },
          {
            "destination_gate_max": 1.52839419095954e-17,
            "destination_gate_mean": 2.4558651174696714e-18,
            "destination_gate_min": 3.1351712335279625e-20,
            "destination_gate_saturation_fraction": 1.0,
            "destination_gate_std": 4.874462853211685e-18,
            "destination_router_weight_rms": 0.38368090987205505,
            "layer": 22,
            "mixer_update_to_state_rms": 0.0,
            "source_gate_max": 1.6342077691078316e-09,
            "source_gate_mean": 2.1395456240025368e-10,
            "source_gate_min": 8.75853905029118e-17,
            "source_gate_saturation_fraction": 1.0,
            "source_gate_std": 5.372420841531778e-10,
            "source_router_weight_rms": 0.3100380301475525
          },
          {
            "absolute_path_cosine": 0.019205007702112198,
            "destination_gate_max": 4.889933486476811e-15,
            "destination_gate_mean": 6.992081749643286e-16,
            "destination_gate_min": 3.2500647222966957e-21,
            "destination_gate_saturation_fraction": 1.0,
            "destination_gate_std": 1.5984982375643318e-15,
            "destination_router_weight_rms": 0.3778373599052429,
            "layer": 23,
            "mixer_update_to_state_rms": 0.0,
            "source_gate_max": 1.1472949381641229e-06,
            "source_gate_mean": 1.439832573169042e-07,
            "source_gate_min": 5.679065802555649e-16,
            "source_gate_saturation_fraction": 1.0,
            "source_gate_std": 3.79229106783896e-07,
            "source_router_weight_rms": 0.3205214738845825
          },
          {
            "destination_gate_max": 1.8485107719118466e-17,
            "destination_gate_mean": 2.9711070288373673e-18,
            "destination_gate_min": 4.994701927218795e-21,
            "destination_gate_saturation_fraction": 1.0,
            "destination_gate_std": 6.0621101651515396e-18,
            "destination_router_weight_rms": 0.3901265263557434,
            "layer": 24,
            "mixer_update_to_state_rms": 0.0,
            "source_gate_max": 2.837369228458897e-10,
            "source_gate_mean": 6.26589613528239e-11,
            "source_gate_min": 4.376887244981437e-17,
            "source_gate_saturation_fraction": 1.0,
            "source_gate_std": 9.76043065814558e-11,
            "source_router_weight_rms": 0.3082352876663208
          },
          {
            "destination_gate_max": 1.5480527668741283e-15,
            "destination_gate_mean": 2.397742221209255e-16,
            "destination_gate_min": 8.460641119618476e-19,
            "destination_gate_saturation_fraction": 1.0,
            "destination_gate_std": 5.000647998342118e-16,
            "destination_router_weight_rms": 0.36688265204429626,
            "layer": 25,
            "mixer_update_to_state_rms": 0.0,
            "source_gate_max": 1.7255058537557488e-06,
            "source_gate_mean": 2.157254215262583e-07,
            "source_gate_min": 2.190426374419008e-17,
            "source_gate_saturation_fraction": 1.0,
            "source_gate_std": 5.706582442144281e-07,
            "source_router_weight_rms": 0.310735285282135
          },
          {
            "destination_gate_max": 1.193156549886417e-16,
            "destination_gate_mean": 2.356107838699297e-17,
            "destination_gate_min": 5.537921209784529e-20,
            "destination_gate_saturation_fraction": 1.0,
            "destination_gate_std": 3.842727092619194e-17,
            "destination_router_weight_rms": 0.3836672306060791,
            "layer": 26,
            "mixer_update_to_state_rms": 0.0,
            "source_gate_max": 2.1847802145202877e-06,
            "source_gate_mean": 2.73104461712137e-07,
            "source_gate_min": 1.86611085924126e-16,
            "source_gate_saturation_fraction": 1.0,
            "source_gate_std": 7.225660851872817e-07,
            "source_router_weight_rms": 0.31020158529281616
          },
          {
            "destination_gate_max": 3.87791667936618e-16,
            "destination_gate_mean": 6.503346915451107e-17,
            "destination_gate_min": 1.7281603406534758e-19,
            "destination_gate_saturation_fraction": 1.0,
            "destination_gate_std": 1.2800301018413903e-16,
            "destination_router_weight_rms": 0.38182953000068665,
            "layer": 27,
            "mixer_update_to_state_rms": 0.0,
            "source_gate_max": 4.651131042809897e-12,
            "source_gate_mean": 6.561557937614926e-13,
            "source_gate_min": 2.350605367090145e-15,
            "source_gate_saturation_fraction": 1.0,
            "source_gate_std": 1.5135600021573548e-12,
            "source_router_weight_rms": 0.326033353805542
          },
          {
            "destination_gate_max": 6.846678485730837e-17,
            "destination_gate_mean": 2.4299773835059974e-17,
            "destination_gate_min": 2.106334572961408e-18,
            "destination_gate_saturation_fraction": 1.0,
            "destination_gate_std": 2.055241570398447e-17,
            "destination_router_weight_rms": 0.3879344165325165,
            "layer": 28,
            "mixer_update_to_state_rms": 0.0,
            "source_gate_max": 2.3228414747222814e-09,
            "source_gate_mean": 3.0419161634043235e-10,
            "source_gate_min": 7.393066088082288e-16,
            "source_gate_saturation_fraction": 1.0,
            "source_gate_std": 7.637229182400063e-10,
            "source_router_weight_rms": 0.3165459930896759
          },
          {
            "destination_gate_max": 2.393002754232012e-14,
            "destination_gate_mean": 5.950204013587066e-15,
            "destination_gate_min": 2.899686798911661e-16,
            "destination_gate_saturation_fraction": 1.0,
            "destination_gate_std": 7.704179701422016e-15,
            "destination_router_weight_rms": 0.38917121291160583,
            "layer": 29,
            "mixer_update_to_state_rms": 1.7010823894310964e-21,
            "source_gate_max": 4.685732164944056e-06,
            "source_gate_mean": 5.870758741366444e-07,
            "source_gate_min": 1.1680114069944486e-13,
            "source_gate_saturation_fraction": 1.0,
            "source_gate_std": 1.5491926887989393e-06,
            "source_router_weight_rms": 0.3104590177536011
          },
          {
            "destination_gate_max": 3.755644612576242e-13,
            "destination_gate_mean": 1.466351860898371e-13,
            "destination_gate_min": 3.2644961495305325e-14,
            "destination_gate_saturation_fraction": 1.0,
            "destination_gate_std": 1.2689031954078028e-13,
            "destination_router_weight_rms": 0.3818276524543762,
            "layer": 30,
            "mixer_update_to_state_rms": 3.2418727362729993e-22,
            "source_gate_max": 6.567220367514892e-08,
            "source_gate_mean": 1.2320157338763238e-08,
            "source_gate_min": 3.5677819032464697e-10,
            "source_gate_saturation_fraction": 1.0,
            "source_gate_std": 2.08865955642068e-08,
            "source_router_weight_rms": 0.31022363901138306
          },
          {
            "absolute_path_cosine": 0.05156804248690605,
            "destination_gate_max": 1.305939356655017e-09,
            "destination_gate_mean": 1.6538424796319617e-10,
            "destination_gate_min": 3.7675686680692377e-13,
            "destination_gate_saturation_fraction": 1.0,
            "destination_gate_std": 4.311050960659202e-10,
            "destination_router_weight_rms": 0.3775719106197357,
            "layer": 31,
            "mixer_update_to_state_rms": 6.9242734865803536e-18,
            "source_gate_max": 3.6005977221975627e-07,
            "source_gate_mean": 6.262666119027926e-08,
            "source_gate_min": 3.050677419014214e-11,
            "source_gate_saturation_fraction": 1.0,
            "source_gate_std": 1.1820866063771973e-07,
            "source_router_weight_rms": 0.3136671483516693
          }
        ],
        "source": {
          "maximum_layer_gate_std": 0.8234350085258484,
          "mean_gate_mean": 0.08610650521675019,
          "mean_gate_std": 0.12180610577118739,
          "mean_router_weight_rms": 0.3126714862883091,
          "mean_saturation_fraction": 0.9775009155273438
        }
      },
      "schema": "exp16-router-training-cell-v1",
      "seed": 23,
      "status": "complete",
      "steps": 77,
      "target_tokens": 10000000,
      "track": {
        "batch": 512,
        "model": "bi-decoupled-r8",
        "name": "bidec-router-10x",
        "router_lr_multiplier": 10.0
      },
      "validation": {
        "nll": 7.3879732340574265,
        "position_nll": [
          7.348720165900886,
          7.396815191023052,
          7.466792368330061,
          7.469479875639081,
          7.33033348666504,
          7.296971168834716,
          7.539921218529344,
          7.6142707681283355,
          7.234546553809196,
          7.379354982171208,
          7.237309698946774,
          7.4297682242468,
          7.759454515296966,
          7.502792952116579,
          7.169990948867053,
          7.371125806123018,
          7.175601660273969,
          7.312720605172217,
          7.611921325791627,
          7.392478519584984,
          7.479700693394989,
          7.398137295618653,
          7.454910675995052,
          7.345380530226976,
          7.29844410950318,
          7.410212621092796,
          7.421162613201886,
          7.34509222349152,
          7.264804469887167,
          7.367522981949151,
          7.218993946444243,
          7.497318501118571,
          7.304628547281027,
          7.319887679535896,
          7.401769574265927,
          7.321822279598564,
          7.1490062470547855,
          7.381285018287599,
          7.341524418443441,
          7.286451222375035,
          7.529540734831244,
          7.247685516253114,
          7.459089155308902,
          7.236138775013387,
          7.440205417573452,
          7.204059754498303,
          7.5470521012321115,
          7.4008156401105225,
          7.409787943121046,
          7.469028706662357,
          7.321120128501207,
          7.350777772255242,
          7.324008379597217,
          7.34754871064797,
          7.253876255825162,
          7.380633728113025,
          7.570940620731562,
          7.278960063587874,
          7.241833902429789,
          7.2063548737205565,
          7.336667631752789,
          7.247920034453273,
          7.412266145925969,
          7.385665058158338,
          7.611151637043804,
          7.391242238692939,
          7.27789074042812,
          7.485039719380438,
          7.551630787551403,
          7.379086312372237,
          6.988139805849642,
          7.354870513081551,
          7.4085285207256675,
          7.36789976246655,
          7.3521327851340175,
          7.3287787195295095,
          7.314506114460528,
          7.372997945174575,
          7.4751034481450915,
          7.361370533704758,
          7.419412028975785,
          7.445432764478028,
          7.390931388363242,
          7.2889778963290155,
          7.040960036218166,
          7.563811356667429,
          7.537294561509043,
          7.483092146459967,
          7.417482978198677,
          7.469869025051594,
          7.45911619765684,
          7.51052628736943,
          7.579071291256696,
          7.383760062046349,
          7.323630968108773,
          7.267690687905997,
          7.376781451515853,
          7.386349154636264,
          7.324679462239146,
          7.334798464551568,
          7.580544383265078,
          7.365186317823827,
          6.992101184558123,
          7.529436350800097,
          7.380576581694186,
          7.3769649574533105,
          7.341427112929523,
          7.210997384041548,
          7.305748511571437,
          7.3886903785169125,
          7.144863097462803,
          7.359718202613294,
          7.11622998258099,
          7.507321268785745,
          7.377296896185726,
          7.262526667211205,
          7.524005723185837,
          7.266414200421423,
          7.338785356841981,
          7.354978439863771,
          7.604448060505092,
          7.237825195770711,
          7.175222132820636,
          7.467171041294932,
          7.3517662351951,
          7.378850511740893,
          7.480490684509277,
          7.319210278335959,
          7.516286389436573,
          7.475472660269588,
          7.259708403609693,
          7.519814340863377,
          7.524197096005082,
          7.382428100798279,
          7.570896749384701,
          7.645254374481738,
          7.3053962318226695,
          7.365626763552427,
          7.254012988880277,
          7.388435516972095,
          7.285236421041191,
          7.485670316033065,
          7.662973741069436,
          7.445852443575859,
          7.345275494270027,
          7.39220062084496,
          7.3441098113544285,
          7.438468957319856,
          7.431758160237223,
          7.364253685344011,
          7.455242273397744,
          7.446650239173323,
          7.411837780382484,
          7.1953405742533505,
          7.389225807972252,
          7.270144170615822,
          7.418512403033674,
          7.404815665446222,
          7.353093921672553,
          7.459403228014708,
          7.234397614840418,
          7.242754749953747,
          7.393974429462105,
          7.5278024463914335,
          7.383867928292602,
          7.383672583848238,
          7.437545676250011,
          7.294381763320416,
          7.46983853308484,
          7.483882945496589,
          7.300691623706371,
          7.356923907529563,
          7.284189047291875,
          7.391680498607457,
          7.525961879175156,
          7.320873110089451,
          7.454475071746856,
          7.558088098652661,
          7.433593798894435,
          7.201217003632337,
          7.336110938806087,
          7.471255223732442,
          7.353965939022601,
          7.47956389375031,
          7.571153121069074,
          7.273246802389622,
          7.2905962858349085,
          7.52316904021427,
          7.66022807918489,
          7.406624079216272,
          7.440760252065957,
          7.571820287499577,
          7.350417424924672,
          7.312513899058104,
          7.504272304940969,
          7.4011732577346265,
          7.5616745059378445,
          7.4529194217175245,
          7.241117081604898,
          7.295766147784889,
          7.163333437871188,
          7.359702741261572,
          7.425181673374027,
          7.4959398419596255,
          7.3920530853793025,
          7.54496729420498,
          7.409869279712439,
          7.13490653783083,
          7.459375953301787,
          7.420063969679177,
          7.316629311069846,
          7.538471447303891,
          7.416713068727404,
          7.406232091132551,
          7.526359790470451,
          7.3857974777929485,
          7.284003404900432,
          7.530199715401977,
          7.249057436361909,
          7.43149761389941,
          7.461208755150437,
          7.437882345635444,
          7.442248452920467,
          7.352652334608138,
          7.38713176548481,
          7.323575673159212,
          7.65762888872996,
          7.343754097353667,
          7.4885421032086015,
          7.399818821810186,
          7.363882034551352,
          7.590710049495101,
          7.1952572632581,
          7.344249858055264,
          7.546895947307348,
          7.526084832847118,
          7.550888305064291,
          7.346575899980962,
          7.308754292316735,
          7.521158459130675,
          7.424659644719213,
          7.25115165207535,
          7.450328857637942,
          7.435758714564145,
          7.522154539823532,
          7.301136490888894,
          7.393089103046805,
          7.420556072611362,
          7.399070998188108,
          7.3927065106108785,
          7.4133195034228265,
          7.0993002210743725,
          7.537950533442199,
          7.251712814439088,
          7.440432607661933,
          7.309570198878646
        ],
        "prediction_shift_tokens": 16,
        "tokens": 131072
      }
    },
    {
      "actual_tokens": 10092544,
      "batch": 512,
      "execution_mode": "default",
      "global_examples_per_step": 512,
      "global_tokens_per_step": 131072,
      "gradient_accumulation": 1,
      "gradient_norms": {
        "channel_factors": {
          "maximum": 0.03392460569739342,
          "mean": 0.0040208989491577005,
          "median": 0.0,
          "samples": 20
        },
        "ffn": {
          "maximum": 0.09624359011650085,
          "mean": 0.05138806984759867,
          "median": 0.04255567491054535,
          "samples": 20
        },
        "other": {
          "maximum": 2.7440989017486572,
          "mean": 0.3036312349140644,
          "median": 0.09748728200793266,
          "samples": 20
        },
        "router": {
          "maximum": 0.08460462093353271,
          "mean": 0.005482661084576205,
          "median": 0.0,
          "samples": 20
        },
        "token_factors": {
          "maximum": 0.024252163246273994,
          "mean": 0.0030989797642363907,
          "median": 0.0,
          "samples": 20
        }
      },
      "loss_implementation": "fla-fused-linear-cross-entropy-exact",
      "model": "bi-decoupled-r8",
      "optimizer_routing": {
        "base_lr": 0.006,
        "body_parameter_names": [
          "vocabulary",
          "blocks.0.rank_amplitudes",
          "blocks.0.channel_amplitudes",
          "blocks.0.mixer_gain",
          "blocks.0.ffn_gain",
          "blocks.0.outer.raw",
          "blocks.0.workspace1.raw",
          "blocks.0.workspace2.raw",
          "blocks.0.channel1.raw",
          "blocks.0.channel2.raw",
          "blocks.0.ffn.gate_up.weight",
          "blocks.0.ffn.down.weight",
          "blocks.1.rank_amplitudes",
          "blocks.1.channel_amplitudes",
          "blocks.1.mixer_gain",
          "blocks.1.ffn_gain",
          "blocks.1.outer.raw",
          "blocks.1.workspace1.raw",
          "blocks.1.workspace2.raw",
          "blocks.1.channel1.raw",
          "blocks.1.channel2.raw",
          "blocks.1.ffn.gate_up.weight",
          "blocks.1.ffn.down.weight",
          "blocks.2.rank_amplitudes",
          "blocks.2.channel_amplitudes",
          "blocks.2.mixer_gain",
          "blocks.2.ffn_gain",
          "blocks.2.outer.raw",
          "blocks.2.workspace1.raw",
          "blocks.2.workspace2.raw",
          "blocks.2.channel1.raw",
          "blocks.2.channel2.raw",
          "blocks.2.ffn.gate_up.weight",
          "blocks.2.ffn.down.weight",
          "blocks.3.rank_amplitudes",
          "blocks.3.channel_amplitudes",
          "blocks.3.mixer_gain",
          "blocks.3.ffn_gain",
          "blocks.3.outer.raw",
          "blocks.3.workspace1.raw",
          "blocks.3.workspace2.raw",
          "blocks.3.channel1.raw",
          "blocks.3.channel2.raw",
          "blocks.3.ffn.gate_up.weight",
          "blocks.3.ffn.down.weight",
          "blocks.4.rank_amplitudes",
          "blocks.4.channel_amplitudes",
          "blocks.4.mixer_gain",
          "blocks.4.ffn_gain",
          "blocks.4.outer.raw",
          "blocks.4.workspace1.raw",
          "blocks.4.workspace2.raw",
          "blocks.4.channel1.raw",
          "blocks.4.channel2.raw",
          "blocks.4.ffn.gate_up.weight",
          "blocks.4.ffn.down.weight",
          "blocks.5.rank_amplitudes",
          "blocks.5.channel_amplitudes",
          "blocks.5.mixer_gain",
          "blocks.5.ffn_gain",
          "blocks.5.outer.raw",
          "blocks.5.workspace1.raw",
          "blocks.5.workspace2.raw",
          "blocks.5.channel1.raw",
          "blocks.5.channel2.raw",
          "blocks.5.ffn.gate_up.weight",
          "blocks.5.ffn.down.weight",
          "blocks.6.rank_amplitudes",
          "blocks.6.channel_amplitudes",
          "blocks.6.mixer_gain",
          "blocks.6.ffn_gain",
          "blocks.6.outer.raw",
          "blocks.6.workspace1.raw",
          "blocks.6.workspace2.raw",
          "blocks.6.channel1.raw",
          "blocks.6.channel2.raw",
          "blocks.6.ffn.gate_up.weight",
          "blocks.6.ffn.down.weight",
          "blocks.7.rank_amplitudes",
          "blocks.7.channel_amplitudes",
          "blocks.7.mixer_gain",
          "blocks.7.ffn_gain",
          "blocks.7.outer.raw",
          "blocks.7.workspace1.raw",
          "blocks.7.workspace2.raw",
          "blocks.7.channel1.raw",
          "blocks.7.channel2.raw",
          "blocks.7.ffn.gate_up.weight",
          "blocks.7.ffn.down.weight",
          "blocks.8.rank_amplitudes",
          "blocks.8.channel_amplitudes",
          "blocks.8.mixer_gain",
          "blocks.8.ffn_gain",
          "blocks.8.outer.raw",
          "blocks.8.workspace1.raw",
          "blocks.8.workspace2.raw",
          "blocks.8.channel1.raw",
          "blocks.8.channel2.raw",
          "blocks.8.ffn.gate_up.weight",
          "blocks.8.ffn.down.weight",
          "blocks.9.rank_amplitudes",
          "blocks.9.channel_amplitudes",
          "blocks.9.mixer_gain",
          "blocks.9.ffn_gain",
          "blocks.9.outer.raw",
          "blocks.9.workspace1.raw",
          "blocks.9.workspace2.raw",
          "blocks.9.channel1.raw",
          "blocks.9.channel2.raw",
          "blocks.9.ffn.gate_up.weight",
          "blocks.9.ffn.down.weight",
          "blocks.10.rank_amplitudes",
          "blocks.10.channel_amplitudes",
          "blocks.10.mixer_gain",
          "blocks.10.ffn_gain",
          "blocks.10.outer.raw",
          "blocks.10.workspace1.raw",
          "blocks.10.workspace2.raw",
          "blocks.10.channel1.raw",
          "blocks.10.channel2.raw",
          "blocks.10.ffn.gate_up.weight",
          "blocks.10.ffn.down.weight",
          "blocks.11.rank_amplitudes",
          "blocks.11.channel_amplitudes",
          "blocks.11.mixer_gain",
          "blocks.11.ffn_gain",
          "blocks.11.outer.raw",
          "blocks.11.workspace1.raw",
          "blocks.11.workspace2.raw",
          "blocks.11.channel1.raw",
          "blocks.11.channel2.raw",
          "blocks.11.ffn.gate_up.weight",
          "blocks.11.ffn.down.weight",
          "blocks.12.rank_amplitudes",
          "blocks.12.channel_amplitudes",
          "blocks.12.mixer_gain",
          "blocks.12.ffn_gain",
          "blocks.12.outer.raw",
          "blocks.12.workspace1.raw",
          "blocks.12.workspace2.raw",
          "blocks.12.channel1.raw",
          "blocks.12.channel2.raw",
          "blocks.12.ffn.gate_up.weight",
          "blocks.12.ffn.down.weight",
          "blocks.13.rank_amplitudes",
          "blocks.13.channel_amplitudes",
          "blocks.13.mixer_gain",
          "blocks.13.ffn_gain",
          "blocks.13.outer.raw",
          "blocks.13.workspace1.raw",
          "blocks.13.workspace2.raw",
          "blocks.13.channel1.raw",
          "blocks.13.channel2.raw",
          "blocks.13.ffn.gate_up.weight",
          "blocks.13.ffn.down.weight",
          "blocks.14.rank_amplitudes",
          "blocks.14.channel_amplitudes",
          "blocks.14.mixer_gain",
          "blocks.14.ffn_gain",
          "blocks.14.outer.raw",
          "blocks.14.workspace1.raw",
          "blocks.14.workspace2.raw",
          "blocks.14.channel1.raw",
          "blocks.14.channel2.raw",
          "blocks.14.ffn.gate_up.weight",
          "blocks.14.ffn.down.weight",
          "blocks.15.rank_amplitudes",
          "blocks.15.channel_amplitudes",
          "blocks.15.mixer_gain",
          "blocks.15.ffn_gain",
          "blocks.15.outer.raw",
          "blocks.15.workspace1.raw",
          "blocks.15.workspace2.raw",
          "blocks.15.channel1.raw",
          "blocks.15.channel2.raw",
          "blocks.15.ffn.gate_up.weight",
          "blocks.15.ffn.down.weight",
          "blocks.16.rank_amplitudes",
          "blocks.16.channel_amplitudes",
          "blocks.16.mixer_gain",
          "blocks.16.ffn_gain",
          "blocks.16.outer.raw",
          "blocks.16.workspace1.raw",
          "blocks.16.workspace2.raw",
          "blocks.16.channel1.raw",
          "blocks.16.channel2.raw",
          "blocks.16.ffn.gate_up.weight",
          "blocks.16.ffn.down.weight",
          "blocks.17.rank_amplitudes",
          "blocks.17.channel_amplitudes",
          "blocks.17.mixer_gain",
          "blocks.17.ffn_gain",
          "blocks.17.outer.raw",
          "blocks.17.workspace1.raw",
          "blocks.17.workspace2.raw",
          "blocks.17.channel1.raw",
          "blocks.17.channel2.raw",
          "blocks.17.ffn.gate_up.weight",
          "blocks.17.ffn.down.weight",
          "blocks.18.rank_amplitudes",
          "blocks.18.channel_amplitudes",
          "blocks.18.mixer_gain",
          "blocks.18.ffn_gain",
          "blocks.18.outer.raw",
          "blocks.18.workspace1.raw",
          "blocks.18.workspace2.raw",
          "blocks.18.channel1.raw",
          "blocks.18.channel2.raw",
          "blocks.18.ffn.gate_up.weight",
          "blocks.18.ffn.down.weight",
          "blocks.19.rank_amplitudes",
          "blocks.19.channel_amplitudes",
          "blocks.19.mixer_gain",
          "blocks.19.ffn_gain",
          "blocks.19.outer.raw",
          "blocks.19.workspace1.raw",
          "blocks.19.workspace2.raw",
          "blocks.19.channel1.raw",
          "blocks.19.channel2.raw",
          "blocks.19.ffn.gate_up.weight",
          "blocks.19.ffn.down.weight",
          "blocks.20.rank_amplitudes",
          "blocks.20.channel_amplitudes",
          "blocks.20.mixer_gain",
          "blocks.20.ffn_gain",
          "blocks.20.outer.raw",
          "blocks.20.workspace1.raw",
          "blocks.20.workspace2.raw",
          "blocks.20.channel1.raw",
          "blocks.20.channel2.raw",
          "blocks.20.ffn.gate_up.weight",
          "blocks.20.ffn.down.weight",
          "blocks.21.rank_amplitudes",
          "blocks.21.channel_amplitudes",
          "blocks.21.mixer_gain",
          "blocks.21.ffn_gain",
          "blocks.21.outer.raw",
          "blocks.21.workspace1.raw",
          "blocks.21.workspace2.raw",
          "blocks.21.channel1.raw",
          "blocks.21.channel2.raw",
          "blocks.21.ffn.gate_up.weight",
          "blocks.21.ffn.down.weight",
          "blocks.22.rank_amplitudes",
          "blocks.22.channel_amplitudes",
          "blocks.22.mixer_gain",
          "blocks.22.ffn_gain",
          "blocks.22.outer.raw",
          "blocks.22.workspace1.raw",
          "blocks.22.workspace2.raw",
          "blocks.22.channel1.raw",
          "blocks.22.channel2.raw",
          "blocks.22.ffn.gate_up.weight",
          "blocks.22.ffn.down.weight",
          "blocks.23.rank_amplitudes",
          "blocks.23.channel_amplitudes",
          "blocks.23.mixer_gain",
          "blocks.23.ffn_gain",
          "blocks.23.outer.raw",
          "blocks.23.workspace1.raw",
          "blocks.23.workspace2.raw",
          "blocks.23.channel1.raw",
          "blocks.23.channel2.raw",
          "blocks.23.ffn.gate_up.weight",
          "blocks.23.ffn.down.weight",
          "blocks.24.rank_amplitudes",
          "blocks.24.channel_amplitudes",
          "blocks.24.mixer_gain",
          "blocks.24.ffn_gain",
          "blocks.24.outer.raw",
          "blocks.24.workspace1.raw",
          "blocks.24.workspace2.raw",
          "blocks.24.channel1.raw",
          "blocks.24.channel2.raw",
          "blocks.24.ffn.gate_up.weight",
          "blocks.24.ffn.down.weight",
          "blocks.25.rank_amplitudes",
          "blocks.25.channel_amplitudes",
          "blocks.25.mixer_gain",
          "blocks.25.ffn_gain",
          "blocks.25.outer.raw",
          "blocks.25.workspace1.raw",
          "blocks.25.workspace2.raw",
          "blocks.25.channel1.raw",
          "blocks.25.channel2.raw",
          "blocks.25.ffn.gate_up.weight",
          "blocks.25.ffn.down.weight",
          "blocks.26.rank_amplitudes",
          "blocks.26.channel_amplitudes",
          "blocks.26.mixer_gain",
          "blocks.26.ffn_gain",
          "blocks.26.outer.raw",
          "blocks.26.workspace1.raw",
          "blocks.26.workspace2.raw",
          "blocks.26.channel1.raw",
          "blocks.26.channel2.raw",
          "blocks.26.ffn.gate_up.weight",
          "blocks.26.ffn.down.weight",
          "blocks.27.rank_amplitudes",
          "blocks.27.channel_amplitudes",
          "blocks.27.mixer_gain",
          "blocks.27.ffn_gain",
          "blocks.27.outer.raw",
          "blocks.27.workspace1.raw",
          "blocks.27.workspace2.raw",
          "blocks.27.channel1.raw",
          "blocks.27.channel2.raw",
          "blocks.27.ffn.gate_up.weight",
          "blocks.27.ffn.down.weight",
          "blocks.28.rank_amplitudes",
          "blocks.28.channel_amplitudes",
          "blocks.28.mixer_gain",
          "blocks.28.ffn_gain",
          "blocks.28.outer.raw",
          "blocks.28.workspace1.raw",
          "blocks.28.workspace2.raw",
          "blocks.28.channel1.raw",
          "blocks.28.channel2.raw",
          "blocks.28.ffn.gate_up.weight",
          "blocks.28.ffn.down.weight",
          "blocks.29.rank_amplitudes",
          "blocks.29.channel_amplitudes",
          "blocks.29.mixer_gain",
          "blocks.29.ffn_gain",
          "blocks.29.outer.raw",
          "blocks.29.workspace1.raw",
          "blocks.29.workspace2.raw",
          "blocks.29.channel1.raw",
          "blocks.29.channel2.raw",
          "blocks.29.ffn.gate_up.weight",
          "blocks.29.ffn.down.weight",
          "blocks.30.rank_amplitudes",
          "blocks.30.channel_amplitudes",
          "blocks.30.mixer_gain",
          "blocks.30.ffn_gain",
          "blocks.30.outer.raw",
          "blocks.30.workspace1.raw",
          "blocks.30.workspace2.raw",
          "blocks.30.channel1.raw",
          "blocks.30.channel2.raw",
          "blocks.30.ffn.gate_up.weight",
          "blocks.30.ffn.down.weight",
          "blocks.31.rank_amplitudes",
          "blocks.31.channel_amplitudes",
          "blocks.31.mixer_gain",
          "blocks.31.ffn_gain",
          "blocks.31.outer.raw",
          "blocks.31.workspace1.raw",
          "blocks.31.workspace2.raw",
          "blocks.31.channel1.raw",
          "blocks.31.channel2.raw",
          "blocks.31.ffn.gate_up.weight",
          "blocks.31.ffn.down.weight"
        ],
        "body_parameters": 5368384,
        "family": "adamw-router-multiplier",
        "router_lr_multiplier": 30.0,
        "router_parameter_names": [
          "blocks.0.source_router.weight",
          "blocks.0.destination_router.weight",
          "blocks.1.source_router.weight",
          "blocks.1.destination_router.weight",
          "blocks.2.source_router.weight",
          "blocks.2.destination_router.weight",
          "blocks.3.source_router.weight",
          "blocks.3.destination_router.weight",
          "blocks.4.source_router.weight",
          "blocks.4.destination_router.weight",
          "blocks.5.source_router.weight",
          "blocks.5.destination_router.weight",
          "blocks.6.source_router.weight",
          "blocks.6.destination_router.weight",
          "blocks.7.source_router.weight",
          "blocks.7.destination_router.weight",
          "blocks.8.source_router.weight",
          "blocks.8.destination_router.weight",
          "blocks.9.source_router.weight",
          "blocks.9.destination_router.weight",
          "blocks.10.source_router.weight",
          "blocks.10.destination_router.weight",
          "blocks.11.source_router.weight",
          "blocks.11.destination_router.weight",
          "blocks.12.source_router.weight",
          "blocks.12.destination_router.weight",
          "blocks.13.source_router.weight",
          "blocks.13.destination_router.weight",
          "blocks.14.source_router.weight",
          "blocks.14.destination_router.weight",
          "blocks.15.source_router.weight",
          "blocks.15.destination_router.weight",
          "blocks.16.source_router.weight",
          "blocks.16.destination_router.weight",
          "blocks.17.source_router.weight",
          "blocks.17.destination_router.weight",
          "blocks.18.source_router.weight",
          "blocks.18.destination_router.weight",
          "blocks.19.source_router.weight",
          "blocks.19.destination_router.weight",
          "blocks.20.source_router.weight",
          "blocks.20.destination_router.weight",
          "blocks.21.source_router.weight",
          "blocks.21.destination_router.weight",
          "blocks.22.source_router.weight",
          "blocks.22.destination_router.weight",
          "blocks.23.source_router.weight",
          "blocks.23.destination_router.weight",
          "blocks.24.source_router.weight",
          "blocks.24.destination_router.weight",
          "blocks.25.source_router.weight",
          "blocks.25.destination_router.weight",
          "blocks.26.source_router.weight",
          "blocks.26.destination_router.weight",
          "blocks.27.source_router.weight",
          "blocks.27.destination_router.weight",
          "blocks.28.source_router.weight",
          "blocks.28.destination_router.weight",
          "blocks.29.source_router.weight",
          "blocks.29.destination_router.weight",
          "blocks.30.source_router.weight",
          "blocks.30.destination_router.weight",
          "blocks.31.source_router.weight",
          "blocks.31.destination_router.weight"
        ],
        "router_parameters": 65536
      },
      "performance": {
        "body_lr": 0.005417929022812525,
        "clip_fraction": 0.06493506493506493,
        "global_grad_norm": 0.07131914794445038,
        "gpu_samples": 245,
        "median_gpu_utilization_percent": 100.0,
        "median_power_watts": 337.64,
        "peak_allocated_gib": 67.42245244979858,
        "peak_nvidia_memory_mib": 71270.0,
        "peak_reserved_gib": 68.861328125,
        "router_lr": 0.16253787068437575,
        "step": 77,
        "tokens_per_second": 99823.16875951373,
        "tokens_seen": 10092544,
        "train_block_nll": 7.40388822555542
      },
      "router_ablations": {
        "evaluations": {
          "both_neutral": {
            "nll": 7.38830429315567,
            "position_nll": [
              7.183058798313141,
              7.240207647904754,
              7.452223410829902,
              7.466089064255357,
              7.419873231090605,
              7.499718884937465,
              7.633019412867725,
              7.744472933933139,
              7.2527875835075974,
              7.351433650590479,
              7.269562934525311,
              7.4393305433914065,
              7.815085086040199,
              7.641383718699217,
              7.096520532853901,
              7.284890053793788,
              7.345291756093502,
              7.3319148272275925,
              7.671042051166296,
              7.252188160084188,
              7.427824456244707,
              7.264036383479834,
              7.492296387441456,
              7.167620333842933,
              7.211236514151096,
              7.5606677224859595,
              7.318428133614361,
              7.254700815305114,
              7.29679799079895,
              7.485448839142919,
              7.097061331383884,
              7.534389461390674,
              7.365925094112754,
              7.417145726270974,
              7.275436591356993,
              7.485034889541566,
              7.232201812788844,
              7.210468479432166,
              7.302279283292592,
              7.313562698662281,
              7.462698712013662,
              7.1519222585484385,
              7.378733800724149,
              7.375886660069227,
              7.352649563923478,
              7.25522225163877,
              7.632798342965543,
              7.412880106829107,
              7.213192380033433,
              7.54318168759346,
              7.314657208509743,
              7.2513116067275405,
              7.407374709844589,
              7.176310384646058,
              7.232778873294592,
              7.269548875279725,
              7.680068858899176,
              7.2159930765628815,
              7.1846789894625545,
              7.279367252252996,
              7.039762840606272,
              7.2654862171038985,
              7.402452360838652,
              7.24979511834681,
              7.644523625262082,
              7.353485694155097,
              7.474882346577942,
              7.420156053267419,
              7.325401435606182,
              7.49927937053144,
              6.997407928109169,
              7.4380583530291915,
              7.307415448129177,
              7.49205638282001,
              7.355825982987881,
              7.254360066726804,
              7.324223726987839,
              7.466059921309352,
              7.511307389475405,
              7.434982104226947,
              7.293005481362343,
              7.333305453881621,
              7.360407983884215,
              7.373554954305291,
              7.030508031137288,
              7.630285184830427,
              7.664548631757498,
              7.517619950696826,
              7.454071228392422,
              7.507316070608795,
              7.334765700623393,
              7.556925027631223,
              7.943315553478897,
              7.227444052696228,
              7.368648621253669,
              7.322301493957639,
              7.404107787646353,
              7.641875464469194,
              7.375940199010074,
              7.17834036052227,
              7.615140866488218,
              7.304057412780821,
              7.002395647577941,
              7.761976845562458,
              7.21926842071116,
              7.329766661860049,
              7.307486942969263,
              7.266861663199961,
              7.391247313469648,
              7.324091196060181,
              7.000599572435021,
              7.288928085938096,
              7.053158034570515,
              7.2302854266017675,
              7.481507956981659,
              7.247096055187285,
              7.549908781424165,
              7.244120360352099,
              7.211143528111279,
              7.460475280880928,
              7.765777163207531,
              7.300761130638421,
              7.338636068627238,
              7.440213054418564,
              7.274785915389657,
              7.2817167760804296,
              7.492611379362643,
              7.200917604379356,
              7.315488089807332,
              7.427032471634448,
              7.299449915997684,
              7.350793858990073,
              7.568662302568555,
              7.432696843519807,
              7.540644207969308,
              7.783849484287202,
              7.452168243937194,
              7.1709864772856236,
              7.122918744571507,
              7.503378483466804,
              7.282484737224877,
              7.561360304243863,
              7.633272988721728,
              7.199134106747806,
              7.378359238617122,
              7.591221689246595,
              7.411347979679704,
              7.434112335555255,
              7.397783022373915,
              7.4683392802253366,
              7.442665902897716,
              7.499481530860066,
              7.540757657028735,
              7.246303714811802,
              7.292240502312779,
              7.409945753403008,
              7.299526404589415,
              7.250044738873839,
              7.329567135311663,
              7.564885470084846,
              7.128930060192943,
              7.3017921410501,
              7.560893815942109,
              7.4291543662548065,
              7.405683398246765,
              7.413762994110584,
              7.485016659833491,
              7.184715357609093,
              7.571444041095674,
              7.400484960526228,
              7.014668731018901,
              7.3200039668008685,
              7.3413177179172635,
              7.3078239830210805,
              7.517369965091348,
              7.385358143597841,
              7.579485367052257,
              7.585992376320064,
              7.549171914346516,
              7.308361670933664,
              7.497586281970143,
              7.557451785542071,
              7.55680796969682,
              7.158085257746279,
              7.73836721945554,
              7.370218803174794,
              7.483332045376301,
              7.594910956919193,
              7.62243038136512,
              7.493929663673043,
              7.488379564136267,
              7.640595623292029,
              7.221073833294213,
              7.301993755623698,
              7.313564833253622,
              7.44755675457418,
              7.466573052108288,
              7.4264421397820115,
              7.215551904402673,
              7.159275299869478,
              7.238557696342468,
              7.3443684270605445,
              7.443789653480053,
              7.422707785852253,
              7.3655281607061625,
              7.516873958520591,
              7.482370125129819,
              7.034860105253756,
              7.499768560752273,
              7.341304207220674,
              7.433845422230661,
              7.538959704339504,
              7.211318885907531,
              7.477174174040556,
              7.489688499830663,
              7.356888459995389,
              7.560841376893222,
              7.6133216908201575,
              7.411224395036697,
              7.51522652618587,
              7.2173421159386635,
              7.5329380333423615,
              7.454367107711732,
              7.2267078794538975,
              7.432818762026727,
              7.376818498596549,
              7.719046748243272,
              7.501108763739467,
              7.2107860352844,
              7.425605962984264,
              7.144624747335911,
              7.841834394261241,
              7.309421354904771,
              7.339792761951685,
              7.56536106672138,
              7.486864267848432,
              7.426362480968237,
              7.275853903964162,
              7.515891178511083,
              7.489548049867153,
              7.278044858947396,
              7.324188871309161,
              7.296125286258757,
              7.753121575340629,
              7.51156475674361,
              7.291607801802456,
              7.267238969914615,
              7.422898516058922,
              7.619261044077575,
              7.322849017567933,
              7.420060329139233,
              7.027555759064853,
              7.521869421936572,
              7.172535051591694,
              7.339308642782271,
              7.245478003285825
            ],
            "prediction_shift_tokens": 16,
            "tokens": 65536
          },
          "destination_neutral": {
            "nll": 7.388291031122208,
            "position_nll": [
              7.183688151650131,
              7.24053920712322,
              7.452512034215033,
              7.466116291470826,
              7.418693385086954,
              7.499626193195581,
              7.632443577982485,
              7.744508752599359,
              7.252729249186814,
              7.351493734866381,
              7.269659289158881,
              7.439443709328771,
              7.815016552805901,
              7.641409440897405,
              7.0965221198275685,
              7.284928007051349,
              7.345546741969883,
              7.331865514628589,
              7.671021938323975,
              7.2520868089050055,
              7.428076021373272,
              7.26416044216603,
              7.492524804547429,
              7.167844081297517,
              7.211191618815064,
              7.560524493455887,
              7.318315585143864,
              7.254734933376312,
              7.296779330819845,
              7.485187996178865,
              7.0975677808746696,
              7.534312745556235,
              7.366205240599811,
              7.416259919293225,
              7.27518061734736,
              7.485263987444341,
              7.232100088149309,
              7.210888455621898,
              7.302260882221162,
              7.314285591244698,
              7.462483769282699,
              7.152002986520529,
              7.378403778187931,
              7.375907301902771,
              7.3525227615609765,
              7.254455657675862,
              7.632798404432833,
              7.412866999395192,
              7.213649362325668,
              7.543078835122287,
              7.314521167427301,
              7.251641810871661,
              7.407197047956288,
              7.176194533705711,
              7.2327748239040375,
              7.269290916621685,
              7.6805806597694755,
              7.215999183245003,
              7.18485889211297,
              7.2782750856131315,
              7.039864916354418,
              7.26574741769582,
              7.402183310128748,
              7.249734761193395,
              7.644452576525509,
              7.353503797203302,
              7.474639001302421,
              7.420153987593949,
              7.32545882742852,
              7.499684394337237,
              6.997210692614317,
              7.437965109944344,
              7.307443882338703,
              7.491913036443293,
              7.355738785117865,
              7.254606268368661,
              7.324244671501219,
              7.464462589472532,
              7.512611461803317,
              7.435137055814266,
              7.292490920983255,
              7.332920308224857,
              7.360701719298959,
              7.3739683059975505,
              7.030223999172449,
              7.630099454894662,
              7.6648695431649685,
              7.517618781886995,
              7.453727860935032,
              7.507137906737626,
              7.334808884188533,
              7.556955818086863,
              7.9432705622166395,
              7.227568259462714,
              7.368595817126334,
              7.322298728860915,
              7.404094502329826,
              7.641718352213502,
              7.376074690371752,
              7.178344057872891,
              7.615139922127128,
              7.304569653235376,
              7.002243331633508,
              7.7618786273524165,
              7.219227205961943,
              7.329846118576825,
              7.307495855726302,
              7.266768769361079,
              7.3914283365011215,
              7.324073911644518,
              7.000575918704271,
              7.288670034147799,
              7.0531453443691134,
              7.231480188667774,
              7.4814615016803145,
              7.247030556201935,
              7.54991539940238,
              7.243829630315304,
              7.21102949231863,
              7.460600345395505,
              7.765616858378053,
              7.300718609243631,
              7.338645065203309,
              7.440198878757656,
              7.27475427929312,
              7.281346035189927,
              7.492913885973394,
              7.201271255500615,
              7.316352617926896,
              7.4266664469614625,
              7.299301151186228,
              7.350797955878079,
              7.568343022838235,
              7.432556116953492,
              7.543226304464042,
              7.782827061600983,
              7.4520280016586185,
              7.170979342423379,
              7.1229798486456275,
              7.502145749516785,
              7.282488374970853,
              7.561420782469213,
              7.632991121150553,
              7.19866634439677,
              7.378663796000183,
              7.591243200935423,
              7.411318098194897,
              7.433861394412816,
              7.39776355214417,
              7.467873120680451,
              7.4428095277398825,
              7.499228327535093,
              7.540976207703352,
              7.246641117148101,
              7.292189424857497,
              7.410453796386719,
              7.29950266610831,
              7.2493109833449125,
              7.329964187927544,
              7.564690696075559,
              7.129616116173565,
              7.301919701509178,
              7.560359667055309,
              7.42890970222652,
              7.4059685356915,
              7.414699628949165,
              7.4847106616944075,
              7.184970185160637,
              7.571549559012055,
              7.400532710365951,
              7.0146453166380525,
              7.3198536382988095,
              7.341581933200359,
              7.307407011277974,
              7.5173736130818725,
              7.385257380083203,
              7.579336417838931,
              7.584805548191071,
              7.54915807954967,
              7.308435038663447,
              7.497595839202404,
              7.557492324151099,
              7.55668378341943,
              7.157722086645663,
              7.738686511293054,
              7.370184353552759,
              7.48330383002758,
              7.594910881482065,
              7.622423206456006,
              7.493946874514222,
              7.4883786384016275,
              7.640220873057842,
              7.220879478380084,
              7.302047704346478,
              7.313359612599015,
              7.447725806385279,
              7.466509752906859,
              7.426359533332288,
              7.215319569222629,
              7.159129774197936,
              7.2385908383876085,
              7.344138043932617,
              7.443438509479165,
              7.422779113985598,
              7.365523257292807,
              7.516993786208332,
              7.482420944608748,
              7.034862032160163,
              7.499833538196981,
              7.341078415513039,
              7.433929345570505,
              7.538935013115406,
              7.211272498592734,
              7.476535340771079,
              7.489633756689727,
              7.3570212330669165,
              7.560880105011165,
              7.613359517417848,
              7.411327023990452,
              7.515555499121547,
              7.217155638150871,
              7.533016595058143,
              7.4543992932885885,
              7.226678648963571,
              7.432758122682571,
              7.376779248006642,
              7.718923849053681,
              7.5012610368430614,
              7.210703250952065,
              7.42574754729867,
              7.144244700670242,
              7.842556221410632,
              7.309419060125947,
              7.3397418996319175,
              7.565259784460068,
              7.486679205670953,
              7.426343212835491,
              7.2758304653689265,
              7.515846986323595,
              7.48959550447762,
              7.278042339719832,
              7.324402267113328,
              7.295554763637483,
              7.753246143460274,
              7.511240696534514,
              7.292502476833761,
              7.26717864535749,
              7.423053085803986,
              7.61903346888721,
              7.322679467499256,
              7.42017896939069,
              7.02774144988507,
              7.522004545666277,
              7.1724827932193875,
              7.339321906678379,
              7.245417314581573
            ],
            "prediction_shift_tokens": 16,
            "tokens": 65536
          },
          "normal": {
            "nll": 7.388290524482727,
            "position_nll": [
              7.183685887604952,
              7.240542428568006,
              7.452511437237263,
              7.4661200335249305,
              7.418697971850634,
              7.499623540788889,
              7.632444706745446,
              7.744502214714885,
              7.252803581766784,
              7.351499198004603,
              7.2696632463485,
              7.4394546104595065,
              7.815010575577617,
              7.641410678625107,
              7.096525326371193,
              7.284927434287965,
              7.345523525960743,
              7.331881428137422,
              7.671024115756154,
              7.252137970179319,
              7.428064255043864,
              7.264160248450935,
              7.4925264259800315,
              7.167843045666814,
              7.211205033585429,
              7.560537872835994,
              7.318315025418997,
              7.254749528132379,
              7.296778162941337,
              7.485197257250547,
              7.097565636970103,
              7.534313943237066,
              7.366226815618575,
              7.4162582736462355,
              7.275180347263813,
              7.485264554619789,
              7.232100966386497,
              7.210890115238726,
              7.302263665944338,
              7.31428624689579,
              7.462463548406959,
              7.152000105008483,
              7.378402773290873,
              7.375898371450603,
              7.352521700784564,
              7.254454652778804,
              7.6328003806993365,
              7.412865755148232,
              7.213677193969488,
              7.543083541095257,
              7.314517565071583,
              7.251634695567191,
              7.4071856159716845,
              7.176196031272411,
              7.232773579657078,
              7.269291517324746,
              7.680589327588677,
              7.216010166332126,
              7.184859540313482,
              7.2782983761280775,
              7.03985754866153,
              7.265740930102766,
              7.402183081023395,
              7.249735824763775,
              7.644425792619586,
              7.353514302521944,
              7.474638868123293,
              7.420147490687668,
              7.325458517298102,
              7.499685161747038,
              6.997214426286519,
              7.437973031774163,
              7.307440192438662,
              7.491895589977503,
              7.355738778598607,
              7.254611852578819,
              7.324243864044547,
              7.464464794844389,
              7.512613014318049,
              7.435139432549477,
              7.292496684007347,
              7.332946558482945,
              7.36069902125746,
              7.373996431939304,
              7.030232201330364,
              7.630095331929624,
              7.6648745238780975,
              7.5176148330792785,
              7.45380240585655,
              7.507158190011978,
              7.334810563363135,
              7.556974806822836,
              7.94326944835484,
              7.227567513473332,
              7.368595902808011,
              7.322300401516259,
              7.404073500074446,
              7.64173233974725,
              7.376074121333659,
              7.178394926711917,
              7.615132729522884,
              7.304566043429077,
              7.002236093394458,
              7.761877823621035,
              7.219175331294537,
              7.329819222912192,
              7.30749546084553,
              7.266720918007195,
              7.391444099135697,
              7.324074424803257,
              7.0005815122276545,
              7.288671465590596,
              7.05313506256789,
              7.231471544131637,
              7.481459936127067,
              7.247023932635784,
              7.549906969070435,
              7.24383123870939,
              7.2110272934660316,
              7.460599805228412,
              7.765661877579987,
              7.3007223615422845,
              7.338642595335841,
              7.440210089087486,
              7.27475424669683,
              7.281348059885204,
              7.492910980246961,
              7.201268998906016,
              7.316327281296253,
              7.426654159091413,
              7.299303068779409,
              7.350813922472298,
              7.568349130451679,
              7.432556878775358,
              7.5432252595201135,
              7.7828327072784305,
              7.452106566168368,
              7.170965723693371,
              7.122973306104541,
              7.50218353793025,
              7.282490374520421,
              7.56141731608659,
              7.632991365157068,
              7.198658064007759,
              7.378687348216772,
              7.591228142380714,
              7.411318402737379,
              7.433903084136546,
              7.397764649242163,
              7.467873338609934,
              7.442808920517564,
              7.499225762672722,
              7.540975604206324,
              7.246650415472686,
              7.2921849666163325,
              7.410436891019344,
              7.299496564082801,
              7.24930786434561,
              7.329961514100432,
              7.564689590595663,
              7.129616757854819,
              7.301918906159699,
              7.560357350856066,
              7.428910529240966,
              7.405973104760051,
              7.414699513465166,
              7.484709474258125,
              7.1849698536098,
              7.5715490905568,
              7.40053257253021,
              7.014644477516413,
              7.3198505295440555,
              7.341580175794661,
              7.307407418265939,
              7.517373269423842,
              7.385257048532367,
              7.579343036748469,
              7.584808702580631,
              7.54916284698993,
              7.308437878265977,
              7.497586991637945,
              7.557490709237754,
              7.556681587360799,
              7.157726933248341,
              7.738633124157786,
              7.370185843668878,
              7.483305674046278,
              7.594920116476715,
              7.622423371300101,
              7.493942799046636,
              7.488378006033599,
              7.640219916589558,
              7.2208473943173885,
              7.302039213478565,
              7.3133579241111875,
              7.447740374132991,
              7.466514249332249,
              7.426359727978706,
              7.215320814400911,
              7.1591320326551795,
              7.238602587021887,
              7.344147616066039,
              7.443438551388681,
              7.422795088030398,
              7.3655231557786465,
              7.516991190612316,
              7.482420054264367,
              7.034861040301621,
              7.499769545160234,
              7.341087996959686,
              7.433929121121764,
              7.538905616849661,
              7.2112762704491615,
              7.476533955894411,
              7.48963638022542,
              7.357026534155011,
              7.560733492486179,
              7.613346923142672,
              7.411331492476165,
              7.515547242946923,
              7.217150420881808,
              7.533019980415702,
              7.454398225061595,
              7.22668450511992,
              7.432746738195419,
              7.376803724095225,
              7.718926794826984,
              7.501285549253225,
              7.210681858472526,
              7.425745638087392,
              7.144244937226176,
              7.842545792460442,
              7.309271180070937,
              7.339722426608205,
              7.565258356742561,
              7.4866780284792185,
              7.42634348385036,
              7.275826127268374,
              7.515846052207053,
              7.489591045305133,
              7.278027404099703,
              7.3244019858539104,
              7.2955561876297,
              7.7532349759712815,
              7.511240147985518,
              7.292502108961344,
              7.267180145718157,
              7.423050037585199,
              7.6189986653625965,
              7.322667769156396,
              7.420179499313235,
              7.027724416926503,
              7.522004270926118,
              7.172483614645898,
              7.339322038926184,
              7.245415156707168
            ],
            "prediction_shift_tokens": 16,
            "tokens": 65536
          },
          "source_neutral": {
            "nll": 7.388290494680405,
            "position_nll": [
              7.183685852214694,
              7.240542414598167,
              7.452511425130069,
              7.466120072640479,
              7.418697970919311,
              7.499623498879373,
              7.632444666698575,
              7.744502275250852,
              7.252803643234074,
              7.351499164476991,
              7.269663270562887,
              7.439454630017281,
              7.815010615624487,
              7.6414106311276555,
              7.096525308676064,
              7.28492742870003,
              7.345523504540324,
              7.331881449557841,
              7.671024107374251,
              7.252137920819223,
              7.428064280189574,
              7.264160222373903,
              7.492526458576322,
              7.167843117378652,
              7.2112050000578165,
              7.560537874698639,
              7.3183150086551905,
              7.254749543964863,
              7.296778213232756,
              7.485197295434773,
              7.097565702162683,
              7.534313978627324,
              7.36622678488493,
              7.41625823546201,
              7.275180350989103,
              7.485264514572918,
              7.232100955210626,
              7.210890118964016,
              7.302263640798628,
              7.314286267384887,
              7.462463523261249,
              7.152000066824257,
              7.37840273976326,
              7.375898354686797,
              7.35252165235579,
              7.25445465836674,
              7.632800383493304,
              7.412865710444748,
              7.213677195832133,
              7.543083534575999,
              7.3145175483077765,
              7.251634681597352,
              7.407185609452426,
              7.176196037791669,
              7.232773602940142,
              7.269291517324746,
              7.68058932852,
              7.216010166332126,
              7.184859560802579,
              7.278298411518335,
              7.039857551455498,
              7.265740926377475,
              7.402183038182557,
              7.249735821038485,
              7.644425770267844,
              7.3535143081098795,
              7.4746388755738735,
              7.420147437602282,
              7.3254585498943925,
              7.499685138463974,
              6.997214468196034,
              7.437973014079034,
              7.307440125383437,
              7.4918955797329545,
              7.3557387897744775,
              7.254611894488335,
              7.324243847280741,
              7.464464757591486,
              7.512613006867468,
              7.435139442794025,
              7.29249672126025,
              7.332946520298719,
              7.3606990072876215,
              7.373996455222368,
              7.030232187360525,
              7.630095372907817,
              7.664874487556517,
              7.517614837735891,
              7.453802393749356,
              7.507158173248172,
              7.334810526110232,
              7.556974849663675,
              7.943269443698227,
              7.227567466907203,
              7.3685959074646235,
              7.32230041641742,
              7.404073542915285,
              7.6417323453351855,
              7.376074146479368,
              7.17839490249753,
              7.615132790058851,
              7.3045660723000765,
              7.002236098982394,
              7.761877855286002,
              7.219175350852311,
              7.329819183796644,
              7.307495477609336,
              7.266720934771001,
              7.391444090753794,
              7.324074453674257,
              7.000581516884267,
              7.288671476766467,
              7.053135075606406,
              7.231471531093121,
              7.481459928676486,
              7.2470239186659455,
              7.549906973727047,
              7.24383127130568,
              7.211027323268354,
              7.460599824786186,
              7.765661858953536,
              7.3007223550230265,
              7.338642599992454,
              7.440210087224841,
              7.274754223413765,
              7.281348061747849,
              7.492911008186638,
              7.201269026845694,
              7.316327310167253,
              7.426654190756381,
              7.29930307995528,
              7.350813930854201,
              7.56834910903126,
              7.432556917890906,
              7.543225234374404,
              7.782832705415785,
              7.452106540091336,
              7.170965720899403,
              7.122973316349089,
              7.502183549106121,
              7.282490369863808,
              7.561417319811881,
              7.632991348393261,
              7.198658114299178,
              7.378687355667353,
              7.591228153556585,
              7.41131844650954,
              7.433903086930513,
              7.397764593362808,
              7.467873333021998,
              7.442808915860951,
              7.4992257580161095,
              7.540975647047162,
              7.246650397777557,
              7.292184952646494,
              7.410436885431409,
              7.299496547318995,
              7.249307873658836,
              7.329961483366787,
              7.564689605496824,
              7.129616774618626,
              7.301918846555054,
              7.56035733781755,
              7.428910546936095,
              7.405973091721535,
              7.414699560962617,
              7.484709431417286,
              7.184969860129058,
              7.571549068205059,
              7.400532519444823,
              7.014644470997155,
              7.319850530475378,
              7.341580138541758,
              7.307407438755035,
              7.517373215407133,
              7.38525705318898,
              7.579343052580953,
              7.584808671846986,
              7.549162871204317,
              7.3084378549829125,
              7.497586949728429,
              7.557490733452141,
              7.556681624613702,
              7.157726910896599,
              7.738633099943399,
              7.370185870677233,
              7.483305666595697,
              7.5949200969189405,
              7.622423357330263,
              7.493942781351507,
              7.488378066569567,
              7.640219887718558,
              7.220847411081195,
              7.302039231173694,
              7.313357897102833,
              7.447740376926959,
              7.466514225117862,
              7.426359684206545,
              7.215320826508105,
              7.159132061526179,
              7.238602630794048,
              7.344147601164877,
              7.443438537418842,
              7.422795066609979,
              7.365523123182356,
              7.5169912008568645,
              7.482420118525624,
              7.034861035645008,
              7.499769568443298,
              7.341087967157364,
              7.4339291183277965,
              7.538905566558242,
              7.211276285350323,
              7.476533965207636,
              7.489636396057904,
              7.357026504352689,
              7.560733458958566,
              7.613346963189542,
              7.41133151575923,
              7.5155472392216325,
              7.217150426469743,
              7.533020012080669,
              7.454398228786886,
              7.226684510707855,
              7.432746747508645,
              7.376803743652999,
              7.718926811590791,
              7.501285493373871,
              7.21068188175559,
              7.425745603628457,
              7.144244941882789,
              7.8425457989797,
              7.309271182864904,
              7.339722389355302,
              7.565258369781077,
              7.486678033135831,
              7.426343495957553,
              7.2758261524140835,
              7.515846027061343,
              7.489591066725552,
              7.278027427382767,
              7.324401994235814,
              7.295556185767055,
              7.753234931267798,
              7.511240171268582,
              7.2925020745024085,
              7.267180139198899,
              7.423050006851554,
              7.618998676538467,
              7.322667771950364,
              7.42017949745059,
              7.027724402025342,
              7.522004248574376,
              7.1724836295470595,
              7.339322047308087,
              7.245415194891393
            ],
            "prediction_shift_tokens": 16,
            "tokens": 65536
          }
        },
        "neutral_minus_normal_nll": {
          "both_neutral": 1.3768672943115234e-05,
          "destination_neutral": 5.066394805908203e-07,
          "source_neutral": -2.9802322387695312e-08
        }
      },
      "router_telemetry": {
        "destination": {
          "maximum_layer_gate_std": 0.9399694800376892,
          "mean_gate_mean": 0.03320797160929086,
          "mean_gate_std": 0.05002365678397605,
          "mean_router_weight_rms": 0.8453285917639732,
          "mean_saturation_fraction": 0.9954643249511719
        },
        "mean_absolute_path_cosine": 0.017729964945465325,
        "mean_mixer_update_to_state_rms": 0.2370376064610448,
        "per_layer": [
          {
            "absolute_path_cosine": 0.03354817256331444,
            "destination_gate_max": 2.0,
            "destination_gate_mean": 0.8108466863632202,
            "destination_gate_min": 4.067152111588916e-17,
            "destination_gate_saturation_fraction": 0.8548583984375,
            "destination_gate_std": 0.9399694800376892,
            "destination_router_weight_rms": 0.6581763625144958,
            "layer": 0,
            "mixer_update_to_state_rms": 7.585192680358887,
            "source_gate_max": 2.0,
            "source_gate_mean": 1.5258266925811768,
            "source_gate_min": 5.44269496465066e-34,
            "source_gate_saturation_fraction": 0.9560546875,
            "source_gate_std": 0.8355796337127686,
            "source_router_weight_rms": 0.945239245891571
          },
          {
            "destination_gate_max": 1.737330080686661e-06,
            "destination_gate_mean": 2.115656261292287e-10,
            "destination_gate_min": 9.91380443519661e-29,
            "destination_gate_saturation_fraction": 1.0,
            "destination_gate_std": 1.4256574587534487e-08,
            "destination_router_weight_rms": 0.6826889514923096,
            "layer": 1,
            "mixer_update_to_state_rms": 4.804347024378597e-13,
            "source_gate_max": 2.0,
            "source_gate_mean": 0.26012808084487915,
            "source_gate_min": 1.929046883707336e-22,
            "source_gate_saturation_fraction": 0.94329833984375,
            "source_gate_std": 0.6577304601669312,
            "source_router_weight_rms": 0.7300235033035278
          },
          {
            "destination_gate_max": 7.064114484339745e-12,
            "destination_gate_mean": 3.624378425962256e-14,
            "destination_gate_min": 3.587002644434979e-33,
            "destination_gate_saturation_fraction": 1.0,
            "destination_gate_std": 1.5363074310978386e-13,
            "destination_router_weight_rms": 0.7197280526161194,
            "layer": 2,
            "mixer_update_to_state_rms": 2.9731525947934227e-19,
            "source_gate_max": 2.0,
            "source_gate_mean": 0.3811858594417572,
            "source_gate_min": 3.373071547558267e-26,
            "source_gate_saturation_fraction": 0.98809814453125,
            "source_gate_std": 0.7807994484901428,
            "source_router_weight_rms": 0.744358479976654
          },
          {
            "destination_gate_max": 5.256072421533512e-21,
            "destination_gate_mean": 2.2966684348793214e-22,
            "destination_gate_min": 4.0341359924739944e-30,
            "destination_gate_saturation_fraction": 1.0,
            "destination_gate_std": 7.325962657476753e-22,
            "destination_router_weight_rms": 0.7383179664611816,
            "layer": 3,
            "mixer_update_to_state_rms": 0.0,
            "source_gate_max": 5.076913282137108e-12,
            "source_gate_mean": 3.357856256502173e-13,
            "source_gate_min": 5.063657166824458e-26,
            "source_gate_saturation_fraction": 1.0,
            "source_gate_std": 9.35565101951863e-13,
            "source_router_weight_rms": 0.7205389142036438
          },
          {
            "destination_gate_max": 3.113576843531956e-19,
            "destination_gate_mean": 1.9780796502983898e-20,
            "destination_gate_min": 2.5639343246595807e-34,
            "destination_gate_saturation_fraction": 1.0,
            "destination_gate_std": 6.414259615177934e-20,
            "destination_router_weight_rms": 0.7491486668586731,
            "layer": 4,
            "mixer_update_to_state_rms": 0.0,
            "source_gate_max": 8.982297003967687e-07,
            "source_gate_mean": 6.323383416884099e-08,
            "source_gate_min": 2.983327691809649e-20,
            "source_gate_saturation_fraction": 1.0,
            "source_gate_std": 1.918226502084508e-07,
            "source_router_weight_rms": 0.7411518096923828
          },
          {
            "destination_gate_max": 5.481409244391934e-26,
            "destination_gate_mean": 6.549654021437513e-27,
            "destination_gate_min": 0.0,
            "destination_gate_saturation_fraction": 1.0,
            "destination_gate_std": 0.0,
            "destination_router_weight_rms": 0.7795982360839844,
            "layer": 5,
            "mixer_update_to_state_rms": 0.0,
            "source_gate_max": 1.9686223268508911,
            "source_gate_mean": 0.2451208084821701,
            "source_gate_min": 3.1019672828554176e-21,
            "source_gate_saturation_fraction": 1.0,
            "source_gate_std": 0.6485501527786255,
            "source_router_weight_rms": 0.7107433080673218
          },
          {
            "destination_gate_max": 2.487977680468238e-22,
            "destination_gate_mean": 2.98760336587869e-23,
            "destination_gate_min": 4.141477747841601e-37,
            "destination_gate_saturation_fraction": 1.0,
            "destination_gate_std": 8.370479371910218e-23,
            "destination_router_weight_rms": 0.7945272326469421,
            "layer": 6,
            "mixer_update_to_state_rms": 0.0,
            "source_gate_max": 3.820503212837584e-13,
            "source_gate_mean": 8.265803541846264e-14,
            "source_gate_min": 1.1325154185539635e-29,
            "source_gate_saturation_fraction": 1.0,
            "source_gate_std": 1.4421877049791004e-13,
            "source_router_weight_rms": 0.7522256970405579
          },
          {
            "absolute_path_cosine": 0.023010652512311935,
            "destination_gate_max": 3.4004728067686097e-19,
            "destination_gate_mean": 4.1598764371275444e-20,
            "destination_gate_min": 0.0,
            "destination_gate_saturation_fraction": 1.0,
            "destination_gate_std": 1.1008619777632345e-19,
            "destination_router_weight_rms": 0.8567749261856079,
            "layer": 7,
            "mixer_update_to_state_rms": 0.0,
            "source_gate_max": 1.999999761581421,
            "source_gate_mean": 0.2499999850988388,
            "source_gate_min": 2.3163447715571957e-22,
            "source_gate_saturation_fraction": 1.0,
            "source_gate_std": 0.661457896232605,
            "source_router_weight_rms": 0.7576731443405151
          },
          {
            "destination_gate_max": 2.0790162726515013e-34,
            "destination_gate_mean": 2.645421624918934e-35,
            "destination_gate_min": 0.0,
            "destination_gate_saturation_fraction": 1.0,
            "destination_gate_std": 0.0,
            "destination_router_weight_rms": 0.8515485525131226,
            "layer": 8,
            "mixer_update_to_state_rms": 0.0,
            "source_gate_max": 1.9999985694885254,
            "source_gate_mean": 0.24999985098838806,
            "source_gate_min": 4.1131550173012413e-29,
            "source_gate_saturation_fraction": 1.0,
            "source_gate_std": 0.6614575386047363,
            "source_router_weight_rms": 0.7667427062988281
          },
          {
            "destination_gate_max": 3.0420239795749014e-31,
            "destination_gate_mean": 3.7931609906189854e-32,
            "destination_gate_min": 0.0,
            "destination_gate_saturation_fraction": 1.0,
            "destination_gate_std": 0.0,
            "destination_router_weight_rms": 0.8829956650733948,
            "layer": 9,
            "mixer_update_to_state_rms": 0.0,
            "source_gate_max": 1.7480650171819434e-07,
            "source_gate_mean": 2.287866074368594e-08,
            "source_gate_min": 2.6734148486103727e-25,
            "source_gate_saturation_fraction": 1.0,
            "source_gate_std": 5.74319116708466e-08,
            "source_router_weight_rms": 0.7601612210273743
          },
          {
            "destination_gate_max": 4.034141839476935e-27,
            "destination_gate_mean": 5.038793661613312e-28,
            "destination_gate_min": 0.0,
            "destination_gate_saturation_fraction": 1.0,
            "destination_gate_std": 0.0,
            "destination_router_weight_rms": 0.8502397537231445,
            "layer": 10,
            "mixer_update_to_state_rms": 0.0,
            "source_gate_max": 1.4753940689004176e-15,
            "source_gate_mean": 2.1257846910898267e-16,
            "source_gate_min": 2.023915015731667e-30,
            "source_gate_saturation_fraction": 1.0,
            "source_gate_std": 4.812034407416675e-16,
            "source_router_weight_rms": 0.7647857069969177
          },
          {
            "destination_gate_max": 8.496632839372946e-28,
            "destination_gate_mean": 1.06216769769906e-28,
            "destination_gate_min": 0.0,
            "destination_gate_saturation_fraction": 1.0,
            "destination_gate_std": 0.0,
            "destination_router_weight_rms": 0.8345342874526978,
            "layer": 11,
            "mixer_update_to_state_rms": 0.0,
            "source_gate_max": 0.27159032225608826,
            "source_gate_mean": 0.03405919298529625,
            "source_gate_min": 5.095409637140156e-36,
            "source_gate_saturation_fraction": 0.875,
            "source_gate_std": 0.08976589143276215,
            "source_router_weight_rms": 0.7874035239219666
          },
          {
            "destination_gate_max": 1.9999895095825195,
            "destination_gate_mean": 0.25180840492248535,
            "destination_gate_min": 0.0,
            "destination_gate_saturation_fraction": 1.0,
            "destination_gate_std": 0.6607875227928162,
            "destination_router_weight_rms": 0.7786681652069092,
            "layer": 12,
            "mixer_update_to_state_rms": 1.0726394066296052e-05,
            "source_gate_max": 1.5189400911331177,
            "source_gate_mean": 0.19190527498722076,
            "source_gate_min": 3.738667864313947e-33,
            "source_gate_saturation_fraction": 0.875,
            "source_gate_std": 0.5016143918037415,
            "source_router_weight_rms": 0.8349419832229614
          },
          {
            "destination_gate_max": 1.9583498045113557e-36,
            "destination_gate_mean": 4.0929116577689085e-37,
            "destination_gate_min": 0.0,
            "destination_gate_saturation_fraction": 1.0,
            "destination_gate_std": 0.0,
            "destination_router_weight_rms": 0.8870981335639954,
            "layer": 13,
            "mixer_update_to_state_rms": 0.0,
            "source_gate_max": 8.275436812255066e-06,
            "source_gate_mean": 1.0344181191612734e-06,
            "source_gate_min": 0.0,
            "source_gate_saturation_fraction": 1.0,
            "source_gate_std": 2.7368964765628334e-06,
            "source_router_weight_rms": 0.7725710868835449
          },
          {
            "destination_gate_max": 2.217456775170826e-31,
            "destination_gate_mean": 2.7743365268742923e-32,
            "destination_gate_min": 0.0,
            "destination_gate_saturation_fraction": 1.0,
            "destination_gate_std": 0.0,
            "destination_router_weight_rms": 0.933613121509552,
            "layer": 14,
            "mixer_update_to_state_rms": 0.0,
            "source_gate_max": 0.030429581180214882,
            "source_gate_mean": 0.0038038580678403378,
            "source_gate_min": 3.2803406479753e-31,
            "source_gate_saturation_fraction": 1.0,
            "source_gate_std": 0.010063867084681988,
            "source_router_weight_rms": 0.7631555795669556
          },
          {
            "absolute_path_cosine": 0.01372794434428215,
            "destination_gate_max": 4.653462265025063e-28,
            "destination_gate_mean": 9.155791511006713e-29,
            "destination_gate_min": 0.0,
            "destination_gate_saturation_fraction": 1.0,
            "destination_gate_std": 0.0,
            "destination_router_weight_rms": 0.8295857906341553,
            "layer": 15,
            "mixer_update_to_state_rms": 0.0,
            "source_gate_max": 0.4770311415195465,
            "source_gate_mean": 0.05963663384318352,
            "source_gate_min": 1.512118438186625e-36,
            "source_gate_saturation_fraction": 0.875,
            "source_gate_std": 0.15776465833187103,
            "source_router_weight_rms": 0.7678948044776917
          },
          {
            "destination_gate_max": 6.003268466586832e-27,
            "destination_gate_mean": 7.505510771392387e-28,
            "destination_gate_min": 0.0,
            "destination_gate_saturation_fraction": 1.0,
            "destination_gate_std": 0.0,
            "destination_router_weight_rms": 0.8870117664337158,
            "layer": 16,
            "mixer_update_to_state_rms": 0.0,
            "source_gate_max": 2.2283328048686515e-19,
            "source_gate_mean": 2.800926611923464e-20,
            "source_gate_min": 0.0,
            "source_gate_saturation_fraction": 1.0,
            "source_gate_std": 7.363910779767973e-20,
            "source_router_weight_rms": 0.8540807366371155
          },
          {
            "destination_gate_max": 2.2351968633289507e-17,
            "destination_gate_mean": 2.7939679550203616e-18,
            "destination_gate_min": 0.0,
            "destination_gate_saturation_fraction": 1.0,
            "destination_gate_std": 7.392369204959824e-18,
            "destination_router_weight_rms": 0.8650397658348083,
            "layer": 17,
            "mixer_update_to_state_rms": 0.0,
            "source_gate_max": 1.967739462852478,
            "source_gate_mean": 0.24600008130073547,
            "source_gate_min": 7.15837634339117e-28,
            "source_gate_saturation_fraction": 1.0,
            "source_gate_std": 0.6507761478424072,
            "source_router_weight_rms": 0.8159218430519104
          },
          {
            "destination_gate_max": 1.4165042636170504e-22,
            "destination_gate_mean": 1.774332138205153e-23,
            "destination_gate_min": 0.0,
            "destination_gate_saturation_fraction": 1.0,
            "destination_gate_std": 5.293955920339377e-23,
            "destination_router_weight_rms": 0.879999041557312,
            "layer": 18,
            "mixer_update_to_state_rms": 0.0,
            "source_gate_max": 0.007080608047544956,
            "source_gate_mean": 0.0008850738522596657,
            "source_gate_min": 2.6072440824009336e-33,
            "source_gate_saturation_fraction": 1.0,
            "source_gate_std": 0.0023417568299919367,
            "source_router_weight_rms": 0.8334203362464905
          },
          {
            "destination_gate_max": 2.0519506587167809e-35,
            "destination_gate_mean": 3.1780573863814095e-36,
            "destination_gate_min": 0.0,
            "destination_gate_saturation_fraction": 1.0,
            "destination_gate_std": 0.0,
            "destination_router_weight_rms": 0.9002060294151306,
            "layer": 19,
            "mixer_update_to_state_rms": 0.0,
            "source_gate_max": 2.99385346170681e-18,
            "source_gate_mean": 4.126439082581766e-19,
            "source_gate_min": 1.09956135015684e-37,
            "source_gate_saturation_fraction": 1.0,
            "source_gate_std": 9.774836725521287e-19,
            "source_router_weight_rms": 0.8043096661567688
          },
          {
            "destination_gate_max": 1.0111539542216226e-27,
            "destination_gate_mean": 1.2639259520018795e-28,
            "destination_gate_min": 0.0,
            "destination_gate_saturation_fraction": 1.0,
            "destination_gate_std": 0.0,
            "destination_router_weight_rms": 0.8879080414772034,
            "layer": 20,
            "mixer_update_to_state_rms": 0.0,
            "source_gate_max": 0.010634942911565304,
            "source_gate_mean": 0.0019449382089078426,
            "source_gate_min": 2.7123106129517415e-29,
            "source_gate_saturation_fraction": 1.0,
            "source_gate_std": 0.003658846952021122,
            "source_router_weight_rms": 0.7578414082527161
          },
          {
            "destination_gate_max": 9.350700210508647e-32,
            "destination_gate_mean": 1.1690475724603935e-32,
            "destination_gate_min": 0.0,
            "destination_gate_saturation_fraction": 1.0,
            "destination_gate_std": 0.0,
            "destination_router_weight_rms": 0.9157704710960388,
            "layer": 21,
            "mixer_update_to_state_rms": 0.0,
            "source_gate_max": 0.012100113555788994,
            "source_gate_mean": 0.001512513030320406,
            "source_gate_min": 7.262745414528646e-32,
            "source_gate_saturation_fraction": 1.0,
            "source_gate_std": 0.004001845605671406,
            "source_router_weight_rms": 0.7673971652984619
          },
          {
            "destination_gate_max": 1.2296502939196319e-33,
            "destination_gate_mean": 1.5370975352993395e-34,
            "destination_gate_min": 0.0,
            "destination_gate_saturation_fraction": 1.0,
            "destination_gate_std": 0.0,
            "destination_router_weight_rms": 0.8970952033996582,
            "layer": 22,
            "mixer_update_to_state_rms": 0.0,
            "source_gate_max": 0.2733648121356964,
            "source_gate_mean": 0.04465711861848831,
            "source_gate_min": 7.830722069839455e-35,
            "source_gate_saturation_fraction": 0.75,
            "source_gate_std": 0.09070273488759995,
            "source_router_weight_rms": 0.7737030386924744
          },
          {
            "absolute_path_cosine": 0.006292969454079866,
            "destination_gate_max": 1.7124335361882622e-23,
            "destination_gate_mean": 2.1439421079520566e-24,
            "destination_gate_min": 0.0,
            "destination_gate_saturation_fraction": 1.0,
            "destination_gate_std": 0.0,
            "destination_router_weight_rms": 0.880435049533844,
            "layer": 23,
            "mixer_update_to_state_rms": 0.0,
            "source_gate_max": 1.559571623802185,
            "source_gate_mean": 0.20966577529907227,
            "source_gate_min": 7.156683450970054e-28,
            "source_gate_saturation_fraction": 0.75,
            "source_gate_std": 0.5116839408874512,
            "source_router_weight_rms": 0.7802280783653259
          },
          {
            "destination_gate_max": 2.0097375043302617e-36,
            "destination_gate_mean": 2.596162123040388e-37,
            "destination_gate_min": 0.0,
            "destination_gate_saturation_fraction": 1.0,
            "destination_gate_std": 0.0,
            "destination_router_weight_rms": 0.8855236172676086,
            "layer": 24,
            "mixer_update_to_state_rms": 0.0,
            "source_gate_max": 0.00022754305973649025,
            "source_gate_mean": 3.164404915878549e-05,
            "source_gate_min": 1.0918630096584592e-28,
            "source_gate_saturation_fraction": 1.0,
            "source_gate_std": 7.451635610777885e-05,
            "source_router_weight_rms": 0.7354110479354858
          },
          {
            "destination_gate_max": 1.1770856880546567e-30,
            "destination_gate_mean": 1.4713785040655058e-31,
            "destination_gate_min": 0.0,
            "destination_gate_saturation_fraction": 1.0,
            "destination_gate_std": 0.0,
            "destination_router_weight_rms": 0.8753023743629456,
            "layer": 25,
            "mixer_update_to_state_rms": 0.0,
            "source_gate_max": 0.19406947493553162,
            "source_gate_mean": 0.02425864338874817,
            "source_gate_min": 0.0,
            "source_gate_saturation_fraction": 0.875,
            "source_gate_std": 0.06418422609567642,
            "source_router_weight_rms": 0.7616509795188904
          },
          {
            "destination_gate_max": 1.0724578450954238e-27,
            "destination_gate_mean": 1.3405635193139085e-28,
            "destination_gate_min": 0.0,
            "destination_gate_saturation_fraction": 1.0,
            "destination_gate_std": 0.0,
            "destination_router_weight_rms": 0.8778058886528015,
            "layer": 26,
            "mixer_update_to_state_rms": 0.0,
            "source_gate_max": 9.399820442013151e-07,
            "source_gate_mean": 1.595520018327079e-07,
            "source_gate_min": 1.742561711880463e-23,
            "source_gate_saturation_fraction": 1.0,
            "source_gate_std": 3.1483227758144494e-07,
            "source_router_weight_rms": 0.7126272916793823
          },
          {
            "destination_gate_max": 1.4120737561216057e-31,
            "destination_gate_mean": 1.7651076235153616e-32,
            "destination_gate_min": 0.0,
            "destination_gate_saturation_fraction": 1.0,
            "destination_gate_std": 0.0,
            "destination_router_weight_rms": 0.9172034859657288,
            "layer": 27,
            "mixer_update_to_state_rms": 0.0,
            "source_gate_max": 0.7365655303001404,
            "source_gate_mean": 0.0920705646276474,
            "source_gate_min": 5.222267072136831e-32,
            "source_gate_saturation_fraction": 0.875,
            "source_gate_std": 0.24360324442386627,
            "source_router_weight_rms": 0.7656736373901367
          },
          {
            "destination_gate_max": 1.3060344090743235e-31,
            "destination_gate_mean": 1.6711152421604054e-32,
            "destination_gate_min": 0.0,
            "destination_gate_saturation_fraction": 1.0,
            "destination_gate_std": 0.0,
            "destination_router_weight_rms": 0.8928347826004028,
            "layer": 28,
            "mixer_update_to_state_rms": 0.0,
            "source_gate_max": 0.013701538555324078,
            "source_gate_mean": 0.0017136126989498734,
            "source_gate_min": 2.718154871442109e-27,
            "source_gate_saturation_fraction": 1.0,
            "source_gate_std": 0.004531129263341427,
            "source_router_weight_rms": 0.7265346050262451
          },
          {
            "destination_gate_max": 9.647625273516321e-26,
            "destination_gate_mean": 1.2063160043910627e-26,
            "destination_gate_min": 0.0,
            "destination_gate_saturation_fraction": 1.0,
            "destination_gate_std": 0.0,
            "destination_router_weight_rms": 0.890626847743988,
            "layer": 29,
            "mixer_update_to_state_rms": 0.0,
            "source_gate_max": 1.9999103546142578,
            "source_gate_mean": 0.27510809898376465,
            "source_gate_min": 5.621238435914676e-31,
            "source_gate_saturation_fraction": 0.875,
            "source_gate_std": 0.6552431583404541,
            "source_router_weight_rms": 0.7435528039932251
          },
          {
            "destination_gate_max": 3.8850047073170854e-18,
            "destination_gate_mean": 4.856222796921855e-19,
            "destination_gate_min": 2.6445557883817196e-34,
            "destination_gate_saturation_fraction": 1.0,
            "destination_gate_std": 1.2848749483199501e-18,
            "destination_router_weight_rms": 0.8585527539253235,
            "layer": 30,
            "mixer_update_to_state_rms": 9.603534599997973e-21,
            "source_gate_max": 1.981601357460022,
            "source_gate_mean": 0.2551748752593994,
            "source_gate_min": 1.278167133765551e-12,
            "source_gate_saturation_fraction": 0.875,
            "source_gate_std": 0.6528400778770447,
            "source_router_weight_rms": 0.7181141376495361
          },
          {
            "absolute_path_cosine": 0.012070085853338242,
            "destination_gate_max": 1.689133745422035e-25,
            "destination_gate_mean": 2.4839307056953186e-26,
            "destination_gate_min": 6.043506290403255e-33,
            "destination_gate_saturation_fraction": 1.0,
            "destination_gate_std": 0.0,
            "destination_router_weight_rms": 0.9119559526443481,
            "layer": 31,
            "mixer_update_to_state_rms": 0.0,
            "source_gate_max": 0.0001286945480387658,
            "source_gate_mean": 2.0111248886678368e-05,
            "source_gate_min": 4.308474589935649e-23,
            "source_gate_saturation_fraction": 1.0,
            "source_gate_std": 4.233062645653263e-05,
            "source_router_weight_rms": 0.6991062760353088
          }
        ],
        "source": {
          "maximum_layer_gate_std": 0.8355796337127686,
          "mean_gate_mean": 0.13608470524906638,
          "mean_gate_std": 0.24651472486285475,
          "mean_router_weight_rms": 0.767786992713809,
          "mean_saturation_fraction": 0.9535140991210938
        }
      },
      "schema": "exp16-router-training-cell-v1",
      "seed": 23,
      "status": "complete",
      "steps": 77,
      "target_tokens": 10000000,
      "track": {
        "batch": 512,
        "model": "bi-decoupled-r8",
        "name": "bidec-router-30x",
        "router_lr_multiplier": 30.0
      },
      "validation": {
        "nll": 7.388192594051361,
        "position_nll": [
          7.349372489377856,
          7.397556658368558,
          7.465694325044751,
          7.469260256271809,
          7.331949085462838,
          7.298747998196632,
          7.537698164116591,
          7.613969760015607,
          7.235428956337273,
          7.379286494571716,
          7.238341793883592,
          7.428032601252198,
          7.758049590047449,
          7.5025151912122965,
          7.172455621417612,
          7.372146539855748,
          7.176797021180391,
          7.313404808752239,
          7.612549684941769,
          7.394474328029901,
          7.477901380043477,
          7.399627250619233,
          7.454795651137829,
          7.345812627580017,
          7.29867460206151,
          7.411482223775238,
          7.422076124697924,
          7.345527260564268,
          7.265622290316969,
          7.368316896725446,
          7.221296698320657,
          7.495289301499724,
          7.3043331974186,
          7.319827006198466,
          7.401282861828804,
          7.321129910182208,
          7.151467512827367,
          7.382686860393733,
          7.340721184853464,
          7.287208606489003,
          7.529304075054824,
          7.248870742041618,
          7.457590446341783,
          7.237779571209103,
          7.4396134917624295,
          7.2053164802491665,
          7.545978750567883,
          7.401373072061688,
          7.409903679508716,
          7.4692887188866735,
          7.322576681617647,
          7.350161327049136,
          7.323846445418894,
          7.3488454897888005,
          7.256118525750935,
          7.380714676808566,
          7.569226356688887,
          7.280131835490465,
          7.242712394334376,
          7.208720250520855,
          7.33842284604907,
          7.247375726699829,
          7.412374391686171,
          7.385273244697601,
          7.60934864776209,
          7.392502599861473,
          7.27863214770332,
          7.4860878004692495,
          7.549761000089347,
          7.3782442063093185,
          6.989804629702121,
          7.354888751171529,
          7.408686617854983,
          7.367414622101933,
          7.3526718989014626,
          7.328861678950489,
          7.31409015506506,
          7.372003200463951,
          7.473818514030427,
          7.363124221097678,
          7.419826824218035,
          7.444971460383385,
          7.391892439220101,
          7.289472517557442,
          7.04406917700544,
          7.56181388348341,
          7.535496815107763,
          7.484242928214371,
          7.417921642772853,
          7.4682655851356685,
          7.4598361062817276,
          7.510387438815087,
          7.577505666296929,
          7.384664352051914,
          7.323621351271868,
          7.269058155827224,
          7.378905556630343,
          7.386649494990706,
          7.324259160552174,
          7.335429278668016,
          7.580715731717646,
          7.366025352850556,
          6.994208633434027,
          7.528831852134317,
          7.380606749560684,
          7.376815460156649,
          7.343248129822314,
          7.212345997802913,
          7.306205094791949,
          7.3883420075289905,
          7.1462908843532205,
          7.361386997625232,
          7.118197878822684,
          7.504961931146681,
          7.37682919530198,
          7.261904120910913,
          7.522874852176756,
          7.26608115946874,
          7.338098514359444,
          7.352896722499281,
          7.60244393767789,
          7.239676672965288,
          7.17529919045046,
          7.4675787766464055,
          7.352307825814933,
          7.378980078268796,
          7.480071340687573,
          7.319165673106909,
          7.514761546626687,
          7.474704462569207,
          7.2616501417942345,
          7.519096738193184,
          7.5247418764047325,
          7.383516343776137,
          7.57009403500706,
          7.6431255978532135,
          7.306348552927375,
          7.36437882296741,
          7.256423362996429,
          7.38903785077855,
          7.285806744825095,
          7.4872573097236454,
          7.662478267680854,
          7.446550206281245,
          7.345739108044654,
          7.394015910569578,
          7.34333715820685,
          7.4371290248818696,
          7.430273741483688,
          7.364711532834917,
          7.457037723157555,
          7.446788360364735,
          7.4117762595415115,
          7.195835758931935,
          7.389947570394725,
          7.270108855795115,
          7.4193914188072085,
          7.404838823247701,
          7.354245515540242,
          7.459880805108696,
          7.235698436386883,
          7.244032576680183,
          7.395116892643273,
          7.527152536902577,
          7.385668851900846,
          7.38602965278551,
          7.4376183012500405,
          7.294054789934307,
          7.470221034716815,
          7.484643342439085,
          7.300468542613089,
          7.35701399622485,
          7.28450429905206,
          7.389920933172107,
          7.525049300864339,
          7.322911253198981,
          7.4546455424278975,
          7.5581787950359285,
          7.4326213472522795,
          7.202295618131757,
          7.337150389328599,
          7.47118021780625,
          7.355865204706788,
          7.477539549116045,
          7.571865435689688,
          7.274283017963171,
          7.291382972616702,
          7.523251136764884,
          7.657476207707077,
          7.407568437978625,
          7.438962992280722,
          7.5703672813251615,
          7.350452668964863,
          7.31292152358219,
          7.505102053750306,
          7.401886757463217,
          7.561233859043568,
          7.453381028492004,
          7.241886247415096,
          7.296202402096242,
          7.165082039311528,
          7.359638356138021,
          7.424878573976457,
          7.495234214235097,
          7.392717328853905,
          7.545291372574866,
          7.409568781033158,
          7.135940071661025,
          7.4582908460870385,
          7.418801586609334,
          7.317374045494944,
          7.5389725170098245,
          7.417508034501225,
          7.405030833091587,
          7.525285515934229,
          7.387465341947973,
          7.284838096704334,
          7.529067482799292,
          7.250043361913413,
          7.430943203158677,
          7.460222945548594,
          7.438617024105042,
          7.4416537173092365,
          7.352776428684592,
          7.385561871342361,
          7.325329799670726,
          7.657734179869294,
          7.345422278158367,
          7.488608583807945,
          7.400318914093077,
          7.362711378838867,
          7.589270973112434,
          7.196762296836823,
          7.345669500529766,
          7.546784978825599,
          7.526215257123113,
          7.549826791975647,
          7.347448711283505,
          7.309595248661935,
          7.520549464970827,
          7.426687079016119,
          7.251550109125674,
          7.448741230648011,
          7.434245349373668,
          7.520799691788852,
          7.3022879073396325,
          7.394778184592724,
          7.420999524183571,
          7.398972033523023,
          7.394559603184462,
          7.413806225173175,
          7.100668284110725,
          7.536729058716446,
          7.2528390516527,
          7.440141497179866,
          7.3086442947387695
        ],
        "prediction_shift_tokens": 16,
        "tokens": 131072
      }
    },
    {
      "actual_tokens": 10092544,
      "batch": 512,
      "execution_mode": "default",
      "global_examples_per_step": 512,
      "global_tokens_per_step": 131072,
      "gradient_accumulation": 1,
      "gradient_norms": {
        "channel_factors": {
          "maximum": 0.027101533487439156,
          "mean": 0.0033042689860421867,
          "median": 3.826214499641104e-18,
          "samples": 20
        },
        "ffn": {
          "maximum": 0.13325591385364532,
          "mean": 0.04915434401482344,
          "median": 0.03735874593257904,
          "samples": 20
        },
        "other": {
          "maximum": 2.6546716690063477,
          "mean": 0.3125907782465219,
          "median": 0.08618755266070366,
          "samples": 20
        },
        "router": {
          "maximum": 0.08719640225172043,
          "mean": 0.006641061327235726,
          "median": 2.8782647938722984e-18,
          "samples": 20
        },
        "token_factors": {
          "maximum": 0.02387305162847042,
          "mean": 0.0030059174590630735,
          "median": 4.141380859576618e-18,
          "samples": 20
        }
      },
      "loss_implementation": "fla-fused-linear-cross-entropy-exact",
      "model": "bi-r8",
      "optimizer_routing": {
        "base_lr": 0.006,
        "body_parameter_names": [
          "vocabulary",
          "blocks.0.rank_amplitudes",
          "blocks.0.mixer_gain",
          "blocks.0.ffn_gain",
          "blocks.0.outer.raw",
          "blocks.0.workspace1.raw",
          "blocks.0.workspace2.raw",
          "blocks.0.channel1.raw",
          "blocks.0.channel2.raw",
          "blocks.0.ffn.gate_up.weight",
          "blocks.0.ffn.down.weight",
          "blocks.1.rank_amplitudes",
          "blocks.1.mixer_gain",
          "blocks.1.ffn_gain",
          "blocks.1.outer.raw",
          "blocks.1.workspace1.raw",
          "blocks.1.workspace2.raw",
          "blocks.1.channel1.raw",
          "blocks.1.channel2.raw",
          "blocks.1.ffn.gate_up.weight",
          "blocks.1.ffn.down.weight",
          "blocks.2.rank_amplitudes",
          "blocks.2.mixer_gain",
          "blocks.2.ffn_gain",
          "blocks.2.outer.raw",
          "blocks.2.workspace1.raw",
          "blocks.2.workspace2.raw",
          "blocks.2.channel1.raw",
          "blocks.2.channel2.raw",
          "blocks.2.ffn.gate_up.weight",
          "blocks.2.ffn.down.weight",
          "blocks.3.rank_amplitudes",
          "blocks.3.mixer_gain",
          "blocks.3.ffn_gain",
          "blocks.3.outer.raw",
          "blocks.3.workspace1.raw",
          "blocks.3.workspace2.raw",
          "blocks.3.channel1.raw",
          "blocks.3.channel2.raw",
          "blocks.3.ffn.gate_up.weight",
          "blocks.3.ffn.down.weight",
          "blocks.4.rank_amplitudes",
          "blocks.4.mixer_gain",
          "blocks.4.ffn_gain",
          "blocks.4.outer.raw",
          "blocks.4.workspace1.raw",
          "blocks.4.workspace2.raw",
          "blocks.4.channel1.raw",
          "blocks.4.channel2.raw",
          "blocks.4.ffn.gate_up.weight",
          "blocks.4.ffn.down.weight",
          "blocks.5.rank_amplitudes",
          "blocks.5.mixer_gain",
          "blocks.5.ffn_gain",
          "blocks.5.outer.raw",
          "blocks.5.workspace1.raw",
          "blocks.5.workspace2.raw",
          "blocks.5.channel1.raw",
          "blocks.5.channel2.raw",
          "blocks.5.ffn.gate_up.weight",
          "blocks.5.ffn.down.weight",
          "blocks.6.rank_amplitudes",
          "blocks.6.mixer_gain",
          "blocks.6.ffn_gain",
          "blocks.6.outer.raw",
          "blocks.6.workspace1.raw",
          "blocks.6.workspace2.raw",
          "blocks.6.channel1.raw",
          "blocks.6.channel2.raw",
          "blocks.6.ffn.gate_up.weight",
          "blocks.6.ffn.down.weight",
          "blocks.7.rank_amplitudes",
          "blocks.7.mixer_gain",
          "blocks.7.ffn_gain",
          "blocks.7.outer.raw",
          "blocks.7.workspace1.raw",
          "blocks.7.workspace2.raw",
          "blocks.7.channel1.raw",
          "blocks.7.channel2.raw",
          "blocks.7.ffn.gate_up.weight",
          "blocks.7.ffn.down.weight",
          "blocks.8.rank_amplitudes",
          "blocks.8.mixer_gain",
          "blocks.8.ffn_gain",
          "blocks.8.outer.raw",
          "blocks.8.workspace1.raw",
          "blocks.8.workspace2.raw",
          "blocks.8.channel1.raw",
          "blocks.8.channel2.raw",
          "blocks.8.ffn.gate_up.weight",
          "blocks.8.ffn.down.weight",
          "blocks.9.rank_amplitudes",
          "blocks.9.mixer_gain",
          "blocks.9.ffn_gain",
          "blocks.9.outer.raw",
          "blocks.9.workspace1.raw",
          "blocks.9.workspace2.raw",
          "blocks.9.channel1.raw",
          "blocks.9.channel2.raw",
          "blocks.9.ffn.gate_up.weight",
          "blocks.9.ffn.down.weight",
          "blocks.10.rank_amplitudes",
          "blocks.10.mixer_gain",
          "blocks.10.ffn_gain",
          "blocks.10.outer.raw",
          "blocks.10.workspace1.raw",
          "blocks.10.workspace2.raw",
          "blocks.10.channel1.raw",
          "blocks.10.channel2.raw",
          "blocks.10.ffn.gate_up.weight",
          "blocks.10.ffn.down.weight",
          "blocks.11.rank_amplitudes",
          "blocks.11.mixer_gain",
          "blocks.11.ffn_gain",
          "blocks.11.outer.raw",
          "blocks.11.workspace1.raw",
          "blocks.11.workspace2.raw",
          "blocks.11.channel1.raw",
          "blocks.11.channel2.raw",
          "blocks.11.ffn.gate_up.weight",
          "blocks.11.ffn.down.weight",
          "blocks.12.rank_amplitudes",
          "blocks.12.mixer_gain",
          "blocks.12.ffn_gain",
          "blocks.12.outer.raw",
          "blocks.12.workspace1.raw",
          "blocks.12.workspace2.raw",
          "blocks.12.channel1.raw",
          "blocks.12.channel2.raw",
          "blocks.12.ffn.gate_up.weight",
          "blocks.12.ffn.down.weight",
          "blocks.13.rank_amplitudes",
          "blocks.13.mixer_gain",
          "blocks.13.ffn_gain",
          "blocks.13.outer.raw",
          "blocks.13.workspace1.raw",
          "blocks.13.workspace2.raw",
          "blocks.13.channel1.raw",
          "blocks.13.channel2.raw",
          "blocks.13.ffn.gate_up.weight",
          "blocks.13.ffn.down.weight",
          "blocks.14.rank_amplitudes",
          "blocks.14.mixer_gain",
          "blocks.14.ffn_gain",
          "blocks.14.outer.raw",
          "blocks.14.workspace1.raw",
          "blocks.14.workspace2.raw",
          "blocks.14.channel1.raw",
          "blocks.14.channel2.raw",
          "blocks.14.ffn.gate_up.weight",
          "blocks.14.ffn.down.weight",
          "blocks.15.rank_amplitudes",
          "blocks.15.mixer_gain",
          "blocks.15.ffn_gain",
          "blocks.15.outer.raw",
          "blocks.15.workspace1.raw",
          "blocks.15.workspace2.raw",
          "blocks.15.channel1.raw",
          "blocks.15.channel2.raw",
          "blocks.15.ffn.gate_up.weight",
          "blocks.15.ffn.down.weight",
          "blocks.16.rank_amplitudes",
          "blocks.16.mixer_gain",
          "blocks.16.ffn_gain",
          "blocks.16.outer.raw",
          "blocks.16.workspace1.raw",
          "blocks.16.workspace2.raw",
          "blocks.16.channel1.raw",
          "blocks.16.channel2.raw",
          "blocks.16.ffn.gate_up.weight",
          "blocks.16.ffn.down.weight",
          "blocks.17.rank_amplitudes",
          "blocks.17.mixer_gain",
          "blocks.17.ffn_gain",
          "blocks.17.outer.raw",
          "blocks.17.workspace1.raw",
          "blocks.17.workspace2.raw",
          "blocks.17.channel1.raw",
          "blocks.17.channel2.raw",
          "blocks.17.ffn.gate_up.weight",
          "blocks.17.ffn.down.weight",
          "blocks.18.rank_amplitudes",
          "blocks.18.mixer_gain",
          "blocks.18.ffn_gain",
          "blocks.18.outer.raw",
          "blocks.18.workspace1.raw",
          "blocks.18.workspace2.raw",
          "blocks.18.channel1.raw",
          "blocks.18.channel2.raw",
          "blocks.18.ffn.gate_up.weight",
          "blocks.18.ffn.down.weight",
          "blocks.19.rank_amplitudes",
          "blocks.19.mixer_gain",
          "blocks.19.ffn_gain",
          "blocks.19.outer.raw",
          "blocks.19.workspace1.raw",
          "blocks.19.workspace2.raw",
          "blocks.19.channel1.raw",
          "blocks.19.channel2.raw",
          "blocks.19.ffn.gate_up.weight",
          "blocks.19.ffn.down.weight",
          "blocks.20.rank_amplitudes",
          "blocks.20.mixer_gain",
          "blocks.20.ffn_gain",
          "blocks.20.outer.raw",
          "blocks.20.workspace1.raw",
          "blocks.20.workspace2.raw",
          "blocks.20.channel1.raw",
          "blocks.20.channel2.raw",
          "blocks.20.ffn.gate_up.weight",
          "blocks.20.ffn.down.weight",
          "blocks.21.rank_amplitudes",
          "blocks.21.mixer_gain",
          "blocks.21.ffn_gain",
          "blocks.21.outer.raw",
          "blocks.21.workspace1.raw",
          "blocks.21.workspace2.raw",
          "blocks.21.channel1.raw",
          "blocks.21.channel2.raw",
          "blocks.21.ffn.gate_up.weight",
          "blocks.21.ffn.down.weight",
          "blocks.22.rank_amplitudes",
          "blocks.22.mixer_gain",
          "blocks.22.ffn_gain",
          "blocks.22.outer.raw",
          "blocks.22.workspace1.raw",
          "blocks.22.workspace2.raw",
          "blocks.22.channel1.raw",
          "blocks.22.channel2.raw",
          "blocks.22.ffn.gate_up.weight",
          "blocks.22.ffn.down.weight",
          "blocks.23.rank_amplitudes",
          "blocks.23.mixer_gain",
          "blocks.23.ffn_gain",
          "blocks.23.outer.raw",
          "blocks.23.workspace1.raw",
          "blocks.23.workspace2.raw",
          "blocks.23.channel1.raw",
          "blocks.23.channel2.raw",
          "blocks.23.ffn.gate_up.weight",
          "blocks.23.ffn.down.weight",
          "blocks.24.rank_amplitudes",
          "blocks.24.mixer_gain",
          "blocks.24.ffn_gain",
          "blocks.24.outer.raw",
          "blocks.24.workspace1.raw",
          "blocks.24.workspace2.raw",
          "blocks.24.channel1.raw",
          "blocks.24.channel2.raw",
          "blocks.24.ffn.gate_up.weight",
          "blocks.24.ffn.down.weight",
          "blocks.25.rank_amplitudes",
          "blocks.25.mixer_gain",
          "blocks.25.ffn_gain",
          "blocks.25.outer.raw",
          "blocks.25.workspace1.raw",
          "blocks.25.workspace2.raw",
          "blocks.25.channel1.raw",
          "blocks.25.channel2.raw",
          "blocks.25.ffn.gate_up.weight",
          "blocks.25.ffn.down.weight",
          "blocks.26.rank_amplitudes",
          "blocks.26.mixer_gain",
          "blocks.26.ffn_gain",
          "blocks.26.outer.raw",
          "blocks.26.workspace1.raw",
          "blocks.26.workspace2.raw",
          "blocks.26.channel1.raw",
          "blocks.26.channel2.raw",
          "blocks.26.ffn.gate_up.weight",
          "blocks.26.ffn.down.weight",
          "blocks.27.rank_amplitudes",
          "blocks.27.mixer_gain",
          "blocks.27.ffn_gain",
          "blocks.27.outer.raw",
          "blocks.27.workspace1.raw",
          "blocks.27.workspace2.raw",
          "blocks.27.channel1.raw",
          "blocks.27.channel2.raw",
          "blocks.27.ffn.gate_up.weight",
          "blocks.27.ffn.down.weight",
          "blocks.28.rank_amplitudes",
          "blocks.28.mixer_gain",
          "blocks.28.ffn_gain",
          "blocks.28.outer.raw",
          "blocks.28.workspace1.raw",
          "blocks.28.workspace2.raw",
          "blocks.28.channel1.raw",
          "blocks.28.channel2.raw",
          "blocks.28.ffn.gate_up.weight",
          "blocks.28.ffn.down.weight",
          "blocks.29.rank_amplitudes",
          "blocks.29.mixer_gain",
          "blocks.29.ffn_gain",
          "blocks.29.outer.raw",
          "blocks.29.workspace1.raw",
          "blocks.29.workspace2.raw",
          "blocks.29.channel1.raw",
          "blocks.29.channel2.raw",
          "blocks.29.ffn.gate_up.weight",
          "blocks.29.ffn.down.weight",
          "blocks.30.rank_amplitudes",
          "blocks.30.mixer_gain",
          "blocks.30.ffn_gain",
          "blocks.30.outer.raw",
          "blocks.30.workspace1.raw",
          "blocks.30.workspace2.raw",
          "blocks.30.channel1.raw",
          "blocks.30.channel2.raw",
          "blocks.30.ffn.gate_up.weight",
          "blocks.30.ffn.down.weight",
          "blocks.31.rank_amplitudes",
          "blocks.31.mixer_gain",
          "blocks.31.ffn_gain",
          "blocks.31.outer.raw",
          "blocks.31.workspace1.raw",
          "blocks.31.workspace2.raw",
          "blocks.31.channel1.raw",
          "blocks.31.channel2.raw",
          "blocks.31.ffn.gate_up.weight",
          "blocks.31.ffn.down.weight"
        ],
        "body_parameters": 5368128,
        "family": "adamw-router-multiplier",
        "router_lr_multiplier": 10.0,
        "router_parameter_names": [
          "blocks.0.source_router.weight",
          "blocks.0.destination_router.weight",
          "blocks.1.source_router.weight",
          "blocks.1.destination_router.weight",
          "blocks.2.source_router.weight",
          "blocks.2.destination_router.weight",
          "blocks.3.source_router.weight",
          "blocks.3.destination_router.weight",
          "blocks.4.source_router.weight",
          "blocks.4.destination_router.weight",
          "blocks.5.source_router.weight",
          "blocks.5.destination_router.weight",
          "blocks.6.source_router.weight",
          "blocks.6.destination_router.weight",
          "blocks.7.source_router.weight",
          "blocks.7.destination_router.weight",
          "blocks.8.source_router.weight",
          "blocks.8.destination_router.weight",
          "blocks.9.source_router.weight",
          "blocks.9.destination_router.weight",
          "blocks.10.source_router.weight",
          "blocks.10.destination_router.weight",
          "blocks.11.source_router.weight",
          "blocks.11.destination_router.weight",
          "blocks.12.source_router.weight",
          "blocks.12.destination_router.weight",
          "blocks.13.source_router.weight",
          "blocks.13.destination_router.weight",
          "blocks.14.source_router.weight",
          "blocks.14.destination_router.weight",
          "blocks.15.source_router.weight",
          "blocks.15.destination_router.weight",
          "blocks.16.source_router.weight",
          "blocks.16.destination_router.weight",
          "blocks.17.source_router.weight",
          "blocks.17.destination_router.weight",
          "blocks.18.source_router.weight",
          "blocks.18.destination_router.weight",
          "blocks.19.source_router.weight",
          "blocks.19.destination_router.weight",
          "blocks.20.source_router.weight",
          "blocks.20.destination_router.weight",
          "blocks.21.source_router.weight",
          "blocks.21.destination_router.weight",
          "blocks.22.source_router.weight",
          "blocks.22.destination_router.weight",
          "blocks.23.source_router.weight",
          "blocks.23.destination_router.weight",
          "blocks.24.source_router.weight",
          "blocks.24.destination_router.weight",
          "blocks.25.source_router.weight",
          "blocks.25.destination_router.weight",
          "blocks.26.source_router.weight",
          "blocks.26.destination_router.weight",
          "blocks.27.source_router.weight",
          "blocks.27.destination_router.weight",
          "blocks.28.source_router.weight",
          "blocks.28.destination_router.weight",
          "blocks.29.source_router.weight",
          "blocks.29.destination_router.weight",
          "blocks.30.source_router.weight",
          "blocks.30.destination_router.weight",
          "blocks.31.source_router.weight",
          "blocks.31.destination_router.weight"
        ],
        "router_parameters": 65536
      },
      "performance": {
        "body_lr": 0.005417929022812525,
        "clip_fraction": 0.06493506493506493,
        "global_grad_norm": 0.07168206572532654,
        "gpu_samples": 518,
        "median_gpu_utilization_percent": 2.0,
        "median_power_watts": 125.77,
        "peak_allocated_gib": 66.42239141464233,
        "peak_nvidia_memory_mib": 70292.0,
        "peak_reserved_gib": 67.904296875,
        "router_lr": 0.054179290228125246,
        "step": 77,
        "tokens_per_second": 109039.44584489391,
        "tokens_seen": 10092544,
        "train_block_nll": 7.403936862945557
      },
      "router_ablations": {
        "evaluations": {
          "both_neutral": {
            "nll": 7.388112306594849,
            "position_nll": [
              7.1841941103339195,
              7.241843861527741,
              7.451610304415226,
              7.467457044869661,
              7.420419950969517,
              7.497447375208139,
              7.6323871267959476,
              7.747046498581767,
              7.255071557126939,
              7.34935799986124,
              7.269348333589733,
              7.440265169367194,
              7.817655581980944,
              7.639755815267563,
              7.093631693162024,
              7.284665712155402,
              7.3476428193971515,
              7.332010726444423,
              7.669511976651847,
              7.250519193708897,
              7.429595390334725,
              7.264961925335228,
              7.490691393613815,
              7.163695551455021,
              7.206766865216196,
              7.558633488602936,
              7.317875918932259,
              7.254509476944804,
              7.297394661232829,
              7.488337082788348,
              7.095531434752047,
              7.539668711833656,
              7.365428706631064,
              7.418875289149582,
              7.2779583325609565,
              7.486838521435857,
              7.2279541650787,
              7.211453510448337,
              7.303401233628392,
              7.31140382681042,
              7.462630188092589,
              7.153501166962087,
              7.381111066788435,
              7.3780837105587125,
              7.351594564504921,
              7.255486814305186,
              7.636676172725856,
              7.40875459369272,
              7.211434589698911,
              7.540246412158012,
              7.311190417036414,
              7.250754280947149,
              7.4047925136983395,
              7.175398179329932,
              7.232848345302045,
              7.2711271634325385,
              7.682461493648589,
              7.21367226075381,
              7.185325340367854,
              7.2780857142060995,
              7.037917323410511,
              7.267454771324992,
              7.400695069693029,
              7.248475490137935,
              7.6446393225342035,
              7.349843830801547,
              7.477366949431598,
              7.419949394650757,
              7.324539663270116,
              7.503380868583918,
              6.995058577507734,
              7.436657082289457,
              7.309958437457681,
              7.492180794477463,
              7.355545300990343,
              7.2529818983748555,
              7.32458655629307,
              7.469029424712062,
              7.51242842618376,
              7.435431980527937,
              7.2861369932070374,
              7.334178921766579,
              7.360434725880623,
              7.376034948974848,
              7.028896991163492,
              7.630864304490387,
              7.666520172730088,
              7.519153650850058,
              7.453370176255703,
              7.508121932856739,
              7.333023699000478,
              7.5560762491077185,
              7.949043279513717,
              7.225807628594339,
              7.365032317116857,
              7.321456684730947,
              7.405624018982053,
              7.640740679576993,
              7.378894190303981,
              7.179515176452696,
              7.619893422350287,
              7.302408789284527,
              7.00247142650187,
              7.764141753315926,
              7.219480860978365,
              7.332568044774234,
              7.304189064539969,
              7.267204740084708,
              7.389883392490447,
              7.3231752291321754,
              6.997684265486896,
              7.284781051799655,
              7.050059885717928,
              7.229071185924113,
              7.485038951039314,
              7.246170599013567,
              7.548805904574692,
              7.2421941151842475,
              7.209544060751796,
              7.461018378846347,
              7.766793477348983,
              7.29783729929477,
              7.339075768366456,
              7.440819050185382,
              7.271829752251506,
              7.2809788677841425,
              7.4926750138401985,
              7.201986666768789,
              7.313313855789602,
              7.429082453250885,
              7.298736211843789,
              7.346118793822825,
              7.566069477237761,
              7.431875643320382,
              7.540808590129018,
              7.783398997038603,
              7.44685510545969,
              7.171535087749362,
              7.120911562815309,
              7.501019678078592,
              7.284401617012918,
              7.561650238931179,
              7.634142495691776,
              7.196891481988132,
              7.378427721560001,
              7.593406998552382,
              7.410616859793663,
              7.4345489256083965,
              7.398598480969667,
              7.469955578446388,
              7.444132460281253,
              7.500753863714635,
              7.544938338920474,
              7.246607994660735,
              7.289214631542563,
              7.413142450153828,
              7.298765575513244,
              7.2524837320670485,
              7.3265005787834525,
              7.563915554434061,
              7.125985953956842,
              7.3021500473842025,
              7.559484598226845,
              7.428421622142196,
              7.408727537840605,
              7.411905822344124,
              7.484524991363287,
              7.185105009935796,
              7.570541920140386,
              7.3969150595366955,
              7.009115608409047,
              7.322258221916854,
              7.344167928211391,
              7.310973052866757,
              7.5170239713042974,
              7.3845133585855365,
              7.5779806561768055,
              7.587026187218726,
              7.548329195939004,
              7.306493173353374,
              7.495314126834273,
              7.554042204283178,
              7.557766987942159,
              7.157590026035905,
              7.736823295243084,
              7.3662868263199925,
              7.482907781377435,
              7.596206199377775,
              7.619045217521489,
              7.496377202682197,
              7.489033488556743,
              7.642822613939643,
              7.2208585832268,
              7.300703830085695,
              7.311113093979657,
              7.447107259184122,
              7.464551795274019,
              7.4242551531642675,
              7.210194813087583,
              7.156470940448344,
              7.238626998849213,
              7.341695126146078,
              7.445105628110468,
              7.421998997218907,
              7.3672966957092285,
              7.513473013415933,
              7.480037176981568,
              7.035582243464887,
              7.499395666643977,
              7.340036302804947,
              7.432861424051225,
              7.539493279531598,
              7.20897417422384,
              7.478554447181523,
              7.492657537572086,
              7.357654142193496,
              7.563572236336768,
              7.6105700843036175,
              7.409198684617877,
              7.5129842553287745,
              7.212744080461562,
              7.535834915935993,
              7.457007612101734,
              7.2288582269102335,
              7.433791546151042,
              7.375319597311318,
              7.718591805547476,
              7.502457419410348,
              7.21249732747674,
              7.4257367150858045,
              7.145190621726215,
              7.845217967405915,
              7.310192934237421,
              7.337621536105871,
              7.568299331702292,
              7.48711412306875,
              7.423006682656705,
              7.278537537902594,
              7.521075821481645,
              7.490047692321241,
              7.277623761445284,
              7.320801930502057,
              7.2993009351193905,
              7.753147135488689,
              7.51151108648628,
              7.291808471083641,
              7.265721318311989,
              7.4226571368053555,
              7.619599494151771,
              7.324235958047211,
              7.423017485998571,
              7.02544385753572,
              7.522081451490521,
              7.178364181891084,
              7.336896795779467,
              7.244866578839719
            ],
            "prediction_shift_tokens": 16,
            "tokens": 65536
          },
          "destination_neutral": {
            "nll": 7.388112455606461,
            "position_nll": [
              7.184575487859547,
              7.241615431383252,
              7.451899887062609,
              7.467048387974501,
              7.420367054641247,
              7.497714438475668,
              7.632890913635492,
              7.746511800214648,
              7.255297685042024,
              7.349799390882254,
              7.2699281219393015,
              7.440795119851828,
              7.817912969738245,
              7.640815642662346,
              7.093854196369648,
              7.2851940002292395,
              7.3475286066532135,
              7.332132955081761,
              7.669537003152072,
              7.250408120453358,
              7.43044791650027,
              7.265369603410363,
              7.490875602699816,
              7.164342168718576,
              7.207270217128098,
              7.55835185945034,
              7.3178462740033865,
              7.254641101695597,
              7.297149281017482,
              7.487901361659169,
              7.095422146841884,
              7.539137457497418,
              7.365741558372974,
              7.417985565029085,
              7.277739809826016,
              7.487422069534659,
              7.227624176070094,
              7.211587989702821,
              7.303506143391132,
              7.3119279174134135,
              7.462771402671933,
              7.1535811722278595,
              7.380848512984812,
              7.3778003649786115,
              7.351726028136909,
              7.25487476401031,
              7.636655933223665,
              7.408962000161409,
              7.21088270843029,
              7.541531210765243,
              7.311418937519193,
              7.2507383758202195,
              7.405333744361997,
              7.1756467297673225,
              7.232371754013002,
              7.271139745600522,
              7.682219631969929,
              7.2139095067977905,
              7.185138748958707,
              7.278082503937185,
              7.038168099708855,
              7.266912043094635,
              7.400386572815478,
              7.248733132146299,
              7.644095312803984,
              7.349242897704244,
              7.477703016251326,
              7.419489672407508,
              7.324470737949014,
              7.503349922597408,
              6.99471343588084,
              7.436823610216379,
              7.309818689711392,
              7.492054840549827,
              7.355304794386029,
              7.253134809434414,
              7.324573837220669,
              7.467640368267894,
              7.512516018003225,
              7.436052878387272,
              7.28618642501533,
              7.333599923178554,
              7.360361086204648,
              7.376216678880155,
              7.028100751340389,
              7.6316680973395705,
              7.665614739060402,
              7.519257458858192,
              7.453195426613092,
              7.508513135835528,
              7.3334009796381,
              7.556101048365235,
              7.9491031197831035,
              7.225750801153481,
              7.364938907325268,
              7.3217745730653405,
              7.405440391041338,
              7.639931886456907,
              7.378371314145625,
              7.179054195061326,
              7.619704133830965,
              7.302724380977452,
              7.003548362292349,
              7.7640272825956345,
              7.21949406247586,
              7.332557858899236,
              7.304827718064189,
              7.266893713735044,
              7.390069388784468,
              7.3229640340432525,
              6.9978473307564855,
              7.285629300400615,
              7.050002166070044,
              7.2297902293503284,
              7.485063768923283,
              7.246547873131931,
              7.548865541815758,
              7.242302920669317,
              7.210183156654239,
              7.462372666224837,
              7.767012051306665,
              7.2984247505664825,
              7.33934155665338,
              7.441584660671651,
              7.271696782670915,
              7.279908383265138,
              7.493460980243981,
              7.201346930116415,
              7.313716024160385,
              7.429381164722145,
              7.298675102181733,
              7.346014234237373,
              7.566395265050232,
              7.431820074096322,
              7.541939617134631,
              7.783021037466824,
              7.446867288090289,
              7.172293095849454,
              7.120516687631607,
              7.499822332523763,
              7.2841827077791095,
              7.560842724516988,
              7.634182000532746,
              7.196082375012338,
              7.3786991983652115,
              7.593073535710573,
              7.411138713359833,
              7.434484860859811,
              7.398703900165856,
              7.470430142246187,
              7.443749917671084,
              7.500736063346267,
              7.544219685718417,
              7.247352628968656,
              7.290050316601992,
              7.413011791184545,
              7.29878366086632,
              7.251268905587494,
              7.32657724712044,
              7.563693567179143,
              7.126643934287131,
              7.302119831554592,
              7.559769524261355,
              7.4283496690914035,
              7.40901505947113,
              7.412783479318023,
              7.484842509031296,
              7.185124054551125,
              7.570101724006236,
              7.396797646768391,
              7.009421591646969,
              7.322002058848739,
              7.34420055616647,
              7.310993414372206,
              7.517210436053574,
              7.384967525489628,
              7.577887648716569,
              7.587029743939638,
              7.547500861808658,
              7.306501561775804,
              7.494767284952104,
              7.554495516233146,
              7.55839105322957,
              7.157057568430901,
              7.736973037011921,
              7.366037201136351,
              7.483513628132641,
              7.59633874706924,
              7.61972906626761,
              7.4955389546230435,
              7.4888495141640306,
              7.64203585870564,
              7.220545067451894,
              7.300850685685873,
              7.310895226895809,
              7.447556348517537,
              7.464272699318826,
              7.424344319850206,
              7.210179943591356,
              7.156574822962284,
              7.23899295181036,
              7.341459355317056,
              7.44494310952723,
              7.42179215606302,
              7.3671125285327435,
              7.513599772937596,
              7.480020824819803,
              7.03507112711668,
              7.4995276015251875,
              7.3398750787600875,
              7.4327839789912105,
              7.539548562839627,
              7.208846273832023,
              7.478573658503592,
              7.49221196770668,
              7.357860428281128,
              7.5635129772126675,
              7.61042704153806,
              7.409515859559178,
              7.513496574945748,
              7.212727235630155,
              7.53535334020853,
              7.457237812690437,
              7.228982207365334,
              7.43363150767982,
              7.375729556195438,
              7.717804109677672,
              7.502195235341787,
              7.212394713424146,
              7.42554438021034,
              7.1444344418123364,
              7.845811445266008,
              7.309660184197128,
              7.338134434074163,
              7.568166537210345,
              7.4862917410209775,
              7.423102761618793,
              7.277740123681724,
              7.521147506311536,
              7.48989734519273,
              7.277485528029501,
              7.320604148320854,
              7.298646074719727,
              7.752823788672686,
              7.51141528878361,
              7.291754997335374,
              7.266460998915136,
              7.422334014438093,
              7.619732706807554,
              7.324324958957732,
              7.4232848873361945,
              7.025616315193474,
              7.522158930078149,
              7.177643975242972,
              7.336108357645571,
              7.243585870601237
            ],
            "prediction_shift_tokens": 16,
            "tokens": 65536
          },
          "normal": {
            "nll": 7.388112425804138,
            "position_nll": [
              7.184575508348644,
              7.2416154919192195,
              7.451900000683963,
              7.4670483050867915,
              7.420367131009698,
              7.497714494355023,
              7.6328910775482655,
              7.746511789038777,
              7.255297680385411,
              7.349799485877156,
              7.269928261637688,
              7.440795070491731,
              7.817912883125246,
              7.6408156249672174,
              7.093854225240648,
              7.28519400767982,
              7.3475285936146975,
              7.3321329113096,
              7.669536914676428,
              7.250408137217164,
              7.430447908118367,
              7.265369604341686,
              7.490875635296106,
              7.164342141710222,
              7.207270273938775,
              7.558351909741759,
              7.3178463177755475,
              7.25464100856334,
              7.297149156220257,
              7.487901344895363,
              7.095422158949077,
              7.539137457497418,
              7.365741603076458,
              7.417985586449504,
              7.27773964125663,
              7.487422067672014,
              7.22762406244874,
              7.211587856523693,
              7.303506127558649,
              7.311927845701575,
              7.462771384976804,
              7.1535810977220535,
              7.3808484468609095,
              7.3778002467006445,
              7.351726111955941,
              7.254874803125858,
              7.636655883863568,
              7.408962021581829,
              7.2108827186748385,
              7.541531181894243,
              7.311418906785548,
              7.2507383627817035,
              7.405333675444126,
              7.17564673256129,
              7.232371659018099,
              7.27113975584507,
              7.682219672948122,
              7.213909439742565,
              7.1851387126371264,
              7.278082519769669,
              7.038168025203049,
              7.266912089660764,
              7.400386594235897,
              7.24873311072588,
              7.644095343537629,
              7.349242953583598,
              7.477703012526035,
              7.419489641673863,
              7.3244706923142076,
              7.503349875099957,
              6.994713292457163,
              7.4368235962465405,
              7.309818621724844,
              7.492054771631956,
              7.3553047850728035,
              7.253134833648801,
              7.324573771096766,
              7.467640394344926,
              7.512516011483967,
              7.436052831821144,
              7.286186443641782,
              7.333600004203618,
              7.360360984690487,
              7.3762166472151875,
              7.028100660070777,
              7.6316681588068604,
              7.665614536963403,
              7.519257456995547,
              7.453195444308221,
              7.50851315073669,
              7.333400975912809,
              7.556100999005139,
              7.949103159829974,
              7.225750796496868,
              7.364938843995333,
              7.3217745665460825,
              7.405440328642726,
              7.639931997284293,
              7.378371170721948,
              7.179054205305874,
              7.619704280048609,
              7.302724357694387,
              7.0035485699772835,
              7.764027244411409,
              7.219494104385376,
              7.332557847723365,
              7.304827774874866,
              7.26689369790256,
              7.390069489367306,
              7.322964073158801,
              6.9978472692891955,
              7.285629333928227,
              7.050002213567495,
              7.2297901986166835,
              7.4850637232884765,
              7.246547866612673,
              7.548865433782339,
              7.242302891798317,
              7.210183111950755,
              7.46237263828516,
              7.767012080177665,
              7.298424670472741,
              7.339341568760574,
              7.441584728658199,
              7.271696778014302,
              7.279908420518041,
              7.4934609876945615,
              7.201346921734512,
              7.3137159906327724,
              7.429381152614951,
              7.298675067722797,
              7.34601426217705,
              7.566395342350006,
              7.431819994002581,
              7.541939708404243,
              7.783020978793502,
              7.446867326274514,
              7.172293048352003,
              7.120516735129058,
              7.499822277575731,
              7.284182704053819,
              7.560842657461762,
              7.634182038716972,
              7.196082347072661,
              7.378699202090502,
              7.593073474243283,
              7.411138786934316,
              7.434484830126166,
              7.398703781887889,
              7.470430133864284,
              7.443749844096601,
              7.500736040063202,
              7.544219542294741,
              7.247352601960301,
              7.290050438605249,
              7.4130117651075125,
              7.298783642239869,
              7.251268924213946,
              7.326577207073569,
              7.5636935932561755,
              7.126643953844905,
              7.302119946107268,
              7.5597696946933866,
              7.428349694237113,
              7.4090148312971,
              7.412783581763506,
              7.484842746518552,
              7.1851240415126085,
              7.570101510733366,
              7.3967976262792945,
              7.0094216568395495,
              7.32200198341161,
              7.344200501218438,
              7.310993384569883,
              7.517210402525961,
              7.384967537596822,
              7.577887658029795,
              7.587029792368412,
              7.547500675544143,
              7.306501507759094,
              7.494767151772976,
              7.554495508782566,
              7.558391250669956,
              7.1570576261729,
              7.736973132006824,
              7.366037178784609,
              7.483513741753995,
              7.596338742412627,
              7.619729085825384,
              7.495538963004947,
              7.48884950671345,
              7.642035899683833,
              7.220545081421733,
              7.300850689411163,
              7.310895178467035,
              7.447556343860924,
              7.464272640645504,
              7.424344232305884,
              7.210179998539388,
              7.156574848107994,
              7.238993044942617,
              7.341459317132831,
              7.444943126291037,
              7.42179212346673,
              7.367112488485873,
              7.513599785976112,
              7.480020755901933,
              7.035071133635938,
              7.499527582898736,
              7.339875036850572,
              7.4327839352190495,
              7.539548550732434,
              7.2088462971150875,
              7.478573706932366,
              7.492212003096938,
              7.357860442250967,
              7.563513015396893,
              7.610427021980286,
              7.409515821374953,
              7.513496586121619,
              7.212727177888155,
              7.5353533597663045,
              7.457237777300179,
              7.228982217609882,
              7.433631504885852,
              7.375729435123503,
              7.717804147861898,
              7.502195190638304,
              7.212394701316953,
              7.425544450059533,
              7.144434285350144,
              7.84581143874675,
              7.309660028666258,
              7.338134427554905,
              7.568166584707797,
              7.486291751265526,
              7.42310272436589,
              7.277740124613047,
              7.521147537045181,
              7.489897319115698,
              7.277485528029501,
              7.3206042451784015,
              7.298646013252437,
              7.752823785878718,
              7.511415258049965,
              7.29175497032702,
              7.266461163759232,
              7.42233398463577,
              7.619732741266489,
              7.324324930086732,
              7.423284923657775,
              7.02561623044312,
              7.522158972918987,
              7.177643960341811,
              7.3361082980409265,
              7.243585890159011
            ],
            "prediction_shift_tokens": 16,
            "tokens": 65536
          },
          "source_neutral": {
            "nll": 7.388112425804138,
            "position_nll": [
              7.1845754608511925,
              7.241615501232445,
              7.4519000025466084,
              7.467048320919275,
              7.420367163605988,
              7.497714418917894,
              7.632891032844782,
              7.746511810459197,
              7.2552976524457335,
              7.349799458868802,
              7.26992822624743,
              7.440795083530247,
              7.817912871018052,
              7.640815646387637,
              7.093854239210486,
              7.285193988122046,
              7.3475286001339555,
              7.332132908515632,
              7.669536916539073,
              7.250408126041293,
              7.430447871796787,
              7.265369622968137,
              7.490875625051558,
              7.164342160336673,
              7.207270256243646,
              7.558351866900921,
              7.317846341058612,
              7.25464104488492,
              7.297149147838354,
              7.4879013411700726,
              7.095422111451626,
              7.5391374714672565,
              7.365741588175297,
              7.417985548265278,
              7.277739653363824,
              7.4874220453202724,
              7.22762409504503,
              7.211587862111628,
              7.303506107069552,
              7.311927801929414,
              7.462771391496062,
              7.153581116348505,
              7.380848444998264,
              7.377800269983709,
              7.351726116612554,
              7.254874776117504,
              7.636655903421342,
              7.408962013199925,
              7.210882730782032,
              7.541531126014888,
              7.311418851837516,
              7.250738437287509,
              7.405333708040416,
              7.175646763294935,
              7.232371652498841,
              7.271139778196812,
              7.68221964687109,
              7.2139094192534685,
              7.185138751752675,
              7.278082516044378,
              7.038168024271727,
              7.266912049613893,
              7.4003865998238325,
              7.248733157292008,
              7.6440953286364675,
              7.34924294706434,
              7.477703047916293,
              7.419489635154605,
              7.32447069324553,
              7.503349899314344,
              6.994713327847421,
              7.436823624186218,
              7.309818584471941,
              7.492054817266762,
              7.355304749682546,
              7.253134795464575,
              7.324573764577508,
              7.467640397138894,
              7.5125160198658705,
              7.436052857898176,
              7.286186442710459,
              7.333599975332618,
              7.3603609669953585,
              7.376216652803123,
              7.028100611642003,
              7.631668159738183,
              7.665614489465952,
              7.519257460720837,
              7.453195455484092,
              7.508513142354786,
              7.333400981500745,
              7.556101008318365,
              7.949103120714426,
              7.225750780664384,
              7.364938845857978,
              7.321774534881115,
              7.405440399423242,
              7.639932004734874,
              7.378371151164174,
              7.179054223932326,
              7.619704299606383,
              7.302724415436387,
              7.003548541106284,
              7.76402725558728,
              7.219494045712054,
              7.3325578747317195,
              7.304827807471156,
              7.266893671825528,
              7.3900694930925965,
              7.322964024730027,
              6.997847244143486,
              7.285629312507808,
              7.050002128817141,
              7.229790236800909,
              7.485063737258315,
              7.246547853574157,
              7.5488654635846615,
              7.242302893660963,
              7.210183118470013,
              7.462372685782611,
              7.767012064345181,
              7.298424699343741,
              7.339341554790735,
              7.441584648564458,
              7.271696794778109,
              7.27990838419646,
              7.4934609942138195,
              7.201346918940544,
              7.313715980388224,
              7.429381172172725,
              7.298675067722797,
              7.346014236100018,
              7.566395375877619,
              7.431820023804903,
              7.541939692571759,
              7.7830210300162435,
              7.4468673234805465,
              7.172293044626713,
              7.1205166801810265,
              7.499822311103344,
              7.284182737581432,
              7.560842713341117,
              7.634181993082166,
              7.19608237221837,
              7.378699264489114,
              7.593073482625186,
              7.411138786002994,
              7.434484839439392,
              7.398703791201115,
              7.470430134795606,
              7.443749808706343,
              7.500735986977816,
              7.544219552539289,
              7.247352623380721,
              7.290050432085991,
              7.413011753931642,
              7.2987836841493845,
              7.25126897264272,
              7.326577229425311,
              7.563693592324853,
              7.126643929630518,
              7.302119921892881,
              7.559769684448838,
              7.428349683061242,
              7.409014889970422,
              7.412783561274409,
              7.484842734411359,
              7.18512406013906,
              7.570101506076753,
              7.39679763559252,
              7.0094216307625175,
              7.322001944296062,
              7.344200558029115,
              7.310993402265012,
              7.5172104481607676,
              7.384967520833015,
              7.577887617982924,
              7.587029826827347,
              7.547500675544143,
              7.306501531973481,
              7.494767131283879,
              7.5544954892247915,
              7.558391261845827,
              7.157057614065707,
              7.736973102204502,
              7.366037145256996,
              7.483513723127544,
              7.596338730305433,
              7.619729085825384,
              7.495538960210979,
              7.488849495537579,
              7.642035853117704,
              7.220545035786927,
              7.300850737839937,
              7.310895188711584,
              7.447556355968118,
              7.46427262481302,
              7.424344236031175,
              7.210179981775582,
              7.156574858352542,
              7.238993079401553,
              7.341459327377379,
              7.444943107664585,
              7.421792089007795,
              7.367112470790744,
              7.513599785976112,
              7.480020757764578,
              7.0350711503997445,
              7.499527611769736,
              7.339875016361475,
              7.432783972471952,
              7.53954856749624,
              7.208846254274249,
              7.478573702275753,
              7.49221202172339,
              7.3578604478389025,
              7.563512989319861,
              7.6104270508512855,
              7.409515837207437,
              7.5134965712204576,
              7.212727226316929,
              7.535353382118046,
              7.457237820141017,
              7.228982231579721,
              7.43363147135824,
              7.375729449093342,
              7.717804119922221,
              7.502195213921368,
              7.212394744157791,
              7.425544483587146,
              7.144434288144112,
              7.845811410807073,
              7.309660033322871,
              7.338134395889938,
              7.568166597746313,
              7.486291768960655,
              7.423102745786309,
              7.27774013299495,
              7.521147508174181,
              7.489897288382053,
              7.27748547680676,
              7.320604233071208,
              7.298645957373083,
              7.752823796123266,
              7.5114152720198035,
              7.291754966601729,
              7.26646114140749,
              7.422333981841803,
              7.619732768274844,
              7.324324939399958,
              7.423284916207194,
              7.025616261176765,
              7.522158959880471,
              7.177643942646682,
              7.336108360439539,
              7.243585884571075
            ],
            "prediction_shift_tokens": 16,
            "tokens": 65536
          }
        },
        "neutral_minus_normal_nll": {
          "both_neutral": -1.1920928955078125e-07,
          "destination_neutral": 2.9802322387695312e-08,
          "source_neutral": 0.0
        }
      },
      "router_telemetry": {
        "destination": {
          "maximum_layer_gate_std": 0.8660518527030945,
          "mean_gate_mean": 0.0468637598848759,
          "mean_gate_std": 0.09464396304378717,
          "mean_router_weight_rms": 0.3582857698202133,
          "mean_saturation_fraction": 0.9873619079589844
        },
        "mean_absolute_path_cosine": 0.00256681265309453,
        "mean_mixer_update_to_state_rms": 0.117442909108625,
        "per_layer": [
          {
            "absolute_path_cosine": 0.003255403134971857,
            "destination_gate_max": 2.0,
            "destination_gate_mean": 0.4916630983352661,
            "destination_gate_min": 1.267064012652397e-17,
            "destination_gate_saturation_fraction": 0.86279296875,
            "destination_gate_std": 0.8157059550285339,
            "destination_router_weight_rms": 0.3685125708580017,
            "layer": 0,
            "mixer_update_to_state_rms": 3.4739208221435547,
            "source_gate_max": 2.0,
            "source_gate_mean": 1.5175278186798096,
            "source_gate_min": 1.7801722529890432e-17,
            "source_gate_saturation_fraction": 0.8914794921875,
            "source_gate_std": 0.8192977905273438,
            "source_router_weight_rms": 0.4124366343021393
          },
          {
            "destination_gate_max": 1.999793291091919,
            "destination_gate_mean": 0.23101036250591278,
            "destination_gate_min": 1.2041954239316865e-11,
            "destination_gate_saturation_fraction": 0.942626953125,
            "destination_gate_std": 0.6194576621055603,
            "destination_router_weight_rms": 0.29018765687942505,
            "layer": 1,
            "mixer_update_to_state_rms": 0.2788011431694031,
            "source_gate_max": 2.0,
            "source_gate_mean": 0.8078100085258484,
            "source_gate_min": 8.821849029061468e-09,
            "source_gate_saturation_fraction": 0.83746337890625,
            "source_gate_std": 0.9353720545768738,
            "source_router_weight_rms": 0.3224044144153595
          },
          {
            "destination_gate_max": 0.6639114022254944,
            "destination_gate_mean": 0.03006671369075775,
            "destination_gate_min": 3.3160300894063965e-11,
            "destination_gate_saturation_fraction": 0.875,
            "destination_gate_std": 0.08399199694395065,
            "destination_router_weight_rms": 0.29943564534187317,
            "layer": 2,
            "mixer_update_to_state_rms": 0.0028328108601272106,
            "source_gate_max": 1.8604627847671509,
            "source_gate_mean": 0.36439573764801025,
            "source_gate_min": 3.479744847822985e-08,
            "source_gate_saturation_fraction": 0.554931640625,
            "source_gate_std": 0.4802534580230713,
            "source_router_weight_rms": 0.2897166311740875
          },
          {
            "destination_gate_max": 1.9658091068267822,
            "destination_gate_mean": 0.24688394367694855,
            "destination_gate_min": 1.2119773240559795e-10,
            "destination_gate_saturation_fraction": 0.9151611328125,
            "destination_gate_std": 0.6433566212654114,
            "destination_router_weight_rms": 0.29110968112945557,
            "layer": 3,
            "mixer_update_to_state_rms": 0.0025826499331742525,
            "source_gate_max": 1.9997732639312744,
            "source_gate_mean": 0.9957711696624756,
            "source_gate_min": 1.8345948094022901e-09,
            "source_gate_saturation_fraction": 0.62493896484375,
            "source_gate_std": 0.8723651766777039,
            "source_router_weight_rms": 0.30362001061439514
          },
          {
            "destination_gate_max": 4.057195383211365e-06,
            "destination_gate_mean": 5.241882945483667e-07,
            "destination_gate_min": 5.6299539852408976e-15,
            "destination_gate_saturation_fraction": 1.0,
            "destination_gate_std": 1.2626907164303702e-06,
            "destination_router_weight_rms": 0.31001055240631104,
            "layer": 4,
            "mixer_update_to_state_rms": 1.142326566672125e-09,
            "source_gate_max": 1.9998753070831299,
            "source_gate_mean": 0.2536788880825043,
            "source_gate_min": 1.3351894700974754e-08,
            "source_gate_saturation_fraction": 1.0,
            "source_gate_std": 0.6600340008735657,
            "source_router_weight_rms": 0.3041958510875702
          },
          {
            "destination_gate_max": 9.862962002671338e-09,
            "destination_gate_mean": 2.579915392431076e-09,
            "destination_gate_min": 4.699606155622593e-12,
            "destination_gate_saturation_fraction": 1.0,
            "destination_gate_std": 3.514049495834115e-09,
            "destination_router_weight_rms": 0.321677565574646,
            "layer": 5,
            "mixer_update_to_state_rms": 2.2711789046669928e-11,
            "source_gate_max": 1.9915647506713867,
            "source_gate_mean": 0.2585272789001465,
            "source_gate_min": 5.23969276855496e-07,
            "source_gate_saturation_fraction": 0.875,
            "source_gate_std": 0.6554717421531677,
            "source_router_weight_rms": 0.2896004915237427
          },
          {
            "destination_gate_max": 9.153770719194654e-08,
            "destination_gate_mean": 1.155596773827483e-08,
            "destination_gate_min": 1.0835505669798406e-12,
            "destination_gate_saturation_fraction": 1.0,
            "destination_gate_std": 3.021026273586358e-08,
            "destination_router_weight_rms": 0.3124723434448242,
            "layer": 6,
            "mixer_update_to_state_rms": 4.224188998591671e-09,
            "source_gate_max": 1.8370916843414307,
            "source_gate_mean": 0.23018911480903625,
            "source_gate_min": 9.34210375724831e-10,
            "source_gate_saturation_fraction": 0.875,
            "source_gate_std": 0.6073344945907593,
            "source_router_weight_rms": 0.3013664782047272
          },
          {
            "absolute_path_cosine": 0.001985467504709959,
            "destination_gate_max": 9.630422015405316e-10,
            "destination_gate_mean": 2.0067428274650467e-10,
            "destination_gate_min": 9.50948074189091e-17,
            "destination_gate_saturation_fraction": 1.0,
            "destination_gate_std": 3.540488735520597e-10,
            "destination_router_weight_rms": 0.34719693660736084,
            "layer": 7,
            "mixer_update_to_state_rms": 9.690331176370748e-11,
            "source_gate_max": 1.999969244003296,
            "source_gate_mean": 0.2538667321205139,
            "source_gate_min": 6.871311852840734e-10,
            "source_gate_saturation_fraction": 1.0,
            "source_gate_std": 0.660034716129303,
            "source_router_weight_rms": 0.2806052565574646
          },
          {
            "destination_gate_max": 4.2543293887753464e-10,
            "destination_gate_mean": 5.331536254149505e-11,
            "destination_gate_min": 1.02512208763566e-16,
            "destination_gate_saturation_fraction": 1.0,
            "destination_gate_std": 1.4065060227608228e-10,
            "destination_router_weight_rms": 0.32783740758895874,
            "layer": 8,
            "mixer_update_to_state_rms": 9.502750138682688e-18,
            "source_gate_max": 0.0039603873156011105,
            "source_gate_mean": 0.000496904831379652,
            "source_gate_min": 2.4286540660500844e-13,
            "source_gate_saturation_fraction": 1.0,
            "source_gate_std": 0.0013091086875647306,
            "source_router_weight_rms": 0.2911580801010132
          },
          {
            "destination_gate_max": 2.7261574941928046e-11,
            "destination_gate_mean": 3.77187907643628e-12,
            "destination_gate_min": 4.653543955073555e-16,
            "destination_gate_saturation_fraction": 1.0,
            "destination_gate_std": 8.92837019594861e-12,
            "destination_router_weight_rms": 0.34785598516464233,
            "layer": 9,
            "mixer_update_to_state_rms": 5.911742047397261e-17,
            "source_gate_max": 5.0445498345652595e-05,
            "source_gate_mean": 1.3422456504486036e-05,
            "source_gate_min": 2.3533557047539233e-11,
            "source_gate_saturation_fraction": 1.0,
            "source_gate_std": 1.8311586245545186e-05,
            "source_router_weight_rms": 0.2917092442512512
          },
          {
            "destination_gate_max": 1.0971097077691616e-12,
            "destination_gate_mean": 1.6695474755294704e-13,
            "destination_gate_min": 1.0098991188633771e-16,
            "destination_gate_saturation_fraction": 1.0,
            "destination_gate_std": 3.546478432106537e-13,
            "destination_router_weight_rms": 0.3477512001991272,
            "layer": 10,
            "mixer_update_to_state_rms": 3.960100951046035e-15,
            "source_gate_max": 0.16259288787841797,
            "source_gate_mean": 0.02055501751601696,
            "source_gate_min": 7.08214181743827e-11,
            "source_gate_saturation_fraction": 0.875,
            "source_gate_std": 0.05368950590491295,
            "source_router_weight_rms": 0.29780930280685425
          },
          {
            "destination_gate_max": 0.00012527601211331785,
            "destination_gate_mean": 1.5659483324270695e-05,
            "destination_gate_min": 1.584357095301815e-17,
            "destination_gate_saturation_fraction": 1.0,
            "destination_gate_std": 4.143235491937958e-05,
            "destination_router_weight_rms": 0.34352320432662964,
            "layer": 11,
            "mixer_update_to_state_rms": 1.4519671822199598e-05,
            "source_gate_max": 2.0,
            "source_gate_mean": 0.25297412276268005,
            "source_gate_min": 1.0797260655004415e-11,
            "source_gate_saturation_fraction": 1.0,
            "source_gate_std": 0.6603797674179077,
            "source_router_weight_rms": 0.30885234475135803
          },
          {
            "destination_gate_max": 2.0,
            "destination_gate_mean": 0.5,
            "destination_gate_min": 1.8245231958922988e-17,
            "destination_gate_saturation_fraction": 1.0,
            "destination_gate_std": 0.8660518527030945,
            "destination_router_weight_rms": 0.3491150438785553,
            "layer": 12,
            "mixer_update_to_state_rms": 2.114021117449738e-05,
            "source_gate_max": 1.3984547853469849,
            "source_gate_mean": 0.1748298853635788,
            "source_gate_min": 3.368230347411405e-11,
            "source_gate_saturation_fraction": 0.875,
            "source_gate_std": 0.46249982714653015,
            "source_router_weight_rms": 0.3503212034702301
          },
          {
            "destination_gate_max": 1.4688623331463437e-16,
            "destination_gate_mean": 2.6289866164105377e-17,
            "destination_gate_min": 6.861044744059686e-21,
            "destination_gate_saturation_fraction": 1.0,
            "destination_gate_std": 4.738851554867291e-17,
            "destination_router_weight_rms": 0.3737501800060272,
            "layer": 13,
            "mixer_update_to_state_rms": 0.0,
            "source_gate_max": 3.0870205591781996e-06,
            "source_gate_mean": 3.8831078086332127e-07,
            "source_gate_min": 1.2373726988781225e-13,
            "source_gate_saturation_fraction": 1.0,
            "source_gate_std": 1.0200599263043841e-06,
            "source_router_weight_rms": 0.29174989461898804
          },
          {
            "destination_gate_max": 2.5008334365492733e-14,
            "destination_gate_mean": 3.145951093353567e-15,
            "destination_gate_min": 1.4643315750142796e-22,
            "destination_gate_saturation_fraction": 1.0,
            "destination_gate_std": 8.263495885284765e-15,
            "destination_router_weight_rms": 0.3810712695121765,
            "layer": 14,
            "mixer_update_to_state_rms": 8.675134627650805e-16,
            "source_gate_max": 1.7795659303665161,
            "source_gate_mean": 0.2224460244178772,
            "source_gate_min": 9.516085835992172e-13,
            "source_gate_saturation_fraction": 0.875,
            "source_gate_std": 0.5885538458824158,
            "source_router_weight_rms": 0.30213773250579834
          },
          {
            "absolute_path_cosine": 0.0030425633303821087,
            "destination_gate_max": 3.979751268389387e-15,
            "destination_gate_mean": 5.924884292969504e-16,
            "destination_gate_min": 4.64768035398655e-20,
            "destination_gate_saturation_fraction": 1.0,
            "destination_gate_std": 1.284588568465717e-15,
            "destination_router_weight_rms": 0.3649538457393646,
            "layer": 15,
            "mixer_update_to_state_rms": 0.0,
            "source_gate_max": 1.4819767102380865e-06,
            "source_gate_mean": 1.9021692310161598e-07,
            "source_gate_min": 4.095480465177159e-13,
            "source_gate_saturation_fraction": 1.0,
            "source_gate_std": 4.883435167357675e-07,
            "source_router_weight_rms": 0.3137042224407196
          },
          {
            "destination_gate_max": 4.091978475219372e-15,
            "destination_gate_mean": 5.432596684959185e-16,
            "destination_gate_min": 6.076671132103061e-21,
            "destination_gate_saturation_fraction": 1.0,
            "destination_gate_std": 1.342277547283484e-15,
            "destination_router_weight_rms": 0.37870606780052185,
            "layer": 16,
            "mixer_update_to_state_rms": 0.0,
            "source_gate_max": 7.561811230516469e-07,
            "source_gate_mean": 9.499694186843044e-08,
            "source_gate_min": 1.6964660470679405e-14,
            "source_gate_saturation_fraction": 1.0,
            "source_gate_std": 2.4991396685436484e-07,
            "source_router_weight_rms": 0.32062917947769165
          },
          {
            "destination_gate_max": 3.3599019400032404e-11,
            "destination_gate_mean": 4.1998778586849195e-12,
            "destination_gate_min": 4.869853957934904e-20,
            "destination_gate_saturation_fraction": 1.0,
            "destination_gate_std": 1.1112133782575917e-11,
            "destination_router_weight_rms": 0.37065601348876953,
            "layer": 17,
            "mixer_update_to_state_rms": 6.084227089156458e-13,
            "source_gate_max": 0.5618149042129517,
            "source_gate_mean": 0.07022680342197418,
            "source_gate_min": 1.2455139062874716e-16,
            "source_gate_saturation_fraction": 0.875,
            "source_gate_std": 0.18580828607082367,
            "source_router_weight_rms": 0.3175802230834961
          },
          {
            "destination_gate_max": 1.2189431974161534e-15,
            "destination_gate_mean": 1.5994228004960394e-16,
            "destination_gate_min": 5.3226770206121534e-21,
            "destination_gate_saturation_fraction": 1.0,
            "destination_gate_std": 4.007190053682743e-16,
            "destination_router_weight_rms": 0.3862929344177246,
            "layer": 18,
            "mixer_update_to_state_rms": 0.0,
            "source_gate_max": 2.9063695894393504e-09,
            "source_gate_mean": 4.338032988382423e-10,
            "source_gate_min": 3.4998677167377788e-15,
            "source_gate_saturation_fraction": 1.0,
            "source_gate_std": 9.426185387795272e-10,
            "source_router_weight_rms": 0.3159271478652954
          },
          {
            "destination_gate_max": 6.765567923602833e-14,
            "destination_gate_mean": 8.494579178789947e-15,
            "destination_gate_min": 6.742851065160292e-23,
            "destination_gate_saturation_fraction": 1.0,
            "destination_gate_std": 2.236156477542807e-14,
            "destination_router_weight_rms": 0.3881267309188843,
            "layer": 19,
            "mixer_update_to_state_rms": 3.799128118688957e-22,
            "source_gate_max": 0.0005212890682742,
            "source_gate_mean": 6.5294821979478e-05,
            "source_gate_min": 6.411048043353587e-14,
            "source_gate_saturation_fraction": 1.0,
            "source_gate_std": 0.00017235480481758714,
            "source_router_weight_rms": 0.313598096370697
          },
          {
            "destination_gate_max": 2.088808455629615e-13,
            "destination_gate_mean": 2.611307878101505e-14,
            "destination_gate_min": 8.242417949329916e-20,
            "destination_gate_saturation_fraction": 1.0,
            "destination_gate_std": 6.908147963174613e-14,
            "destination_router_weight_rms": 0.3770337700843811,
            "layer": 20,
            "mixer_update_to_state_rms": 0.0,
            "source_gate_max": 1.9552956587176595e-07,
            "source_gate_mean": 2.4573116874648804e-08,
            "source_gate_min": 3.0141164502231845e-16,
            "source_gate_saturation_fraction": 1.0,
            "source_gate_std": 6.461742430019513e-08,
            "source_router_weight_rms": 0.31800195574760437
          },
          {
            "destination_gate_max": 2.801151720855364e-15,
            "destination_gate_mean": 4.0350558494606334e-16,
            "destination_gate_min": 9.978192487521943e-21,
            "destination_gate_saturation_fraction": 1.0,
            "destination_gate_std": 9.126044146792159e-16,
            "destination_router_weight_rms": 0.3823552131652832,
            "layer": 21,
            "mixer_update_to_state_rms": 0.0,
            "source_gate_max": 1.585187953123679e-10,
            "source_gate_mean": 3.156704411755307e-11,
            "source_gate_min": 8.989745322392391e-15,
            "source_gate_saturation_fraction": 1.0,
            "source_gate_std": 5.508483252869567e-11,
            "source_router_weight_rms": 0.31202733516693115
          },
          {
            "destination_gate_max": 3.413407781558862e-17,
            "destination_gate_mean": 4.385072197142649e-18,
            "destination_gate_min": 5.151658236760382e-21,
            "destination_gate_saturation_fraction": 1.0,
            "destination_gate_std": 1.1244843793917343e-17,
            "destination_router_weight_rms": 0.38899555802345276,
            "layer": 22,
            "mixer_update_to_state_rms": 1.6317067807387908e-22,
            "source_gate_max": 0.00048080924898386,
            "source_gate_mean": 6.0102702263975516e-05,
            "source_gate_min": 3.9881829392782175e-13,
            "source_gate_saturation_fraction": 1.0,
            "source_gate_std": 0.00015901682490948588,
            "source_router_weight_rms": 0.2819119989871979
          },
          {
            "absolute_path_cosine": 0.00180119089782238,
            "destination_gate_max": 1.7152002135755427e-14,
            "destination_gate_mean": 2.1491184635532125e-15,
            "destination_gate_min": 7.128784690649775e-20,
            "destination_gate_saturation_fraction": 1.0,
            "destination_gate_std": 5.670717445827511e-15,
            "destination_router_weight_rms": 0.37113189697265625,
            "layer": 23,
            "mixer_update_to_state_rms": 0.0,
            "source_gate_max": 0.00023551548656541854,
            "source_gate_mean": 2.9440017897286452e-05,
            "source_gate_min": 5.837809305991762e-16,
            "source_gate_saturation_fraction": 1.0,
            "source_gate_std": 7.789137453073636e-05,
            "source_router_weight_rms": 0.31305456161499023
          },
          {
            "destination_gate_max": 1.6194130096618124e-17,
            "destination_gate_mean": 4.101410871992596e-18,
            "destination_gate_min": 9.055771720956237e-20,
            "destination_gate_saturation_fraction": 1.0,
            "destination_gate_std": 5.590966286214811e-18,
            "destination_router_weight_rms": 0.3790741562843323,
            "layer": 24,
            "mixer_update_to_state_rms": 0.0,
            "source_gate_max": 5.1137198642248194e-11,
            "source_gate_mean": 1.0416488852027506e-11,
            "source_gate_min": 1.868327041538412e-15,
            "source_gate_saturation_fraction": 1.0,
            "source_gate_std": 1.630130232188609e-11,
            "source_router_weight_rms": 0.31578290462493896
          },
          {
            "destination_gate_max": 7.572195292278647e-17,
            "destination_gate_mean": 1.0973872660134772e-17,
            "destination_gate_min": 1.3408392549918574e-20,
            "destination_gate_saturation_fraction": 1.0,
            "destination_gate_std": 2.4545936167910855e-17,
            "destination_router_weight_rms": 0.3830702006816864,
            "layer": 25,
            "mixer_update_to_state_rms": 0.0,
            "source_gate_max": 8.402948559194101e-09,
            "source_gate_mean": 1.0836479491516116e-09,
            "source_gate_min": 2.6390372909869755e-16,
            "source_gate_saturation_fraction": 1.0,
            "source_gate_std": 2.766965767619922e-09,
            "source_router_weight_rms": 0.31883519887924194
          },
          {
            "destination_gate_max": 7.849212785466736e-18,
            "destination_gate_mean": 1.6853956975205495e-18,
            "destination_gate_min": 7.821139387000634e-20,
            "destination_gate_saturation_fraction": 1.0,
            "destination_gate_std": 2.401907712522531e-18,
            "destination_router_weight_rms": 0.38973328471183777,
            "layer": 26,
            "mixer_update_to_state_rms": 0.0,
            "source_gate_max": 1.8523599010222824e-07,
            "source_gate_mean": 2.3171258689558272e-08,
            "source_gate_min": 3.184124433066595e-16,
            "source_gate_saturation_fraction": 1.0,
            "source_gate_std": 6.125649321120363e-08,
            "source_router_weight_rms": 0.3229712247848511
          },
          {
            "destination_gate_max": 4.91326839714072e-15,
            "destination_gate_mean": 6.28057830911441e-16,
            "destination_gate_min": 1.7468512620759357e-19,
            "destination_gate_saturation_fraction": 1.0,
            "destination_gate_std": 1.6199211831080507e-15,
            "destination_router_weight_rms": 0.37380629777908325,
            "layer": 27,
            "mixer_update_to_state_rms": 0.0,
            "source_gate_max": 2.6799307217828527e-09,
            "source_gate_mean": 7.856043593434947e-10,
            "source_gate_min": 2.6334656670786143e-16,
            "source_gate_saturation_fraction": 1.0,
            "source_gate_std": 1.0527850813346618e-09,
            "source_router_weight_rms": 0.32094806432724
          },
          {
            "destination_gate_max": 3.53293101255914e-16,
            "destination_gate_mean": 1.0725801525302364e-16,
            "destination_gate_min": 5.450381978027749e-19,
            "destination_gate_saturation_fraction": 1.0,
            "destination_gate_std": 1.183843554980254e-16,
            "destination_router_weight_rms": 0.37698182463645935,
            "layer": 28,
            "mixer_update_to_state_rms": 0.0,
            "source_gate_max": 8.698594911038526e-08,
            "source_gate_mean": 2.507729490730526e-08,
            "source_gate_min": 9.295436971957626e-16,
            "source_gate_saturation_fraction": 1.0,
            "source_gate_std": 3.4950598859495585e-08,
            "source_router_weight_rms": 0.30398356914520264
          },
          {
            "destination_gate_max": 5.178332534907376e-15,
            "destination_gate_mean": 1.606243506834025e-15,
            "destination_gate_min": 4.721778216151952e-17,
            "destination_gate_saturation_fraction": 1.0,
            "destination_gate_std": 1.6070252123652224e-15,
            "destination_router_weight_rms": 0.38255393505096436,
            "layer": 29,
            "mixer_update_to_state_rms": 0.0,
            "source_gate_max": 7.965427784029089e-08,
            "source_gate_mean": 1.2322812104059722e-08,
            "source_gate_min": 2.2624165995493994e-13,
            "source_gate_saturation_fraction": 1.0,
            "source_gate_std": 2.6055744228870026e-08,
            "source_router_weight_rms": 0.3140171766281128
          },
          {
            "destination_gate_max": 2.6796263125072883e-11,
            "destination_gate_mean": 3.5372843976838597e-12,
            "destination_gate_min": 2.9412988276927452e-15,
            "destination_gate_saturation_fraction": 1.0,
            "destination_gate_std": 8.796406311684102e-12,
            "destination_router_weight_rms": 0.3765924274921417,
            "layer": 30,
            "mixer_update_to_state_rms": 4.980259386035362e-22,
            "source_gate_max": 4.835001732317323e-07,
            "source_gate_mean": 6.105274508172442e-08,
            "source_gate_min": 7.984867107790894e-12,
            "source_gate_saturation_fraction": 1.0,
            "source_gate_std": 1.596762331246282e-07,
            "source_router_weight_rms": 0.33029013872146606
          },
          {
            "absolute_path_cosine": 0.0027494383975863457,
            "destination_gate_max": 1.8815098090652072e-10,
            "destination_gate_mean": 3.393208630741995e-11,
            "destination_gate_min": 2.13861350503719e-12,
            "destination_gate_saturation_fraction": 1.0,
            "destination_gate_std": 6.068659463842607e-11,
            "destination_router_weight_rms": 0.3835732340812683,
            "layer": 31,
            "mixer_update_to_state_rms": 9.248580697502294e-17,
            "source_gate_max": 0.00020553577633108944,
            "source_gate_mean": 2.645076165208593e-05,
            "source_gate_min": 1.5531296249093884e-09,
            "source_gate_saturation_fraction": 1.0,
            "source_gate_std": 6.77171628922224e-05,
            "source_router_weight_rms": 0.31255167722702026
          }
        ],
        "source": {
          "maximum_layer_gate_std": 0.9353720545768738,
          "mean_gate_mean": 0.16948409498653316,
          "mean_gate_std": 0.2388406617538437,
          "mean_router_weight_rms": 0.3119843201711774,
          "mean_saturation_fraction": 0.9424629211425781
        }
      },
      "schema": "exp16-router-training-cell-v1",
      "seed": 23,
      "status": "complete",
      "steps": 77,
      "target_tokens": 10000000,
      "track": {
        "batch": 512,
        "model": "bi-r8",
        "name": "bi-router-10x",
        "router_lr_multiplier": 10.0
      },
      "validation": {
        "nll": 7.387778669595718,
        "position_nll": [
          7.34926382638514,
          7.398191480431706,
          7.464439167641103,
          7.46863006381318,
          7.330690121278167,
          7.296182775404304,
          7.539417838677764,
          7.615320519078523,
          7.237039616331458,
          7.37827284168452,
          7.2380583505146205,
          7.426274345256388,
          7.7601505112834275,
          7.501805359963328,
          7.169800702016801,
          7.369347531348467,
          7.177432390861213,
          7.313550818245858,
          7.611445612739772,
          7.394954863935709,
          7.480311909690499,
          7.400795609690249,
          7.45511461282149,
          7.343597561586648,
          7.2964837034232914,
          7.411484455224127,
          7.421137850731611,
          7.3475028639659286,
          7.265811239369214,
          7.3689237157814205,
          7.2206504959613085,
          7.498057349119335,
          7.304454011376947,
          7.320099687203765,
          7.402255712077022,
          7.320755349937826,
          7.149095391854644,
          7.383100569713861,
          7.3427087208256125,
          7.287098816595972,
          7.5318962866440415,
          7.2497016419656575,
          7.459220328833908,
          7.236897422932088,
          7.43958970811218,
          7.205948978662491,
          7.54802479641512,
          7.398524118121713,
          7.407549526076764,
          7.467838907148689,
          7.3209201213903725,
          7.348143725190312,
          7.321895477361977,
          7.348773753270507,
          7.255434879567474,
          7.381345085799694,
          7.569663987960666,
          7.279516747687012,
          7.23865868197754,
          7.208531844895333,
          7.338235849048942,
          7.247566568665206,
          7.411763819400221,
          7.383850647136569,
          7.611380745656788,
          7.38994443975389,
          7.278956900816411,
          7.48430026602,
          7.5507083418779075,
          7.3797120321542025,
          6.987536656204611,
          7.353709585033357,
          7.408739546779543,
          7.366486875806004,
          7.3517033867537975,
          7.328784315381199,
          7.313642587978393,
          7.37372179934755,
          7.475364769808948,
          7.360740331467241,
          7.415829088073224,
          7.4452076819725335,
          7.392068293876946,
          7.29060281580314,
          7.0437057563103735,
          7.561899620573968,
          7.536408043000847,
          7.485197390895337,
          7.4167370442301035,
          7.468773857224733,
          7.459079731721431,
          7.510307354852557,
          7.577170725911856,
          7.383344232104719,
          7.322314742486924,
          7.267462556250393,
          7.378733552992344,
          7.384664855897427,
          7.324167500715703,
          7.332443298306316,
          7.582648615352809,
          7.363889329135418,
          6.993430626112968,
          7.529071087948978,
          7.380541677121073,
          7.377678296994418,
          7.339991504326463,
          7.211006487719715,
          7.303353601600975,
          7.387849695980549,
          7.144381585996598,
          7.358031600248069,
          7.1163667985238135,
          7.50324472412467,
          7.378088423516601,
          7.2610218659974635,
          7.523950859438628,
          7.26600071368739,
          7.3381967092864215,
          7.352947956882417,
          7.602224898524582,
          7.237741305027157,
          7.17444256786257,
          7.469102005939931,
          7.348670892883092,
          7.376641739625484,
          7.47989060357213,
          7.319925803691149,
          7.513360070064664,
          7.476404375396669,
          7.260701764374971,
          7.5173489027656615,
          7.523283320013434,
          7.382904665078968,
          7.5690997783094645,
          7.643623964395374,
          7.3043788224458694,
          7.365199991501868,
          7.254865451250225,
          7.388341187033802,
          7.285727116279304,
          7.485199351329356,
          7.663670140784234,
          7.446474166121334,
          7.343089196830988,
          7.393717274069786,
          7.341790357604623,
          7.436530580744147,
          7.431302438955754,
          7.364411626011133,
          7.457224013283849,
          7.446698547806591,
          7.41233512153849,
          7.196908134967089,
          7.388664426282048,
          7.270216616336256,
          7.418518996331841,
          7.404805205762386,
          7.350990562234074,
          7.458591761533171,
          7.232789745088667,
          7.242809681221843,
          7.393731295131147,
          7.527316357940435,
          7.384212473873049,
          7.384075984824449,
          7.435868640430272,
          7.294201496988535,
          7.46729400055483,
          7.48299055127427,
          7.300030673388392,
          7.355777879245579,
          7.285250032320619,
          7.391591880470514,
          7.526575562078506,
          7.323451717849821,
          7.452341898344457,
          7.55999281257391,
          7.432298666797578,
          7.199132286943495,
          7.3354369648732245,
          7.468159400857985,
          7.354911534581333,
          7.479200346395373,
          7.571057721506804,
          7.271797207649797,
          7.291863959748298,
          7.5238659447059035,
          7.6574910609051585,
          7.40737991547212,
          7.439306301530451,
          7.570494986604899,
          7.3504975526593626,
          7.312983231619,
          7.502406313084066,
          7.401301553007215,
          7.560646985657513,
          7.45248878467828,
          7.23959920508787,
          7.2936451765708625,
          7.165287653449923,
          7.358920451253653,
          7.4251344641670585,
          7.494369488675147,
          7.3930079666897655,
          7.543695840984583,
          7.407664881553501,
          7.134156744927168,
          7.455800191033632,
          7.4183124313130975,
          7.31601129565388,
          7.5395288891159,
          7.415461084805429,
          7.407361788209528,
          7.527038099244237,
          7.38766660541296,
          7.286512522492558,
          7.527760522905737,
          7.250762845389545,
          7.428894006181508,
          7.459277067799121,
          7.438956506084651,
          7.444080853369087,
          7.355094329919666,
          7.386381394695491,
          7.323254237417132,
          7.657375333365053,
          7.346439000684768,
          7.490801645908505,
          7.400758979842067,
          7.363711927551776,
          7.590409621596336,
          7.196163925807923,
          7.344779137521982,
          7.5470808474346995,
          7.525882123503834,
          7.549603309016675,
          7.348677193745971,
          7.311314085032791,
          7.52120603621006,
          7.42493613017723,
          7.249552075751126,
          7.450314288958907,
          7.434204373508692,
          7.522895000409335,
          7.3020967724733055,
          7.392331109382212,
          7.420031149871647,
          7.398082953412086,
          7.39376590680331,
          7.41420624544844,
          7.098705202806741,
          7.5369099718518555,
          7.255864849779755,
          7.440057522151619,
          7.309061101637781
        ],
        "prediction_shift_tokens": 16,
        "tokens": 131072
      }
    }
  ],
  "screen_gates": {
    "minimum_ablation_effect": 0.002,
    "minimum_gate_std": 0.02,
    "minimum_loss_win": 0.005
  },
  "status": "complete",
  "verdict": "stop_router_not_causally_useful",
  "wandb_url": "https://wandb.ai/lev-tear-tear-labs/exp16-router-diagnostics/runs/e7vf53oi"
}
